{
    "RunNumber": "24044",
    "ecDI_B_Set_NMR": {
        "average": 0.41914,
        "current size": 1612,
        "first": 0.41914,
        "maximum": 0.41914,
        "minimum": 0.41914,
        "most_common": 0.41914,
        "num_of_undefined": 0,
        "standard_deviation": 1.6653345369377348e-16
    },
    "ecDI_B_True_NMR": {
        "average": 1.05557,
        "current size": 1612,
        "first": 1.05554,
        "maximum": 1.05566,
        "minimum": 1.05548,
        "most_common": 1.05555,
        "num_of_undefined": 0,
        "standard_deviation": 3.41022036858042e-05
    },
    "ecDI_I_coarse": {
        "average": 464.6675,
        "current size": 1612,
        "first": 464.691,
        "maximum": 464.691,
        "minimum": 464.644,
        "most_common": 464.644,
        "num_of_undefined": 0,
        "standard_deviation": 0.02282350168815593
    },
    "ecDI_Set_Current": {
        "average": 467.537,
        "current size": 1612,
        "first": 467.537,
        "maximum": 467.537,
        "minimum": 467.537,
        "most_common": 467.537,
        "num_of_undefined": 0,
        "standard_deviation": 5.684341886080802e-14
    },
    "ecQ1_I_coarse": {
        "average": 199.2695,
        "current size": 1612,
        "first": 199.26,
        "maximum": 199.279,
        "minimum": 199.26,
        "most_common": 199.279,
        "num_of_undefined": 0,
        "standard_deviation": 0.009497074834892493
    },
    "ecQ1_Set_Current": {
        "average": 199.38,
        "current size": 1612,
        "first": 199.38,
        "maximum": 199.38,
        "minimum": 199.38,
        "most_common": 199.38,
        "num_of_undefined": 0,
        "standard_deviation": 2.842170943040401e-14
    },
    "ecQ2_I_coarse": {
        "average": 158.31099999999998,
        "current size": 1612,
        "first": 158.321,
        "maximum": 158.321,
        "minimum": 158.301,
        "most_common": 158.321,
        "num_of_undefined": 0,
        "standard_deviation": 0.007803763109367894
    },
    "ecQ2_Set_Current": {
        "average": 158.436,
        "current size": 1612,
        "first": 158.436,
        "maximum": 158.436,
        "minimum": 158.436,
        "most_common": 158.436,
        "num_of_undefined": 0,
        "standard_deviation": 0.0
    },
    "ecQ3_I_coarse": {
        "average": 76.5091,
        "current size": 1612,
        "first": 76.4993,
        "maximum": 76.5189,
        "minimum": 76.4993,
        "most_common": 76.5189,
        "num_of_undefined": 0,
        "standard_deviation": 0.009785386465298676
    },
    "ecQ3_Set_Current": {
        "average": 76.9636,
        "current size": 1612,
        "first": 76.9636,
        "maximum": 76.9636,
        "minimum": 76.9636,
        "most_common": 76.9636,
        "num_of_undefined": 0,
        "standard_deviation": 1.4210854715202004e-14
    },
    "ecSDI_I_coarse": {
        "average": 1553.125,
        "current size": 1612,
        "first": 1553.19,
        "maximum": 1553.19,
        "minimum": 1553.06,
        "most_common": 1553.06,
        "num_of_undefined": 0,
        "standard_deviation": 0.044628189949769755
    },
    "ecSDI_Set_Current": {
        "average": 1553.19,
        "current size": 1612,
        "first": 1553.19,
        "maximum": 1553.19,
        "minimum": 1553.19,
        "most_common": 1553.19,
        "num_of_undefined": 0,
        "standard_deviation": 0.0
    },
    "ecSHB_I_coarse": {
        "average": 1621.865,
        "current size": 1612,
        "first": 1621.94,
        "maximum": 1621.94,
        "minimum": 1621.79,
        "most_common": 1621.94,
        "num_of_undefined": 0,
        "standard_deviation": 0.04934280573145251
    },
    "ecSHB_Set_Current": {
        "average": 1624.37,
        "current size": 1612,
        "first": 1624.37,
        "maximum": 1624.37,
        "minimum": 1624.37,
        "most_common": 1624.37,
        "num_of_undefined": 0,
        "standard_deviation": 4.547473508864641e-13
    },
    "ecSQ1_I_coarse": {
        "average": 1022.44,
        "current size": 1612,
        "first": 1022.47,
        "maximum": 1022.47,
        "minimum": 1022.41,
        "most_common": 1022.47,
        "num_of_undefined": 0,
        "standard_deviation": 0.022136234294611274
    },
    "ecSQ1_Set_Current": {
        "average": 1022.13,
        "current size": 1612,
        "first": 1022.13,
        "maximum": 1022.13,
        "minimum": 1022.13,
        "most_common": 1022.13,
        "num_of_undefined": 0,
        "standard_deviation": 2.2737367544323206e-13
    },
    "ecSQ2_I_coarse": {
        "average": 1715.73,
        "current size": 1612,
        "first": 1715.76,
        "maximum": 1715.76,
        "minimum": 1715.7,
        "most_common": 1715.76,
        "num_of_undefined": 0,
        "standard_deviation": 0.01363075878698107
    },
    "ecSQ2_Set_Current": {
        "average": 1716.85,
        "current size": 1612,
        "first": 1716.85,
        "maximum": 1716.85,
        "minimum": 1716.85,
        "most_common": 1716.85,
        "num_of_undefined": 0,
        "standard_deviation": 4.547473508864641e-13
    },
    "ecSQ3_I_coarse": {
        "average": 1130.6950000000002,
        "current size": 1612,
        "first": 1130.69,
        "maximum": 1130.76,
        "minimum": 1130.63,
        "most_common": 1130.69,
        "num_of_undefined": 0,
        "standard_deviation": 0.019364189380869427
    },
    "ecSQ3_Set_Current": {
        "average": 1129.67,
        "current size": 1612,
        "first": 1129.67,
        "maximum": 1129.67,
        "minimum": 1129.67,
        "most_common": 1129.67,
        "num_of_undefined": 0,
        "standard_deviation": 0.0
    },
    "ecHMS_Angle": {
        "average": 29.06,
        "current size": 1612,
        "first": 29.06,
        "maximum": 29.06,
        "minimum": 29.06,
        "most_common": 29.06,
        "num_of_undefined": 0,
        "standard_deviation": 3.552713678800501e-15
    },
    "ecSHMS_Angle": {
        "average": 7.86,
        "current size": 1612,
        "first": 7.86,
        "maximum": 7.86,
        "minimum": 7.86,
        "most_common": 7.86,
        "num_of_undefined": 0,
        "standard_deviation": 8.881784197001252e-16
    },
    "hcBDSPOS": {
        "average": 5460580.0,
        "current size": 1612,
        "first": 5460580.0,
        "maximum": 5460580.0,
        "minimum": 5460580.0,
        "most_common": 5460580.0,
        "num_of_undefined": 0,
        "standard_deviation": 0.0
    }
}