{
    "RunNumber": "24136",
    "ecDI_B_Set_NMR": {
        "average": 0.41914,
        "current size": 753,
        "first": 0.41914,
        "maximum": 0.41914,
        "minimum": 0.41914,
        "most_common": 0.41914,
        "num_of_undefined": 7,
        "standard_deviation": 5.551115123125783e-17
    },
    "ecDI_B_True_NMR": {
        "average": 0.631846,
        "current size": 753,
        "first": 0.408846,
        "maximum": 0.931256,
        "minimum": 0.332436,
        "most_common": 0.36775,
        "num_of_undefined": 8,
        "standard_deviation": 0.09219900584876707
    },
    "ecDI_I_coarse": {
        "average": 464.6205,
        "current size": 753,
        "first": 464.644,
        "maximum": 464.644,
        "minimum": 464.597,
        "most_common": 464.644,
        "num_of_undefined": 1,
        "standard_deviation": 0.013298848634381537
    },
    "ecDI_Set_Current": {
        "average": 467.537,
        "current size": 753,
        "first": 467.537,
        "maximum": 467.537,
        "minimum": 467.537,
        "most_common": 467.537,
        "num_of_undefined": 3,
        "standard_deviation": 0.0
    },
    "ecQ1_I_coarse": {
        "average": 199.25,
        "current size": 753,
        "first": 199.26,
        "maximum": 199.26,
        "minimum": 199.24,
        "most_common": 199.26,
        "num_of_undefined": 1,
        "standard_deviation": 0.005884815611032661
    },
    "ecQ1_Set_Current": {
        "average": 199.38,
        "current size": 753,
        "first": 199.38,
        "maximum": 199.38,
        "minimum": 199.38,
        "most_common": 199.38,
        "num_of_undefined": 9,
        "standard_deviation": 5.684341886080802e-14
    },
    "ecQ2_I_coarse": {
        "average": 158.31099999999998,
        "current size": 753,
        "first": 158.301,
        "maximum": 158.321,
        "minimum": 158.301,
        "most_common": 158.301,
        "num_of_undefined": 1,
        "standard_deviation": 0.00993439178353398
    },
    "ecQ2_Set_Current": {
        "average": 158.436,
        "current size": 753,
        "first": 158.436,
        "maximum": 158.436,
        "minimum": 158.436,
        "most_common": 158.436,
        "num_of_undefined": 10,
        "standard_deviation": 2.842170943040401e-14
    },
    "ecQ3_I_coarse": {
        "average": 76.5091,
        "current size": 753,
        "first": 76.4993,
        "maximum": 76.5189,
        "minimum": 76.4993,
        "most_common": 76.4993,
        "num_of_undefined": 1,
        "standard_deviation": 0.009461277913927459
    },
    "ecQ3_Set_Current": {
        "average": 76.9636,
        "current size": 753,
        "first": 76.9636,
        "maximum": 76.9636,
        "minimum": 76.9636,
        "most_common": 76.9636,
        "num_of_undefined": 12,
        "standard_deviation": 2.842170943040401e-14
    },
    "ecSDI_I_coarse": {
        "average": 1158.605,
        "current size": 753,
        "first": 1158.54,
        "maximum": 1158.67,
        "minimum": 1158.54,
        "most_common": 1158.54,
        "num_of_undefined": 1,
        "standard_deviation": 0.008194586575984928
    },
    "ecSDI_Set_Current": {
        "average": 1158.83,
        "current size": 753,
        "first": 1158.83,
        "maximum": 1158.83,
        "minimum": 1158.83,
        "most_common": 1158.83,
        "num_of_undefined": 13,
        "standard_deviation": 0.0
    },
    "ecSHB_I_coarse": {
        "average": 1203.475,
        "current size": 753,
        "first": 1203.55,
        "maximum": 1203.55,
        "minimum": 1203.4,
        "most_common": 1203.55,
        "num_of_undefined": 1,
        "standard_deviation": 0.069607217063042
    },
    "ecSHB_Set_Current": {
        "average": 1205.47,
        "current size": 753,
        "first": 1205.47,
        "maximum": 1205.47,
        "minimum": 1205.47,
        "most_common": 1205.47,
        "num_of_undefined": 14,
        "standard_deviation": 2.2737367544323206e-13
    },
    "ecSQ1_I_coarse": {
        "average": 762.8205,
        "current size": 753,
        "first": 762.821,
        "maximum": 762.883,
        "minimum": 762.758,
        "most_common": 762.821,
        "num_of_undefined": 1,
        "standard_deviation": 0.02552100927884521
    },
    "ecSQ1_Set_Current": {
        "average": 762.61,
        "current size": 753,
        "first": 762.61,
        "maximum": 762.61,
        "minimum": 762.61,
        "most_common": 762.61,
        "num_of_undefined": 15,
        "standard_deviation": 1.1368683772161603e-13
    },
    "ecSQ2_I_coarse": {
        "average": 1280.24,
        "current size": 753,
        "first": 1280.21,
        "maximum": 1280.27,
        "minimum": 1280.21,
        "most_common": 1280.21,
        "num_of_undefined": 1,
        "standard_deviation": 0.003090146286864809
    },
    "ecSQ2_Set_Current": {
        "average": 1280.94,
        "current size": 753,
        "first": 1280.94,
        "maximum": 1280.94,
        "minimum": 1280.94,
        "most_common": 1280.94,
        "num_of_undefined": 16,
        "standard_deviation": 2.2737367544323206e-13
    },
    "ecSQ3_I_coarse": {
        "average": 843.5855,
        "current size": 753,
        "first": 843.586,
        "maximum": 843.648,
        "minimum": 843.523,
        "most_common": 843.586,
        "num_of_undefined": 2,
        "standard_deviation": 0.03173069595662892
    },
    "ecSQ3_Set_Current": {
        "average": 842.846,
        "current size": 753,
        "first": 842.846,
        "maximum": 842.846,
        "minimum": 842.846,
        "most_common": 842.846,
        "num_of_undefined": 6,
        "standard_deviation": 2.2737367544323206e-13
    },
    "ecHMS_Angle": {
        "average": 29.06,
        "current size": 753,
        "first": 29.06,
        "maximum": 29.06,
        "minimum": 29.06,
        "most_common": 29.06,
        "num_of_undefined": 1,
        "standard_deviation": 3.552713678800501e-15
    },
    "ecSHMS_Angle": {
        "average": 7.86,
        "current size": 753,
        "first": 7.86,
        "maximum": 7.86,
        "minimum": 7.86,
        "most_common": 7.86,
        "num_of_undefined": 1,
        "standard_deviation": 8.881784197001252e-16
    },
    "hcBDSPOS": {
        "average": 24018300.0,
        "current size": 753,
        "first": 24018300.0,
        "maximum": 24018300.0,
        "minimum": 24018300.0,
        "most_common": 24018300.0,
        "num_of_undefined": 0,
        "standard_deviation": 0.0
    }
}