{
    "RunNumber": "24183",
    "ecDI_B_Set_NMR": {
        "average": 0.41914,
        "current size": 699,
        "first": 0.41914,
        "maximum": 0.41914,
        "minimum": 0.41914,
        "most_common": 0.41914,
        "num_of_undefined": 0,
        "standard_deviation": 1.1102230246251565e-16
    },
    "ecDI_B_True_NMR": {
        "average": 0.42076199999999997,
        "current size": 699,
        "first": 0.424124,
        "maximum": 0.444057,
        "minimum": 0.397467,
        "most_common": 0.41854,
        "num_of_undefined": 0,
        "standard_deviation": 0.009531948659518527
    },
    "ecDI_I_coarse": {
        "average": 464.6205,
        "current size": 699,
        "first": 464.597,
        "maximum": 464.644,
        "minimum": 464.597,
        "most_common": 464.597,
        "num_of_undefined": 0,
        "standard_deviation": 0.013065820124071916
    },
    "ecDI_Set_Current": {
        "average": 467.537,
        "current size": 699,
        "first": 467.537,
        "maximum": 467.537,
        "minimum": 467.537,
        "most_common": 467.537,
        "num_of_undefined": 0,
        "standard_deviation": 5.684341886080802e-14
    },
    "ecQ1_I_coarse": {
        "average": 199.2695,
        "current size": 699,
        "first": 199.26,
        "maximum": 199.279,
        "minimum": 199.26,
        "most_common": 199.26,
        "num_of_undefined": 0,
        "standard_deviation": 0.0018918142499850987
    },
    "ecQ1_Set_Current": {
        "average": 199.38,
        "current size": 699,
        "first": 199.38,
        "maximum": 199.38,
        "minimum": 199.38,
        "most_common": 199.38,
        "num_of_undefined": 0,
        "standard_deviation": 0.0
    },
    "ecQ2_I_coarse": {
        "average": 158.31099999999998,
        "current size": 699,
        "first": 158.321,
        "maximum": 158.321,
        "minimum": 158.301,
        "most_common": 158.301,
        "num_of_undefined": 0,
        "standard_deviation": 0.00956900829974653
    },
    "ecQ2_Set_Current": {
        "average": 158.436,
        "current size": 699,
        "first": 158.436,
        "maximum": 158.436,
        "minimum": 158.436,
        "most_common": 158.436,
        "num_of_undefined": 0,
        "standard_deviation": 0.0
    },
    "ecQ3_I_coarse": {
        "average": 76.5091,
        "current size": 699,
        "first": 76.4993,
        "maximum": 76.5189,
        "minimum": 76.4993,
        "most_common": 76.4993,
        "num_of_undefined": 0,
        "standard_deviation": 0.007693304669897633
    },
    "ecQ3_Set_Current": {
        "average": 76.9636,
        "current size": 699,
        "first": 76.9636,
        "maximum": 76.9636,
        "minimum": 76.9636,
        "most_common": 76.9636,
        "num_of_undefined": 0,
        "standard_deviation": 0.0
    },
    "ecSDI_I_coarse": {
        "average": 1158.605,
        "current size": 699,
        "first": 1158.54,
        "maximum": 1158.67,
        "minimum": 1158.54,
        "most_common": 1158.54,
        "num_of_undefined": 0,
        "standard_deviation": 0.06398575980393659
    },
    "ecSDI_Set_Current": {
        "average": 1158.83,
        "current size": 699,
        "first": 1158.83,
        "maximum": 1158.83,
        "minimum": 1158.83,
        "most_common": 1158.83,
        "num_of_undefined": 0,
        "standard_deviation": 2.2737367544323206e-13
    },
    "ecSHB_I_coarse": {
        "average": 1203.475,
        "current size": 699,
        "first": 1203.4,
        "maximum": 1203.55,
        "minimum": 1203.4,
        "most_common": 1203.55,
        "num_of_undefined": 0,
        "standard_deviation": 0.07494402855369278
    },
    "ecSHB_Set_Current": {
        "average": 1205.47,
        "current size": 699,
        "first": 1205.47,
        "maximum": 1205.47,
        "minimum": 1205.47,
        "most_common": 1205.47,
        "num_of_undefined": 0,
        "standard_deviation": 2.2737367544323206e-13
    },
    "ecSQ1_I_coarse": {
        "average": 762.8520000000001,
        "current size": 699,
        "first": 762.883,
        "maximum": 762.883,
        "minimum": 762.821,
        "most_common": 762.821,
        "num_of_undefined": 0,
        "standard_deviation": 0.0309237387311973
    },
    "ecSQ1_Set_Current": {
        "average": 762.61,
        "current size": 699,
        "first": 762.61,
        "maximum": 762.61,
        "minimum": 762.61,
        "most_common": 762.61,
        "num_of_undefined": 0,
        "standard_deviation": 1.1368683772161603e-13
    },
    "ecSQ2_I_coarse": {
        "average": 1280.24,
        "current size": 699,
        "first": 1280.21,
        "maximum": 1280.27,
        "minimum": 1280.21,
        "most_common": 1280.21,
        "num_of_undefined": 0,
        "standard_deviation": 0.00924252688747507
    },
    "ecSQ2_Set_Current": {
        "average": 1280.94,
        "current size": 699,
        "first": 1280.94,
        "maximum": 1280.94,
        "minimum": 1280.94,
        "most_common": 1280.94,
        "num_of_undefined": 0,
        "standard_deviation": 4.547473508864641e-13
    },
    "ecSQ3_I_coarse": {
        "average": 843.617,
        "current size": 699,
        "first": 843.648,
        "maximum": 843.648,
        "minimum": 843.586,
        "most_common": 843.586,
        "num_of_undefined": 0,
        "standard_deviation": 0.02889817532717794
    },
    "ecSQ3_Set_Current": {
        "average": 842.846,
        "current size": 699,
        "first": 842.846,
        "maximum": 842.846,
        "minimum": 842.846,
        "most_common": 842.846,
        "num_of_undefined": 0,
        "standard_deviation": 2.2737367544323206e-13
    },
    "ecHMS_Angle": {
        "average": 29.06,
        "current size": 699,
        "first": 29.06,
        "maximum": 29.06,
        "minimum": 29.06,
        "most_common": 29.06,
        "num_of_undefined": 0,
        "standard_deviation": 0.0
    },
    "ecSHMS_Angle": {
        "average": 7.86,
        "current size": 699,
        "first": 7.86,
        "maximum": 7.86,
        "minimum": 7.86,
        "most_common": 7.86,
        "num_of_undefined": 0,
        "standard_deviation": 0.0
    },
    "hcBDSPOS": {
        "average": 24018300.0,
        "current size": 699,
        "first": 24018300.0,
        "maximum": 24018300.0,
        "minimum": 24018300.0,
        "most_common": 24018300.0,
        "num_of_undefined": 0,
        "standard_deviation": 0.0
    }
}