{
    "RunNumber": "24478",
    "ecDI_B_Set_NMR": {
        "average": 0.41914,
        "current size": 2150,
        "first": 0.41914,
        "maximum": 0.41914,
        "minimum": 0.41914,
        "most_common": 0.41914,
        "num_of_undefined": 0,
        "standard_deviation": 1.1102230246251565e-16
    },
    "ecDI_B_True_NMR": {
        "average": 0.418328,
        "current size": 2150,
        "first": 0.418328,
        "maximum": 0.41833,
        "minimum": 0.418326,
        "most_common": 0.418328,
        "num_of_undefined": 0,
        "standard_deviation": 1.0200292681864312e-06
    },
    "ecDI_I_coarse": {
        "average": 464.6205,
        "current size": 2150,
        "first": 464.597,
        "maximum": 464.644,
        "minimum": 464.597,
        "most_common": 464.644,
        "num_of_undefined": 0,
        "standard_deviation": 0.022329799020231612
    },
    "ecDI_Set_Current": {
        "average": 467.537,
        "current size": 2150,
        "first": 467.537,
        "maximum": 467.537,
        "minimum": 467.537,
        "most_common": 467.537,
        "num_of_undefined": 0,
        "standard_deviation": 0.0
    },
    "ecQ1_I_coarse": {
        "average": 199.2595,
        "current size": 2150,
        "first": 199.26,
        "maximum": 199.279,
        "minimum": 199.24,
        "most_common": 199.26,
        "num_of_undefined": 0,
        "standard_deviation": 0.002080593635384716
    },
    "ecQ1_Set_Current": {
        "average": 199.38,
        "current size": 2150,
        "first": 199.38,
        "maximum": 199.38,
        "minimum": 199.38,
        "most_common": 199.38,
        "num_of_undefined": 0,
        "standard_deviation": 0.0
    },
    "ecQ2_I_coarse": {
        "average": 158.31099999999998,
        "current size": 2150,
        "first": 158.301,
        "maximum": 158.321,
        "minimum": 158.301,
        "most_common": 158.301,
        "num_of_undefined": 0,
        "standard_deviation": 0.009586311676149718
    },
    "ecQ2_Set_Current": {
        "average": 158.436,
        "current size": 2150,
        "first": 158.436,
        "maximum": 158.436,
        "minimum": 158.436,
        "most_common": 158.436,
        "num_of_undefined": 0,
        "standard_deviation": 0.0
    },
    "ecQ3_I_coarse": {
        "average": 76.5091,
        "current size": 2150,
        "first": 76.5189,
        "maximum": 76.5189,
        "minimum": 76.4993,
        "most_common": 76.4993,
        "num_of_undefined": 0,
        "standard_deviation": 0.0055232991324608485
    },
    "ecQ3_Set_Current": {
        "average": 76.9636,
        "current size": 2150,
        "first": 76.9636,
        "maximum": 76.9636,
        "minimum": 76.9636,
        "most_common": 76.9636,
        "num_of_undefined": 0,
        "standard_deviation": 0.0
    },
    "ecSDI_I_coarse": {
        "average": 833.964,
        "current size": 2150,
        "first": 833.964,
        "maximum": 833.964,
        "minimum": 833.964,
        "most_common": 833.964,
        "num_of_undefined": 0,
        "standard_deviation": 0.0
    },
    "ecSDI_Set_Current": {
        "average": 834.343,
        "current size": 2150,
        "first": 834.343,
        "maximum": 834.343,
        "minimum": 834.343,
        "most_common": 834.343,
        "num_of_undefined": 0,
        "standard_deviation": 0.0
    },
    "ecSHB_I_coarse": {
        "average": 863.836,
        "current size": 2150,
        "first": 863.836,
        "maximum": 863.836,
        "minimum": 863.836,
        "most_common": 863.836,
        "num_of_undefined": 0,
        "standard_deviation": 0.0
    },
    "ecSHB_Set_Current": {
        "average": 865.468,
        "current size": 2150,
        "first": 865.468,
        "maximum": 865.468,
        "minimum": 865.468,
        "most_common": 865.468,
        "num_of_undefined": 0,
        "standard_deviation": 0.0
    },
    "ecSQ1_I_coarse": {
        "average": 549.2270000000001,
        "current size": 2150,
        "first": 549.196,
        "maximum": 549.258,
        "minimum": 549.196,
        "most_common": 549.196,
        "num_of_undefined": 0,
        "standard_deviation": 0.029751573982937592
    },
    "ecSQ1_Set_Current": {
        "average": 549.071,
        "current size": 2150,
        "first": 549.071,
        "maximum": 549.071,
        "minimum": 549.071,
        "most_common": 549.071,
        "num_of_undefined": 0,
        "standard_deviation": 1.1368683772161603e-13
    },
    "ecSQ2_I_coarse": {
        "average": 921.8820000000001,
        "current size": 2150,
        "first": 921.913,
        "maximum": 921.913,
        "minimum": 921.851,
        "most_common": 921.913,
        "num_of_undefined": 0,
        "standard_deviation": 0.004618997243204257
    },
    "ecSQ2_Set_Current": {
        "average": 922.262,
        "current size": 2150,
        "first": 922.262,
        "maximum": 922.262,
        "minimum": 922.262,
        "most_common": 922.262,
        "num_of_undefined": 0,
        "standard_deviation": 0.0
    },
    "ecSQ3_I_coarse": {
        "average": 607.3955000000001,
        "current size": 2150,
        "first": 607.364,
        "maximum": 607.427,
        "minimum": 607.364,
        "most_common": 607.364,
        "num_of_undefined": 0,
        "standard_deviation": 0.026331771500848828
    },
    "ecSQ3_Set_Current": {
        "average": 606.84,
        "current size": 2150,
        "first": 606.84,
        "maximum": 606.84,
        "minimum": 606.84,
        "most_common": 606.84,
        "num_of_undefined": 0,
        "standard_deviation": 0.0
    },
    "ecHMS_Angle": {
        "average": 29.06,
        "current size": 2150,
        "first": 29.06,
        "maximum": 29.06,
        "minimum": 29.06,
        "most_common": 29.06,
        "num_of_undefined": 0,
        "standard_deviation": 0.0
    },
    "ecSHMS_Angle": {
        "average": 7.86,
        "current size": 2150,
        "first": 7.86,
        "maximum": 7.86,
        "minimum": 7.86,
        "most_common": 7.86,
        "num_of_undefined": 0,
        "standard_deviation": 0.0
    },
    "hcBDSPOS": {
        "average": 5460580.0,
        "current size": 2150,
        "first": 5460580.0,
        "maximum": 5460580.0,
        "minimum": 5460580.0,
        "most_common": 5460580.0,
        "num_of_undefined": 0,
        "standard_deviation": 0.0
    }
}