{
    "RunNumber": "24537",
    "ecDI_B_Set_NMR": {
        "average": 0.41914,
        "current size": 342,
        "first": 0.41914,
        "maximum": 0.41914,
        "minimum": 0.41914,
        "most_common": 0.41914,
        "num_of_undefined": 0,
        "standard_deviation": 1.1102230246251565e-16
    },
    "ecDI_B_True_NMR": {
        "average": 0.4771825,
        "current size": 342,
        "first": 0.477937,
        "maximum": 0.504973,
        "minimum": 0.449392,
        "most_common": 0.471483,
        "num_of_undefined": 0,
        "standard_deviation": 0.01767657201889329
    },
    "ecDI_I_coarse": {
        "average": 464.5265,
        "current size": 342,
        "first": 464.55,
        "maximum": 464.55,
        "minimum": 464.503,
        "most_common": 464.55,
        "num_of_undefined": 0,
        "standard_deviation": 0.01751586582375784
    },
    "ecDI_Set_Current": {
        "average": 467.537,
        "current size": 342,
        "first": 467.537,
        "maximum": 467.537,
        "minimum": 467.537,
        "most_common": 467.537,
        "num_of_undefined": 0,
        "standard_deviation": 5.684341886080802e-14
    },
    "ecQ1_I_coarse": {
        "average": 199.25,
        "current size": 342,
        "first": 199.24,
        "maximum": 199.26,
        "minimum": 199.24,
        "most_common": 199.26,
        "num_of_undefined": 0,
        "standard_deviation": 0.004465937565384659
    },
    "ecQ1_Set_Current": {
        "average": 199.38,
        "current size": 342,
        "first": 199.38,
        "maximum": 199.38,
        "minimum": 199.38,
        "most_common": 199.38,
        "num_of_undefined": 0,
        "standard_deviation": 5.684341886080802e-14
    },
    "ecQ2_I_coarse": {
        "average": 158.301,
        "current size": 342,
        "first": 158.301,
        "maximum": 158.301,
        "minimum": 158.301,
        "most_common": 158.301,
        "num_of_undefined": 0,
        "standard_deviation": 5.684341886080802e-14
    },
    "ecQ2_Set_Current": {
        "average": 158.436,
        "current size": 342,
        "first": 158.436,
        "maximum": 158.436,
        "minimum": 158.436,
        "most_common": 158.436,
        "num_of_undefined": 0,
        "standard_deviation": 2.842170943040401e-14
    },
    "ecQ3_I_coarse": {
        "average": 76.48955000000001,
        "current size": 342,
        "first": 76.4993,
        "maximum": 76.4993,
        "minimum": 76.4798,
        "most_common": 76.4993,
        "num_of_undefined": 0,
        "standard_deviation": 0.001052896530983108
    },
    "ecQ3_Set_Current": {
        "average": 76.9636,
        "current size": 342,
        "first": 76.9636,
        "maximum": 76.9636,
        "minimum": 76.9636,
        "most_common": 76.9636,
        "num_of_undefined": 0,
        "standard_deviation": 0.0
    },
    "ecSDI_I_coarse": {
        "average": 2086.16,
        "current size": 342,
        "first": 2086.22,
        "maximum": 2086.22,
        "minimum": 2086.1,
        "most_common": 2086.22,
        "num_of_undefined": 0,
        "standard_deviation": 0.009149757761679604
    },
    "ecSDI_Set_Current": {
        "average": 2086.02,
        "current size": 342,
        "first": 2086.02,
        "maximum": 2086.02,
        "minimum": 2086.02,
        "most_common": 2086.02,
        "num_of_undefined": 0,
        "standard_deviation": 0.0
    },
    "ecSHB_I_coarse": {
        "average": 2203.545,
        "current size": 342,
        "first": 2203.47,
        "maximum": 2203.62,
        "minimum": 2203.47,
        "most_common": 2203.47,
        "num_of_undefined": 0,
        "standard_deviation": 0.04973189121065733
    },
    "ecSHB_Set_Current": {
        "average": 2206.7,
        "current size": 342,
        "first": 2206.7,
        "maximum": 2206.7,
        "minimum": 2206.7,
        "most_common": 2206.7,
        "num_of_undefined": 0,
        "standard_deviation": 9.094947017729282e-13
    },
    "ecSQ1_I_coarse": {
        "average": 1376.99,
        "current size": 342,
        "first": 1376.99,
        "maximum": 1377.05,
        "minimum": 1376.93,
        "most_common": 1376.99,
        "num_of_undefined": 0,
        "standard_deviation": 0.014161709523222606
    },
    "ecSQ1_Set_Current": {
        "average": 1376.58,
        "current size": 342,
        "first": 1376.58,
        "maximum": 1376.58,
        "minimum": 1376.58,
        "most_common": 1376.58,
        "num_of_undefined": 0,
        "standard_deviation": 0.0
    },
    "ecSQ2_I_coarse": {
        "average": 2304.25,
        "current size": 342,
        "first": 2304.22,
        "maximum": 2304.28,
        "minimum": 2304.22,
        "most_common": 2304.22,
        "num_of_undefined": 0,
        "standard_deviation": 0.013743685418817202
    },
    "ecSQ2_Set_Current": {
        "average": 2305.83,
        "current size": 342,
        "first": 2305.83,
        "maximum": 2305.83,
        "minimum": 2305.83,
        "most_common": 2305.83,
        "num_of_undefined": 0,
        "standard_deviation": 4.547473508864641e-13
    },
    "ecSQ3_I_coarse": {
        "average": 1518.5149999999999,
        "current size": 342,
        "first": 1518.51,
        "maximum": 1518.58,
        "minimum": 1518.45,
        "most_common": 1518.51,
        "num_of_undefined": 0,
        "standard_deviation": 0.03183183344058248
    },
    "ecSQ3_Set_Current": {
        "average": 1517.22,
        "current size": 342,
        "first": 1517.22,
        "maximum": 1517.22,
        "minimum": 1517.22,
        "most_common": 1517.22,
        "num_of_undefined": 0,
        "standard_deviation": 2.2737367544323206e-13
    },
    "ecHMS_Angle": {
        "average": 29.06,
        "current size": 342,
        "first": 29.06,
        "maximum": 29.06,
        "minimum": 29.06,
        "most_common": 29.06,
        "num_of_undefined": 0,
        "standard_deviation": 3.552713678800501e-15
    },
    "ecSHMS_Angle": {
        "average": 7.86,
        "current size": 342,
        "first": 7.86,
        "maximum": 7.86,
        "minimum": 7.86,
        "most_common": 7.86,
        "num_of_undefined": 0,
        "standard_deviation": 8.881784197001252e-16
    },
    "hcBDSPOS": {
        "average": 31648900.0,
        "current size": 342,
        "first": 31648900.0,
        "maximum": 31648900.0,
        "minimum": 31648900.0,
        "most_common": 31648900.0,
        "num_of_undefined": 0,
        "standard_deviation": 0.0
    }
}