{
    "RunNumber": "24837",
    "ecDI_B_Set_NMR": {
        "average": 0.41914,
        "current size": 780,
        "first": 0.41914,
        "maximum": 0.41914,
        "minimum": 0.41914,
        "most_common": 0.41914,
        "num_of_undefined": 0,
        "standard_deviation": 1.1102230246251565e-16
    },
    "ecDI_B_True_NMR": {
        "average": 0.6723999999999999,
        "current size": 780,
        "first": 0.416763,
        "maximum": 1.0171,
        "minimum": 0.3277,
        "most_common": 0.333765,
        "num_of_undefined": 0,
        "standard_deviation": 0.14575379453211496
    },
    "ecDI_I_coarse": {
        "average": 464.6205,
        "current size": 780,
        "first": 464.644,
        "maximum": 464.644,
        "minimum": 464.597,
        "most_common": 464.644,
        "num_of_undefined": 0,
        "standard_deviation": 0.011930769230775696
    },
    "ecDI_Set_Current": {
        "average": 467.537,
        "current size": 780,
        "first": 467.537,
        "maximum": 467.537,
        "minimum": 467.537,
        "most_common": 467.537,
        "num_of_undefined": 0,
        "standard_deviation": 0.0
    },
    "ecQ1_I_coarse": {
        "average": 199.2695,
        "current size": 780,
        "first": 199.26,
        "maximum": 199.279,
        "minimum": 199.26,
        "most_common": 199.26,
        "num_of_undefined": 0,
        "standard_deviation": 0.004781499761969526
    },
    "ecQ1_Set_Current": {
        "average": 199.38,
        "current size": 780,
        "first": 199.38,
        "maximum": 199.38,
        "minimum": 199.38,
        "most_common": 199.38,
        "num_of_undefined": 0,
        "standard_deviation": 2.842170943040401e-14
    },
    "ecQ2_I_coarse": {
        "average": 158.3305,
        "current size": 780,
        "first": 158.34,
        "maximum": 158.34,
        "minimum": 158.321,
        "most_common": 158.34,
        "num_of_undefined": 0,
        "standard_deviation": 0.00879932336694253
    },
    "ecQ2_Set_Current": {
        "average": 158.436,
        "current size": 780,
        "first": 158.436,
        "maximum": 158.436,
        "minimum": 158.436,
        "most_common": 158.436,
        "num_of_undefined": 0,
        "standard_deviation": 2.842170943040401e-14
    },
    "ecQ3_I_coarse": {
        "average": 76.5091,
        "current size": 780,
        "first": 76.5189,
        "maximum": 76.5189,
        "minimum": 76.4993,
        "most_common": 76.4993,
        "num_of_undefined": 0,
        "standard_deviation": 0.008457834325209562
    },
    "ecQ3_Set_Current": {
        "average": 76.9636,
        "current size": 780,
        "first": 76.9636,
        "maximum": 76.9636,
        "minimum": 76.9636,
        "most_common": 76.9636,
        "num_of_undefined": 0,
        "standard_deviation": 1.4210854715202004e-14
    },
    "ecSDI_I_coarse": {
        "average": 1903.855,
        "current size": 780,
        "first": 1903.92,
        "maximum": 1903.92,
        "minimum": 1903.79,
        "most_common": 1903.92,
        "num_of_undefined": 0,
        "standard_deviation": 0.06403362831795836
    },
    "ecSDI_Set_Current": {
        "average": 1903.83,
        "current size": 780,
        "first": 1903.83,
        "maximum": 1903.83,
        "minimum": 1903.83,
        "most_common": 1903.83,
        "num_of_undefined": 0,
        "standard_deviation": 4.547473508864641e-13
    },
    "ecSHB_I_coarse": {
        "average": 2002.33,
        "current size": 780,
        "first": 2002.33,
        "maximum": 2002.33,
        "minimum": 2002.33,
        "most_common": 2002.33,
        "num_of_undefined": 0,
        "standard_deviation": 4.547473508864641e-13
    },
    "ecSHB_Set_Current": {
        "average": 2005.26,
        "current size": 780,
        "first": 2005.26,
        "maximum": 2005.26,
        "minimum": 2005.26,
        "most_common": 2005.26,
        "num_of_undefined": 0,
        "standard_deviation": 2.2737367544323206e-13
    },
    "ecSQ1_I_coarse": {
        "average": 1253.23,
        "current size": 780,
        "first": 1253.23,
        "maximum": 1253.29,
        "minimum": 1253.17,
        "most_common": 1253.23,
        "num_of_undefined": 0,
        "standard_deviation": 0.017879279601054204
    },
    "ecSQ1_Set_Current": {
        "average": 1252.89,
        "current size": 780,
        "first": 1252.89,
        "maximum": 1252.89,
        "minimum": 1252.89,
        "most_common": 1252.89,
        "num_of_undefined": 0,
        "standard_deviation": 2.2737367544323206e-13
    },
    "ecSQ2_I_coarse": {
        "average": 2102.99,
        "current size": 780,
        "first": 2103.02,
        "maximum": 2103.02,
        "minimum": 2102.96,
        "most_common": 2103.02,
        "num_of_undefined": 0,
        "standard_deviation": 0.010968216589204929
    },
    "ecSQ2_Set_Current": {
        "average": 2104.45,
        "current size": 780,
        "first": 2104.45,
        "maximum": 2104.45,
        "minimum": 2104.45,
        "most_common": 2104.45,
        "num_of_undefined": 0,
        "standard_deviation": 9.094947017729282e-13
    },
    "ecSQ3_I_coarse": {
        "average": 1385.88,
        "current size": 780,
        "first": 1385.88,
        "maximum": 1385.94,
        "minimum": 1385.82,
        "most_common": 1385.88,
        "num_of_undefined": 0,
        "standard_deviation": 0.019650647037582153
    },
    "ecSQ3_Set_Current": {
        "average": 1384.71,
        "current size": 780,
        "first": 1384.71,
        "maximum": 1384.71,
        "minimum": 1384.71,
        "most_common": 1384.71,
        "num_of_undefined": 0,
        "standard_deviation": 2.2737367544323206e-13
    },
    "ecHMS_Angle": {
        "average": 29.06,
        "current size": 780,
        "first": 29.06,
        "maximum": 29.06,
        "minimum": 29.06,
        "most_common": 29.06,
        "num_of_undefined": 0,
        "standard_deviation": 3.552713678800501e-15
    },
    "ecSHMS_Angle": {
        "average": 12.0,
        "current size": 780,
        "first": 12.0,
        "maximum": 12.0,
        "minimum": 12.0,
        "most_common": 12.0,
        "num_of_undefined": 0,
        "standard_deviation": 0.0
    },
    "hcBDSPOS": {
        "average": 24018300.0,
        "current size": 780,
        "first": 24018300.0,
        "maximum": 24018300.0,
        "minimum": 24018300.0,
        "most_common": 24018300.0,
        "num_of_undefined": 0,
        "standard_deviation": 0.0
    }
}