{
    "RunNumber": "24891",
    "ecDI_B_Set_NMR": {
        "average": 0.997057,
        "current size": 1517,
        "first": 0.997057,
        "maximum": 0.997057,
        "minimum": 0.997057,
        "most_common": 0.997057,
        "num_of_undefined": 0,
        "standard_deviation": 0.0
    },
    "ecDI_B_True_NMR": {
        "average": 0.997052,
        "current size": 1517,
        "first": 0.997052,
        "maximum": 0.997055,
        "minimum": 0.997049,
        "most_common": 0.997051,
        "num_of_undefined": 0,
        "standard_deviation": 1.0619899771420605e-06
    },
    "ecDI_I_coarse": {
        "average": 1112.97,
        "current size": 1517,
        "first": 1112.99,
        "maximum": 1112.99,
        "minimum": 1112.95,
        "most_common": 1112.99,
        "num_of_undefined": 0,
        "standard_deviation": 0.019399306426929774
    },
    "ecDI_Set_Current": {
        "average": 1117.0,
        "current size": 1517,
        "first": 1117.0,
        "maximum": 1117.0,
        "minimum": 1117.0,
        "most_common": 1117.0,
        "num_of_undefined": 0,
        "standard_deviation": 0.0
    },
    "ecQ1_I_coarse": {
        "average": 474.171,
        "current size": 1517,
        "first": 474.181,
        "maximum": 474.181,
        "minimum": 474.161,
        "most_common": 474.181,
        "num_of_undefined": 0,
        "standard_deviation": 0.005142943925781811
    },
    "ecQ1_Set_Current": {
        "average": 474.48,
        "current size": 1517,
        "first": 474.48,
        "maximum": 474.48,
        "minimum": 474.48,
        "most_common": 474.48,
        "num_of_undefined": 0,
        "standard_deviation": 5.684341886080802e-14
    },
    "ecQ2_I_coarse": {
        "average": 377.2,
        "current size": 1517,
        "first": 377.19,
        "maximum": 377.21,
        "minimum": 377.19,
        "most_common": 377.19,
        "num_of_undefined": 0,
        "standard_deviation": 0.008348823219007885
    },
    "ecQ2_Set_Current": {
        "average": 377.268,
        "current size": 1517,
        "first": 377.268,
        "maximum": 377.268,
        "minimum": 377.268,
        "most_common": 377.268,
        "num_of_undefined": 0,
        "standard_deviation": 5.684341886080802e-14
    },
    "ecQ3_I_coarse": {
        "average": 182.982,
        "current size": 1517,
        "first": 182.972,
        "maximum": 182.992,
        "minimum": 182.972,
        "most_common": 182.972,
        "num_of_undefined": 0,
        "standard_deviation": 0.008112447992022235
    },
    "ecQ3_Set_Current": {
        "average": 183.446,
        "current size": 1517,
        "first": 183.446,
        "maximum": 183.446,
        "minimum": 183.446,
        "most_common": 183.446,
        "num_of_undefined": 0,
        "standard_deviation": 2.842170943040401e-14
    },
    "ecSDI_I_coarse": {
        "average": 2086.16,
        "current size": 1517,
        "first": 2086.22,
        "maximum": 2086.22,
        "minimum": 2086.1,
        "most_common": 2086.1,
        "num_of_undefined": 0,
        "standard_deviation": 0.059896651471215166
    },
    "ecSDI_Set_Current": {
        "average": 2086.02,
        "current size": 1517,
        "first": 2086.02,
        "maximum": 2086.02,
        "minimum": 2086.02,
        "most_common": 2086.02,
        "num_of_undefined": 0,
        "standard_deviation": 0.0
    },
    "ecSHB_I_coarse": {
        "average": 2203.545,
        "current size": 1517,
        "first": 2203.62,
        "maximum": 2203.62,
        "minimum": 2203.47,
        "most_common": 2203.47,
        "num_of_undefined": 0,
        "standard_deviation": 0.06778986535944234
    },
    "ecSHB_Set_Current": {
        "average": 2206.7,
        "current size": 1517,
        "first": 2206.7,
        "maximum": 2206.7,
        "minimum": 2206.7,
        "most_common": 2206.7,
        "num_of_undefined": 0,
        "standard_deviation": 9.094947017729282e-13
    },
    "ecSQ1_I_coarse": {
        "average": 1376.99,
        "current size": 1517,
        "first": 1376.99,
        "maximum": 1377.05,
        "minimum": 1376.93,
        "most_common": 1376.99,
        "num_of_undefined": 0,
        "standard_deviation": 0.013383927772820629
    },
    "ecSQ1_Set_Current": {
        "average": 1376.58,
        "current size": 1517,
        "first": 1376.58,
        "maximum": 1376.58,
        "minimum": 1376.58,
        "most_common": 1376.58,
        "num_of_undefined": 0,
        "standard_deviation": 2.2737367544323206e-13
    },
    "ecSQ2_I_coarse": {
        "average": 2304.25,
        "current size": 1517,
        "first": 2304.22,
        "maximum": 2304.28,
        "minimum": 2304.22,
        "most_common": 2304.22,
        "num_of_undefined": 0,
        "standard_deviation": 0.020512071309337108
    },
    "ecSQ2_Set_Current": {
        "average": 2305.83,
        "current size": 1517,
        "first": 2305.83,
        "maximum": 2305.83,
        "minimum": 2305.83,
        "most_common": 2305.83,
        "num_of_undefined": 0,
        "standard_deviation": 4.547473508864641e-13
    },
    "ecSQ3_I_coarse": {
        "average": 1518.5149999999999,
        "current size": 1517,
        "first": 1518.51,
        "maximum": 1518.58,
        "minimum": 1518.45,
        "most_common": 1518.51,
        "num_of_undefined": 0,
        "standard_deviation": 0.013077447492143362
    },
    "ecSQ3_Set_Current": {
        "average": 1517.22,
        "current size": 1517,
        "first": 1517.22,
        "maximum": 1517.22,
        "minimum": 1517.22,
        "most_common": 1517.22,
        "num_of_undefined": 0,
        "standard_deviation": 2.2737367544323206e-13
    },
    "ecHMS_Angle": {
        "average": 16.76,
        "current size": 1517,
        "first": 16.76,
        "maximum": 16.76,
        "minimum": 16.76,
        "most_common": 16.76,
        "num_of_undefined": 0,
        "standard_deviation": 3.552713678800501e-15
    },
    "ecSHMS_Angle": {
        "average": 7.51,
        "current size": 1517,
        "first": 7.51,
        "maximum": 7.51,
        "minimum": 7.51,
        "most_common": 7.51,
        "num_of_undefined": 0,
        "standard_deviation": 1.7763568394002505e-15
    },
    "hcBDSPOS": {
        "average": 24018300.0,
        "current size": 1517,
        "first": 24018300.0,
        "maximum": 24018300.0,
        "minimum": 24018300.0,
        "most_common": 24018300.0,
        "num_of_undefined": 0,
        "standard_deviation": 0.0
    }
}