{
    "RunNumber": "25057",
    "ecDI_B_Set_NMR": {
        "average": 0.997057,
        "current size": 1169,
        "first": 0.997057,
        "maximum": 0.997057,
        "minimum": 0.997057,
        "most_common": 0.997057,
        "num_of_undefined": 0,
        "standard_deviation": 1.1102230246251565e-16
    },
    "ecDI_B_True_NMR": {
        "average": 0.9970509999999999,
        "current size": 1169,
        "first": 0.99705,
        "maximum": 0.997053,
        "minimum": 0.997049,
        "most_common": 0.997051,
        "num_of_undefined": 0,
        "standard_deviation": 9.568984785224898e-07
    },
    "ecDI_I_coarse": {
        "average": 1113.0149999999999,
        "current size": 1169,
        "first": 1112.99,
        "maximum": 1113.04,
        "minimum": 1112.99,
        "most_common": 1113.04,
        "num_of_undefined": 0,
        "standard_deviation": 0.024927440930962053
    },
    "ecDI_Set_Current": {
        "average": 1117.07,
        "current size": 1169,
        "first": 1117.07,
        "maximum": 1117.07,
        "minimum": 1117.07,
        "most_common": 1117.07,
        "num_of_undefined": 0,
        "standard_deviation": 0.0
    },
    "ecQ1_I_coarse": {
        "average": 474.1805,
        "current size": 1169,
        "first": 474.161,
        "maximum": 474.2,
        "minimum": 474.161,
        "most_common": 474.181,
        "num_of_undefined": 0,
        "standard_deviation": 0.0031621300209278887
    },
    "ecQ1_Set_Current": {
        "average": 474.48,
        "current size": 1169,
        "first": 474.48,
        "maximum": 474.48,
        "minimum": 474.48,
        "most_common": 474.48,
        "num_of_undefined": 0,
        "standard_deviation": 1.1368683772161603e-13
    },
    "ecQ2_I_coarse": {
        "average": 377.2,
        "current size": 1169,
        "first": 377.19,
        "maximum": 377.21,
        "minimum": 377.19,
        "most_common": 377.19,
        "num_of_undefined": 0,
        "standard_deviation": 0.0019309281181256047
    },
    "ecQ2_Set_Current": {
        "average": 377.268,
        "current size": 1169,
        "first": 377.268,
        "maximum": 377.268,
        "minimum": 377.268,
        "most_common": 377.268,
        "num_of_undefined": 0,
        "standard_deviation": 0.0
    },
    "ecQ3_I_coarse": {
        "average": 182.982,
        "current size": 1169,
        "first": 182.972,
        "maximum": 182.992,
        "minimum": 182.972,
        "most_common": 182.972,
        "num_of_undefined": 0,
        "standard_deviation": 0.004234863579451321
    },
    "ecQ3_Set_Current": {
        "average": 183.446,
        "current size": 1169,
        "first": 183.446,
        "maximum": 183.446,
        "minimum": 183.446,
        "most_common": 183.446,
        "num_of_undefined": 0,
        "standard_deviation": 2.842170943040401e-14
    },
    "ecSDI_I_coarse": {
        "average": 1553.06,
        "current size": 1169,
        "first": 1553.06,
        "maximum": 1553.06,
        "minimum": 1553.06,
        "most_common": 1553.06,
        "num_of_undefined": 0,
        "standard_deviation": 2.2737367544323206e-13
    },
    "ecSDI_Set_Current": {
        "average": 1553.19,
        "current size": 1169,
        "first": 1553.19,
        "maximum": 1553.19,
        "minimum": 1553.19,
        "most_common": 1553.19,
        "num_of_undefined": 0,
        "standard_deviation": 2.2737367544323206e-13
    },
    "ecSHB_I_coarse": {
        "average": 1621.865,
        "current size": 1169,
        "first": 1621.79,
        "maximum": 1621.94,
        "minimum": 1621.79,
        "most_common": 1621.94,
        "num_of_undefined": 0,
        "standard_deviation": 0.06655197683660097
    },
    "ecSHB_Set_Current": {
        "average": 1624.37,
        "current size": 1169,
        "first": 1624.37,
        "maximum": 1624.37,
        "minimum": 1624.37,
        "most_common": 1624.37,
        "num_of_undefined": 0,
        "standard_deviation": 0.0
    },
    "ecSQ1_I_coarse": {
        "average": 1022.4100000000001,
        "current size": 1169,
        "first": 1022.41,
        "maximum": 1022.47,
        "minimum": 1022.35,
        "most_common": 1022.41,
        "num_of_undefined": 0,
        "standard_deviation": 0.02159254047676832
    },
    "ecSQ1_Set_Current": {
        "average": 1022.13,
        "current size": 1169,
        "first": 1022.13,
        "maximum": 1022.13,
        "minimum": 1022.13,
        "most_common": 1022.13,
        "num_of_undefined": 0,
        "standard_deviation": 0.0
    },
    "ecSQ2_I_coarse": {
        "average": 1715.7,
        "current size": 1169,
        "first": 1715.7,
        "maximum": 1715.76,
        "minimum": 1715.64,
        "most_common": 1715.7,
        "num_of_undefined": 0,
        "standard_deviation": 0.006787064496474632
    },
    "ecSQ2_Set_Current": {
        "average": 1716.85,
        "current size": 1169,
        "first": 1716.85,
        "maximum": 1716.85,
        "minimum": 1716.85,
        "most_common": 1716.85,
        "num_of_undefined": 0,
        "standard_deviation": 4.547473508864641e-13
    },
    "ecSQ3_I_coarse": {
        "average": 1130.665,
        "current size": 1169,
        "first": 1130.63,
        "maximum": 1130.76,
        "minimum": 1130.57,
        "most_common": 1130.63,
        "num_of_undefined": 0,
        "standard_deviation": 0.03045821080262883
    },
    "ecSQ3_Set_Current": {
        "average": 1129.67,
        "current size": 1169,
        "first": 1129.67,
        "maximum": 1129.67,
        "minimum": 1129.67,
        "most_common": 1129.67,
        "num_of_undefined": 0,
        "standard_deviation": 0.0
    },
    "ecHMS_Angle": {
        "average": 16.75,
        "current size": 1169,
        "first": 16.75,
        "maximum": 16.75,
        "minimum": 16.75,
        "most_common": 16.75,
        "num_of_undefined": 0,
        "standard_deviation": 0.0
    },
    "ecSHMS_Angle": {
        "average": 7.5,
        "current size": 1169,
        "first": 7.5,
        "maximum": 7.5,
        "minimum": 7.5,
        "most_common": 7.5,
        "num_of_undefined": 0,
        "standard_deviation": 0.0
    },
    "hcBDSPOS": {
        "average": 9538130.0,
        "current size": 1169,
        "first": 9538130.0,
        "maximum": 9538130.0,
        "minimum": 9538130.0,
        "most_common": 9538130.0,
        "num_of_undefined": 0,
        "standard_deviation": 0.0
    }
}