{
    "RunNumber": "25062",
    "ecDI_B_Set_NMR": {
        "average": 0.997057,
        "current size": 2011,
        "first": 0.997057,
        "maximum": 0.997057,
        "minimum": 0.997057,
        "most_common": 0.997057,
        "num_of_undefined": 0,
        "standard_deviation": 1.1102230246251565e-16
    },
    "ecDI_B_True_NMR": {
        "average": 0.9970540000000001,
        "current size": 2011,
        "first": 0.997054,
        "maximum": 0.997056,
        "minimum": 0.997052,
        "most_common": 0.997054,
        "num_of_undefined": 0,
        "standard_deviation": 9.459912972363918e-07
    },
    "ecDI_I_coarse": {
        "average": 1113.04,
        "current size": 2011,
        "first": 1113.04,
        "maximum": 1113.09,
        "minimum": 1112.99,
        "most_common": 1113.04,
        "num_of_undefined": 0,
        "standard_deviation": 0.02127681425090185
    },
    "ecDI_Set_Current": {
        "average": 1117.1,
        "current size": 2011,
        "first": 1117.1,
        "maximum": 1117.1,
        "minimum": 1117.1,
        "most_common": 1117.1,
        "num_of_undefined": 0,
        "standard_deviation": 4.547473508864641e-13
    },
    "ecQ1_I_coarse": {
        "average": 474.1905,
        "current size": 2011,
        "first": 474.181,
        "maximum": 474.2,
        "minimum": 474.181,
        "most_common": 474.181,
        "num_of_undefined": 0,
        "standard_deviation": 0.00472188216266526
    },
    "ecQ1_Set_Current": {
        "average": 474.48,
        "current size": 2011,
        "first": 474.48,
        "maximum": 474.48,
        "minimum": 474.48,
        "most_common": 474.48,
        "num_of_undefined": 0,
        "standard_deviation": 2.2737367544323206e-13
    },
    "ecQ2_I_coarse": {
        "average": 377.2,
        "current size": 2011,
        "first": 377.21,
        "maximum": 377.21,
        "minimum": 377.19,
        "most_common": 377.19,
        "num_of_undefined": 0,
        "standard_deviation": 0.008241408642617944
    },
    "ecQ2_Set_Current": {
        "average": 377.268,
        "current size": 2011,
        "first": 377.268,
        "maximum": 377.268,
        "minimum": 377.268,
        "most_common": 377.268,
        "num_of_undefined": 0,
        "standard_deviation": 0.0
    },
    "ecQ3_I_coarse": {
        "average": 182.982,
        "current size": 2011,
        "first": 182.972,
        "maximum": 182.992,
        "minimum": 182.972,
        "most_common": 182.972,
        "num_of_undefined": 0,
        "standard_deviation": 0.006541785756400578
    },
    "ecQ3_Set_Current": {
        "average": 183.446,
        "current size": 2011,
        "first": 183.446,
        "maximum": 183.446,
        "minimum": 183.446,
        "most_common": 183.446,
        "num_of_undefined": 0,
        "standard_deviation": 5.684341886080802e-14
    },
    "ecSDI_I_coarse": {
        "average": 1553.06,
        "current size": 2011,
        "first": 1553.06,
        "maximum": 1553.06,
        "minimum": 1553.06,
        "most_common": 1553.06,
        "num_of_undefined": 0,
        "standard_deviation": 2.2737367544323206e-13
    },
    "ecSDI_Set_Current": {
        "average": 1553.19,
        "current size": 2011,
        "first": 1553.19,
        "maximum": 1553.19,
        "minimum": 1553.19,
        "most_common": 1553.19,
        "num_of_undefined": 0,
        "standard_deviation": 2.2737367544323206e-13
    },
    "ecSHB_I_coarse": {
        "average": 1621.865,
        "current size": 2011,
        "first": 1621.94,
        "maximum": 1621.94,
        "minimum": 1621.79,
        "most_common": 1621.94,
        "num_of_undefined": 0,
        "standard_deviation": 0.04966064758893106
    },
    "ecSHB_Set_Current": {
        "average": 1624.37,
        "current size": 2011,
        "first": 1624.37,
        "maximum": 1624.37,
        "minimum": 1624.37,
        "most_common": 1624.37,
        "num_of_undefined": 0,
        "standard_deviation": 2.2737367544323206e-13
    },
    "ecSQ1_I_coarse": {
        "average": 1022.4100000000001,
        "current size": 2011,
        "first": 1022.41,
        "maximum": 1022.47,
        "minimum": 1022.35,
        "most_common": 1022.41,
        "num_of_undefined": 0,
        "standard_deviation": 0.020598487575578965
    },
    "ecSQ1_Set_Current": {
        "average": 1022.13,
        "current size": 2011,
        "first": 1022.13,
        "maximum": 1022.13,
        "minimum": 1022.13,
        "most_common": 1022.13,
        "num_of_undefined": 0,
        "standard_deviation": 2.2737367544323206e-13
    },
    "ecSQ2_I_coarse": {
        "average": 1715.7,
        "current size": 2011,
        "first": 1715.7,
        "maximum": 1715.76,
        "minimum": 1715.64,
        "most_common": 1715.7,
        "num_of_undefined": 0,
        "standard_deviation": 0.005004789229623524
    },
    "ecSQ2_Set_Current": {
        "average": 1716.85,
        "current size": 2011,
        "first": 1716.85,
        "maximum": 1716.85,
        "minimum": 1716.85,
        "most_common": 1716.85,
        "num_of_undefined": 0,
        "standard_deviation": 2.2737367544323206e-13
    },
    "ecSQ3_I_coarse": {
        "average": 1130.66,
        "current size": 2011,
        "first": 1130.69,
        "maximum": 1130.69,
        "minimum": 1130.63,
        "most_common": 1130.63,
        "num_of_undefined": 0,
        "standard_deviation": 0.028514351717881
    },
    "ecSQ3_Set_Current": {
        "average": 1129.67,
        "current size": 2011,
        "first": 1129.67,
        "maximum": 1129.67,
        "minimum": 1129.67,
        "most_common": 1129.67,
        "num_of_undefined": 0,
        "standard_deviation": 0.0
    },
    "ecHMS_Angle": {
        "average": 16.75,
        "current size": 2011,
        "first": 16.75,
        "maximum": 16.75,
        "minimum": 16.75,
        "most_common": 16.75,
        "num_of_undefined": 0,
        "standard_deviation": 0.0
    },
    "ecSHMS_Angle": {
        "average": 7.5,
        "current size": 2011,
        "first": 7.5,
        "maximum": 7.5,
        "minimum": 7.5,
        "most_common": 7.5,
        "num_of_undefined": 0,
        "standard_deviation": 0.0
    },
    "hcBDSPOS": {
        "average": 4030050.0,
        "current size": 2011,
        "first": 4030050.0,
        "maximum": 4030050.0,
        "minimum": 4030050.0,
        "most_common": 4030050.0,
        "num_of_undefined": 0,
        "standard_deviation": 0.0
    }
}