{
    "RunNumber": "25296",
    "ecDI_B_Set_NMR": {
        "average": 0.997057,
        "current size": 2157,
        "first": 0.997057,
        "maximum": 0.997057,
        "minimum": 0.997057,
        "most_common": 0.997057,
        "num_of_undefined": 0,
        "standard_deviation": 1.1102230246251565e-16
    },
    "ecDI_B_True_NMR": {
        "average": 0.997058,
        "current size": 2157,
        "first": 0.997058,
        "maximum": 0.99706,
        "minimum": 0.997056,
        "most_common": 0.997059,
        "num_of_undefined": 0,
        "standard_deviation": 9.936904520666731e-07
    },
    "ecDI_I_coarse": {
        "average": 1113.065,
        "current size": 2157,
        "first": 1113.09,
        "maximum": 1113.09,
        "minimum": 1113.04,
        "most_common": 1113.09,
        "num_of_undefined": 0,
        "standard_deviation": 0.021687313919428533
    },
    "ecDI_Set_Current": {
        "average": 1117.11,
        "current size": 2157,
        "first": 1117.11,
        "maximum": 1117.11,
        "minimum": 1117.11,
        "most_common": 1117.11,
        "num_of_undefined": 0,
        "standard_deviation": 0.0
    },
    "ecQ1_I_coarse": {
        "average": 474.1905,
        "current size": 2157,
        "first": 474.2,
        "maximum": 474.2,
        "minimum": 474.181,
        "most_common": 474.181,
        "num_of_undefined": 0,
        "standard_deviation": 0.008895743495443484
    },
    "ecQ1_Set_Current": {
        "average": 474.48,
        "current size": 2157,
        "first": 474.48,
        "maximum": 474.48,
        "minimum": 474.48,
        "most_common": 474.48,
        "num_of_undefined": 0,
        "standard_deviation": 5.684341886080802e-14
    },
    "ecQ2_I_coarse": {
        "average": 377.2,
        "current size": 2157,
        "first": 377.19,
        "maximum": 377.21,
        "minimum": 377.19,
        "most_common": 377.19,
        "num_of_undefined": 0,
        "standard_deviation": 0.0099607182996169
    },
    "ecQ2_Set_Current": {
        "average": 377.268,
        "current size": 2157,
        "first": 377.268,
        "maximum": 377.268,
        "minimum": 377.268,
        "most_common": 377.268,
        "num_of_undefined": 0,
        "standard_deviation": 0.0
    },
    "ecQ3_I_coarse": {
        "average": 182.982,
        "current size": 2157,
        "first": 182.972,
        "maximum": 182.992,
        "minimum": 182.972,
        "most_common": 182.972,
        "num_of_undefined": 0,
        "standard_deviation": 0.0055728707357304294
    },
    "ecQ3_Set_Current": {
        "average": 183.446,
        "current size": 2157,
        "first": 183.446,
        "maximum": 183.446,
        "minimum": 183.446,
        "most_common": 183.446,
        "num_of_undefined": 0,
        "standard_deviation": 2.842170943040401e-14
    },
    "ecSDI_I_coarse": {
        "average": 1158.54,
        "current size": 2157,
        "first": 1158.54,
        "maximum": 1158.54,
        "minimum": 1158.54,
        "most_common": 1158.54,
        "num_of_undefined": 0,
        "standard_deviation": 2.2737367544323206e-13
    },
    "ecSDI_Set_Current": {
        "average": 1158.83,
        "current size": 2157,
        "first": 1158.83,
        "maximum": 1158.83,
        "minimum": 1158.83,
        "most_common": 1158.83,
        "num_of_undefined": 0,
        "standard_deviation": 0.0
    },
    "ecSHB_I_coarse": {
        "average": 1203.475,
        "current size": 2157,
        "first": 1203.4,
        "maximum": 1203.55,
        "minimum": 1203.4,
        "most_common": 1203.4,
        "num_of_undefined": 0,
        "standard_deviation": 0.04971604856556946
    },
    "ecSHB_Set_Current": {
        "average": 1205.47,
        "current size": 2157,
        "first": 1205.47,
        "maximum": 1205.47,
        "minimum": 1205.47,
        "most_common": 1205.47,
        "num_of_undefined": 0,
        "standard_deviation": 0.0
    },
    "ecSQ1_I_coarse": {
        "average": 762.8205,
        "current size": 2157,
        "first": 762.821,
        "maximum": 762.883,
        "minimum": 762.758,
        "most_common": 762.821,
        "num_of_undefined": 0,
        "standard_deviation": 0.01840530536709667
    },
    "ecSQ1_Set_Current": {
        "average": 762.61,
        "current size": 2157,
        "first": 762.61,
        "maximum": 762.61,
        "minimum": 762.61,
        "most_common": 762.61,
        "num_of_undefined": 0,
        "standard_deviation": 1.1368683772161603e-13
    },
    "ecSQ2_I_coarse": {
        "average": 1280.205,
        "current size": 2157,
        "first": 1280.21,
        "maximum": 1280.27,
        "minimum": 1280.14,
        "most_common": 1280.21,
        "num_of_undefined": 0,
        "standard_deviation": 0.006756210726642763
    },
    "ecSQ2_Set_Current": {
        "average": 1280.94,
        "current size": 2157,
        "first": 1280.94,
        "maximum": 1280.94,
        "minimum": 1280.94,
        "most_common": 1280.94,
        "num_of_undefined": 0,
        "standard_deviation": 0.0
    },
    "ecSQ3_I_coarse": {
        "average": 843.5545,
        "current size": 2157,
        "first": 843.523,
        "maximum": 843.586,
        "minimum": 843.523,
        "most_common": 843.523,
        "num_of_undefined": 0,
        "standard_deviation": 0.031108540684227252
    },
    "ecSQ3_Set_Current": {
        "average": 842.846,
        "current size": 2157,
        "first": 842.846,
        "maximum": 842.846,
        "minimum": 842.846,
        "most_common": 842.846,
        "num_of_undefined": 0,
        "standard_deviation": 1.1368683772161603e-13
    },
    "ecHMS_Angle": {
        "average": 16.75,
        "current size": 2157,
        "first": 16.75,
        "maximum": 16.75,
        "minimum": 16.75,
        "most_common": 16.75,
        "num_of_undefined": 0,
        "standard_deviation": 0.0
    },
    "ecSHMS_Angle": {
        "average": 10.31,
        "current size": 2157,
        "first": 10.31,
        "maximum": 10.31,
        "minimum": 10.31,
        "most_common": 10.31,
        "num_of_undefined": 0,
        "standard_deviation": 1.7763568394002505e-15
    },
    "hcBDSPOS": {
        "average": 5460580.0,
        "current size": 2157,
        "first": 5460580.0,
        "maximum": 5460580.0,
        "minimum": 5460580.0,
        "most_common": 5460580.0,
        "num_of_undefined": 0,
        "standard_deviation": 0.0
    }
}