{
    "RunNumber": "25326",
    "ecDI_B_Set_NMR": {
        "average": 0.0,
        "current size": 227,
        "first": 0.0,
        "maximum": 0.0,
        "minimum": 0.0,
        "most_common": 0.0,
        "num_of_undefined": 0,
        "standard_deviation": 0.0
    },
    "ecDI_B_True_NMR": {
        "average": 0.7660635,
        "current size": 227,
        "first": 0.766059,
        "maximum": 0.766068,
        "minimum": 0.766059,
        "most_common": 0.766065,
        "num_of_undefined": 0,
        "standard_deviation": 1.91670966294238e-06
    },
    "ecDI_I_coarse": {
        "average": 1112.125,
        "current size": 227,
        "first": 1112.1,
        "maximum": 1112.15,
        "minimum": 1112.1,
        "most_common": 1112.1,
        "num_of_undefined": 0,
        "standard_deviation": 0.011188039735018933
    },
    "ecDI_Set_Current": {
        "average": 1116.11,
        "current size": 227,
        "first": 1116.11,
        "maximum": 1116.11,
        "minimum": 1116.11,
        "most_common": 1116.11,
        "num_of_undefined": 0,
        "standard_deviation": 2.2737367544323206e-13
    },
    "ecQ1_I_coarse": {
        "average": 474.1905,
        "current size": 227,
        "first": 474.181,
        "maximum": 474.2,
        "minimum": 474.181,
        "most_common": 474.181,
        "num_of_undefined": 0,
        "standard_deviation": 0.006940578614820139
    },
    "ecQ1_Set_Current": {
        "average": 474.48,
        "current size": 227,
        "first": 474.48,
        "maximum": 474.48,
        "minimum": 474.48,
        "most_common": 474.48,
        "num_of_undefined": 0,
        "standard_deviation": 1.7053025658242404e-13
    },
    "ecQ2_I_coarse": {
        "average": 377.21,
        "current size": 227,
        "first": 377.21,
        "maximum": 377.21,
        "minimum": 377.21,
        "most_common": 377.21,
        "num_of_undefined": 0,
        "standard_deviation": 5.684341886080802e-14
    },
    "ecQ2_Set_Current": {
        "average": 377.268,
        "current size": 227,
        "first": 377.268,
        "maximum": 377.268,
        "minimum": 377.268,
        "most_common": 377.268,
        "num_of_undefined": 0,
        "standard_deviation": 5.684341886080802e-14
    },
    "ecQ3_I_coarse": {
        "average": 182.982,
        "current size": 227,
        "first": 182.992,
        "maximum": 182.992,
        "minimum": 182.972,
        "most_common": 182.992,
        "num_of_undefined": 0,
        "standard_deviation": 0.007836953641556604
    },
    "ecQ3_Set_Current": {
        "average": 183.446,
        "current size": 227,
        "first": 183.446,
        "maximum": 183.446,
        "minimum": 183.446,
        "most_common": 183.446,
        "num_of_undefined": 0,
        "standard_deviation": 5.684341886080802e-14
    },
    "ecSDI_I_coarse": {
        "average": 833.964,
        "current size": 227,
        "first": 833.964,
        "maximum": 833.964,
        "minimum": 833.964,
        "most_common": 833.964,
        "num_of_undefined": 0,
        "standard_deviation": 1.1368683772161603e-13
    },
    "ecSDI_Set_Current": {
        "average": 834.343,
        "current size": 227,
        "first": 834.343,
        "maximum": 834.343,
        "minimum": 834.343,
        "most_common": 834.343,
        "num_of_undefined": 0,
        "standard_deviation": 2.2737367544323206e-13
    },
    "ecSHB_I_coarse": {
        "average": 863.836,
        "current size": 227,
        "first": 863.836,
        "maximum": 863.836,
        "minimum": 863.836,
        "most_common": 863.836,
        "num_of_undefined": 0,
        "standard_deviation": 2.2737367544323206e-13
    },
    "ecSHB_Set_Current": {
        "average": 865.468,
        "current size": 227,
        "first": 865.468,
        "maximum": 865.468,
        "minimum": 865.468,
        "most_common": 865.468,
        "num_of_undefined": 0,
        "standard_deviation": 2.2737367544323206e-13
    },
    "ecSQ1_I_coarse": {
        "average": 549.1955,
        "current size": 227,
        "first": 549.196,
        "maximum": 549.258,
        "minimum": 549.133,
        "most_common": 549.196,
        "num_of_undefined": 0,
        "standard_deviation": 0.021084021676052295
    },
    "ecSQ1_Set_Current": {
        "average": 549.071,
        "current size": 227,
        "first": 549.071,
        "maximum": 549.071,
        "minimum": 549.071,
        "most_common": 549.071,
        "num_of_undefined": 0,
        "standard_deviation": 0.0
    },
    "ecSQ2_I_coarse": {
        "average": 921.913,
        "current size": 227,
        "first": 921.913,
        "maximum": 921.913,
        "minimum": 921.913,
        "most_common": 921.913,
        "num_of_undefined": 0,
        "standard_deviation": 3.410605131648481e-13
    },
    "ecSQ2_Set_Current": {
        "average": 922.262,
        "current size": 227,
        "first": 922.262,
        "maximum": 922.262,
        "minimum": 922.262,
        "most_common": 922.262,
        "num_of_undefined": 0,
        "standard_deviation": 2.2737367544323206e-13
    },
    "ecSQ3_I_coarse": {
        "average": 607.3330000000001,
        "current size": 227,
        "first": 607.364,
        "maximum": 607.364,
        "minimum": 607.302,
        "most_common": 607.364,
        "num_of_undefined": 0,
        "standard_deviation": 0.0305390539776611
    },
    "ecSQ3_Set_Current": {
        "average": 606.84,
        "current size": 227,
        "first": 606.84,
        "maximum": 606.84,
        "minimum": 606.84,
        "most_common": 606.84,
        "num_of_undefined": 0,
        "standard_deviation": 1.1368683772161603e-13
    },
    "ecHMS_Angle": {
        "average": 16.75,
        "current size": 227,
        "first": 16.75,
        "maximum": 16.75,
        "minimum": 16.75,
        "most_common": 16.75,
        "num_of_undefined": 0,
        "standard_deviation": 0.0
    },
    "ecSHMS_Angle": {
        "average": 10.31,
        "current size": 227,
        "first": 10.31,
        "maximum": 10.31,
        "minimum": 10.31,
        "most_common": 10.31,
        "num_of_undefined": 0,
        "standard_deviation": 1.7763568394002505e-15
    },
    "hcBDSPOS": {
        "average": 4745270.0,
        "current size": 227,
        "first": 4745270.0,
        "maximum": 4745270.0,
        "minimum": 4745270.0,
        "most_common": 4745270.0,
        "num_of_undefined": 0,
        "standard_deviation": 0.0
    }
}