{
    "RunNumber": "25358",
    "ecDI_B_Set_NMR": {
        "average": 0.997057,
        "current size": 2105,
        "first": 0.997057,
        "maximum": 0.997057,
        "minimum": 0.997057,
        "most_common": 0.997057,
        "num_of_undefined": 0,
        "standard_deviation": 1.1102230246251565e-16
    },
    "ecDI_B_True_NMR": {
        "average": 0.9970190000000001,
        "current size": 2105,
        "first": 0.99702,
        "maximum": 0.997021,
        "minimum": 0.997017,
        "most_common": 0.997019,
        "num_of_undefined": 0,
        "standard_deviation": 8.259691235832263e-07
    },
    "ecDI_I_coarse": {
        "average": 1112.83,
        "current size": 2105,
        "first": 1112.85,
        "maximum": 1112.85,
        "minimum": 1112.81,
        "most_common": 1112.85,
        "num_of_undefined": 0,
        "standard_deviation": 0.008177559114629763
    },
    "ecDI_Set_Current": {
        "average": 1116.85,
        "current size": 2105,
        "first": 1116.85,
        "maximum": 1116.85,
        "minimum": 1116.85,
        "most_common": 1116.85,
        "num_of_undefined": 0,
        "standard_deviation": 0.0
    },
    "ecQ1_I_coarse": {
        "average": 474.1805,
        "current size": 2105,
        "first": 474.181,
        "maximum": 474.2,
        "minimum": 474.161,
        "most_common": 474.181,
        "num_of_undefined": 0,
        "standard_deviation": 0.0021154787422459588
    },
    "ecQ1_Set_Current": {
        "average": 474.48,
        "current size": 2105,
        "first": 474.48,
        "maximum": 474.48,
        "minimum": 474.48,
        "most_common": 474.48,
        "num_of_undefined": 0,
        "standard_deviation": 1.7053025658242404e-13
    },
    "ecQ2_I_coarse": {
        "average": 377.2,
        "current size": 2105,
        "first": 377.19,
        "maximum": 377.21,
        "minimum": 377.19,
        "most_common": 377.21,
        "num_of_undefined": 0,
        "standard_deviation": 0.008452052749633343
    },
    "ecQ2_Set_Current": {
        "average": 377.268,
        "current size": 2105,
        "first": 377.268,
        "maximum": 377.268,
        "minimum": 377.268,
        "most_common": 377.268,
        "num_of_undefined": 0,
        "standard_deviation": 0.0
    },
    "ecQ3_I_coarse": {
        "average": 182.982,
        "current size": 2105,
        "first": 182.972,
        "maximum": 182.992,
        "minimum": 182.972,
        "most_common": 182.992,
        "num_of_undefined": 0,
        "standard_deviation": 0.009915544310240576
    },
    "ecQ3_Set_Current": {
        "average": 183.446,
        "current size": 2105,
        "first": 183.446,
        "maximum": 183.446,
        "minimum": 183.446,
        "most_common": 183.446,
        "num_of_undefined": 0,
        "standard_deviation": 2.842170943040401e-14
    },
    "ecSDI_I_coarse": {
        "average": 1158.48,
        "current size": 2105,
        "first": 1158.54,
        "maximum": 1158.54,
        "minimum": 1158.42,
        "most_common": 1158.54,
        "num_of_undefined": 0,
        "standard_deviation": 0.00452695449601682
    },
    "ecSDI_Set_Current": {
        "average": 1158.83,
        "current size": 2105,
        "first": 1158.83,
        "maximum": 1158.83,
        "minimum": 1158.83,
        "most_common": 1158.83,
        "num_of_undefined": 0,
        "standard_deviation": 0.0
    },
    "ecSHB_I_coarse": {
        "average": 1203.475,
        "current size": 2105,
        "first": 1203.55,
        "maximum": 1203.55,
        "minimum": 1203.4,
        "most_common": 1203.4,
        "num_of_undefined": 0,
        "standard_deviation": 0.070566613362229
    },
    "ecSHB_Set_Current": {
        "average": 1205.47,
        "current size": 2105,
        "first": 1205.47,
        "maximum": 1205.47,
        "minimum": 1205.47,
        "most_common": 1205.47,
        "num_of_undefined": 0,
        "standard_deviation": 2.2737367544323206e-13
    },
    "ecSQ1_I_coarse": {
        "average": 762.7895000000001,
        "current size": 2105,
        "first": 762.758,
        "maximum": 762.821,
        "minimum": 762.758,
        "most_common": 762.758,
        "num_of_undefined": 0,
        "standard_deviation": 0.028281060920724625
    },
    "ecSQ1_Set_Current": {
        "average": 762.61,
        "current size": 2105,
        "first": 762.61,
        "maximum": 762.61,
        "minimum": 762.61,
        "most_common": 762.61,
        "num_of_undefined": 0,
        "standard_deviation": 0.0
    },
    "ecSQ2_I_coarse": {
        "average": 1280.205,
        "current size": 2105,
        "first": 1280.21,
        "maximum": 1280.27,
        "minimum": 1280.14,
        "most_common": 1280.21,
        "num_of_undefined": 0,
        "standard_deviation": 0.008237913236562833
    },
    "ecSQ2_Set_Current": {
        "average": 1280.94,
        "current size": 2105,
        "first": 1280.94,
        "maximum": 1280.94,
        "minimum": 1280.94,
        "most_common": 1280.94,
        "num_of_undefined": 0,
        "standard_deviation": 0.0
    },
    "ecSQ3_I_coarse": {
        "average": 843.523,
        "current size": 2105,
        "first": 843.523,
        "maximum": 843.586,
        "minimum": 843.46,
        "most_common": 843.523,
        "num_of_undefined": 0,
        "standard_deviation": 0.02230034662447668
    },
    "ecSQ3_Set_Current": {
        "average": 842.846,
        "current size": 2105,
        "first": 842.846,
        "maximum": 842.846,
        "minimum": 842.846,
        "most_common": 842.846,
        "num_of_undefined": 0,
        "standard_deviation": 3.410605131648481e-13
    },
    "ecHMS_Angle": {
        "average": 16.75,
        "current size": 2105,
        "first": 16.75,
        "maximum": 16.75,
        "minimum": 16.75,
        "most_common": 16.75,
        "num_of_undefined": 0,
        "standard_deviation": 0.0
    },
    "ecSHMS_Angle": {
        "average": 13.51,
        "current size": 2105,
        "first": 13.51,
        "maximum": 13.51,
        "minimum": 13.51,
        "most_common": 13.51,
        "num_of_undefined": 0,
        "standard_deviation": 0.0
    },
    "hcBDSPOS": {
        "average": 24018300.0,
        "current size": 2105,
        "first": 24018300.0,
        "maximum": 24018300.0,
        "minimum": 24018300.0,
        "most_common": 24018300.0,
        "num_of_undefined": 0,
        "standard_deviation": 0.0
    }
}