{
    "RunNumber": "25465",
    "ecDI_B_Set_NMR": {
        "average": 0.997057,
        "current size": 2905,
        "first": 0.997057,
        "maximum": 0.997057,
        "minimum": 0.997057,
        "most_common": 0.997057,
        "num_of_undefined": 0,
        "standard_deviation": 1.1102230246251565e-16
    },
    "ecDI_B_True_NMR": {
        "average": 0.9970565,
        "current size": 2905,
        "first": 0.997056,
        "maximum": 0.997059,
        "minimum": 0.997054,
        "most_common": 0.997056,
        "num_of_undefined": 0,
        "standard_deviation": 1.000256572541114e-06
    },
    "ecDI_I_coarse": {
        "average": 1113.06,
        "current size": 2905,
        "first": 1113.13,
        "maximum": 1113.13,
        "minimum": 1112.99,
        "most_common": 1113.13,
        "num_of_undefined": 0,
        "standard_deviation": 0.017810830931460936
    },
    "ecDI_Set_Current": {
        "average": 1117.14,
        "current size": 2905,
        "first": 1117.14,
        "maximum": 1117.14,
        "minimum": 1117.14,
        "most_common": 1117.14,
        "num_of_undefined": 0,
        "standard_deviation": 4.547473508864641e-13
    },
    "ecQ1_I_coarse": {
        "average": 474.1805,
        "current size": 2905,
        "first": 474.181,
        "maximum": 474.2,
        "minimum": 474.161,
        "most_common": 474.181,
        "num_of_undefined": 0,
        "standard_deviation": 0.0038142582784464925
    },
    "ecQ1_Set_Current": {
        "average": 474.48,
        "current size": 2905,
        "first": 474.48,
        "maximum": 474.48,
        "minimum": 474.48,
        "most_common": 474.48,
        "num_of_undefined": 0,
        "standard_deviation": 1.1368683772161603e-13
    },
    "ecQ2_I_coarse": {
        "average": 377.2,
        "current size": 2905,
        "first": 377.21,
        "maximum": 377.21,
        "minimum": 377.19,
        "most_common": 377.21,
        "num_of_undefined": 0,
        "standard_deviation": 0.007081878107691958
    },
    "ecQ2_Set_Current": {
        "average": 377.268,
        "current size": 2905,
        "first": 377.268,
        "maximum": 377.268,
        "minimum": 377.268,
        "most_common": 377.268,
        "num_of_undefined": 0,
        "standard_deviation": 5.684341886080802e-14
    },
    "ecQ3_I_coarse": {
        "average": 182.982,
        "current size": 2905,
        "first": 182.992,
        "maximum": 182.992,
        "minimum": 182.972,
        "most_common": 182.992,
        "num_of_undefined": 0,
        "standard_deviation": 0.00809645579370942
    },
    "ecQ3_Set_Current": {
        "average": 183.446,
        "current size": 2905,
        "first": 183.446,
        "maximum": 183.446,
        "minimum": 183.446,
        "most_common": 183.446,
        "num_of_undefined": 0,
        "standard_deviation": 2.842170943040401e-14
    },
    "ecSDI_I_coarse": {
        "average": 1158.48,
        "current size": 2905,
        "first": 1158.54,
        "maximum": 1158.54,
        "minimum": 1158.42,
        "most_common": 1158.54,
        "num_of_undefined": 0,
        "standard_deviation": 0.032011610609547096
    },
    "ecSDI_Set_Current": {
        "average": 1158.83,
        "current size": 2905,
        "first": 1158.83,
        "maximum": 1158.83,
        "minimum": 1158.83,
        "most_common": 1158.83,
        "num_of_undefined": 0,
        "standard_deviation": 2.2737367544323206e-13
    },
    "ecSHB_I_coarse": {
        "average": 1203.475,
        "current size": 2905,
        "first": 1203.4,
        "maximum": 1203.55,
        "minimum": 1203.4,
        "most_common": 1203.4,
        "num_of_undefined": 0,
        "standard_deviation": 0.06023111303765237
    },
    "ecSHB_Set_Current": {
        "average": 1205.47,
        "current size": 2905,
        "first": 1205.47,
        "maximum": 1205.47,
        "minimum": 1205.47,
        "most_common": 1205.47,
        "num_of_undefined": 0,
        "standard_deviation": 2.2737367544323206e-13
    },
    "ecSQ1_I_coarse": {
        "average": 762.6955,
        "current size": 2905,
        "first": 762.758,
        "maximum": 762.758,
        "minimum": 762.633,
        "most_common": 762.696,
        "num_of_undefined": 0,
        "standard_deviation": 0.03112851252318558
    },
    "ecSQ1_Set_Current": {
        "average": 762.61,
        "current size": 2905,
        "first": 762.61,
        "maximum": 762.61,
        "minimum": 762.61,
        "most_common": 762.61,
        "num_of_undefined": 0,
        "standard_deviation": 1.1368683772161603e-13
    },
    "ecSQ2_I_coarse": {
        "average": 1280.24,
        "current size": 2905,
        "first": 1280.21,
        "maximum": 1280.27,
        "minimum": 1280.21,
        "most_common": 1280.21,
        "num_of_undefined": 0,
        "standard_deviation": 0.020674688478453676
    },
    "ecSQ2_Set_Current": {
        "average": 1280.94,
        "current size": 2905,
        "first": 1280.94,
        "maximum": 1280.94,
        "minimum": 1280.94,
        "most_common": 1280.94,
        "num_of_undefined": 0,
        "standard_deviation": 2.2737367544323206e-13
    },
    "ecSQ3_I_coarse": {
        "average": 843.523,
        "current size": 2905,
        "first": 843.523,
        "maximum": 843.586,
        "minimum": 843.46,
        "most_common": 843.523,
        "num_of_undefined": 0,
        "standard_deviation": 0.020110011849106255
    },
    "ecSQ3_Set_Current": {
        "average": 842.846,
        "current size": 2905,
        "first": 842.846,
        "maximum": 842.846,
        "minimum": 842.846,
        "most_common": 842.846,
        "num_of_undefined": 0,
        "standard_deviation": 3.410605131648481e-13
    },
    "ecHMS_Angle": {
        "average": 16.75,
        "current size": 2905,
        "first": 16.75,
        "maximum": 16.75,
        "minimum": 16.75,
        "most_common": 16.75,
        "num_of_undefined": 0,
        "standard_deviation": 0.0
    },
    "ecSHMS_Angle": {
        "average": 13.52,
        "current size": 2905,
        "first": 13.52,
        "maximum": 13.52,
        "minimum": 13.52,
        "most_common": 13.52,
        "num_of_undefined": 0,
        "standard_deviation": 1.7763568394002505e-15
    },
    "hcBDSPOS": {
        "average": 24018300.0,
        "current size": 2905,
        "first": 24018300.0,
        "maximum": 24018300.0,
        "minimum": 24018300.0,
        "most_common": 24018300.0,
        "num_of_undefined": 0,
        "standard_deviation": 0.0
    }
}