{
    "RunNumber": "25518",
    "ecDI_B_Set_NMR": {
        "average": 0.997057,
        "current size": 2412,
        "first": 0.997057,
        "maximum": 0.997057,
        "minimum": 0.997057,
        "most_common": 0.997057,
        "num_of_undefined": 0,
        "standard_deviation": 0.0
    },
    "ecDI_B_True_NMR": {
        "average": 0.9970715,
        "current size": 2412,
        "first": 0.997071,
        "maximum": 0.997074,
        "minimum": 0.997069,
        "most_common": 0.997071,
        "num_of_undefined": 0,
        "standard_deviation": 9.329683893083307e-07
    },
    "ecDI_I_coarse": {
        "average": 1114.2350000000001,
        "current size": 2412,
        "first": 1114.21,
        "maximum": 1114.26,
        "minimum": 1114.21,
        "most_common": 1114.26,
        "num_of_undefined": 0,
        "standard_deviation": 0.02475915070193305
    },
    "ecDI_Set_Current": {
        "average": 1118.25,
        "current size": 2412,
        "first": 1118.25,
        "maximum": 1118.25,
        "minimum": 1118.25,
        "most_common": 1118.25,
        "num_of_undefined": 0,
        "standard_deviation": 0.0
    },
    "ecQ1_I_coarse": {
        "average": 474.171,
        "current size": 2412,
        "first": 474.181,
        "maximum": 474.181,
        "minimum": 474.161,
        "most_common": 474.181,
        "num_of_undefined": 0,
        "standard_deviation": 0.009997851169935287
    },
    "ecQ1_Set_Current": {
        "average": 474.48,
        "current size": 2412,
        "first": 474.48,
        "maximum": 474.48,
        "minimum": 474.48,
        "most_common": 474.48,
        "num_of_undefined": 0,
        "standard_deviation": 0.0
    },
    "ecQ2_I_coarse": {
        "average": 377.2,
        "current size": 2412,
        "first": 377.19,
        "maximum": 377.21,
        "minimum": 377.19,
        "most_common": 377.19,
        "num_of_undefined": 0,
        "standard_deviation": 0.009030577873975796
    },
    "ecQ2_Set_Current": {
        "average": 377.268,
        "current size": 2412,
        "first": 377.268,
        "maximum": 377.268,
        "minimum": 377.268,
        "most_common": 377.268,
        "num_of_undefined": 0,
        "standard_deviation": 0.0
    },
    "ecQ3_I_coarse": {
        "average": 182.982,
        "current size": 2412,
        "first": 182.972,
        "maximum": 182.992,
        "minimum": 182.972,
        "most_common": 182.992,
        "num_of_undefined": 0,
        "standard_deviation": 0.005758167679582666
    },
    "ecQ3_Set_Current": {
        "average": 183.446,
        "current size": 2412,
        "first": 183.446,
        "maximum": 183.446,
        "minimum": 183.446,
        "most_common": 183.446,
        "num_of_undefined": 0,
        "standard_deviation": 2.842170943040401e-14
    },
    "ecSDI_I_coarse": {
        "average": 1158.48,
        "current size": 2412,
        "first": 1158.42,
        "maximum": 1158.54,
        "minimum": 1158.42,
        "most_common": 1158.54,
        "num_of_undefined": 0,
        "standard_deviation": 0.041603315617821844
    },
    "ecSDI_Set_Current": {
        "average": 1158.83,
        "current size": 2412,
        "first": 1158.83,
        "maximum": 1158.83,
        "minimum": 1158.83,
        "most_common": 1158.83,
        "num_of_undefined": 0,
        "standard_deviation": 0.0
    },
    "ecSHB_I_coarse": {
        "average": 1203.475,
        "current size": 2412,
        "first": 1203.4,
        "maximum": 1203.55,
        "minimum": 1203.4,
        "most_common": 1203.4,
        "num_of_undefined": 0,
        "standard_deviation": 0.019155844087722335
    },
    "ecSHB_Set_Current": {
        "average": 1205.47,
        "current size": 2412,
        "first": 1205.47,
        "maximum": 1205.47,
        "minimum": 1205.47,
        "most_common": 1205.47,
        "num_of_undefined": 0,
        "standard_deviation": 0.0
    },
    "ecSQ1_I_coarse": {
        "average": 762.6955,
        "current size": 2412,
        "first": 762.696,
        "maximum": 762.758,
        "minimum": 762.633,
        "most_common": 762.696,
        "num_of_undefined": 0,
        "standard_deviation": 0.017510365642490387
    },
    "ecSQ1_Set_Current": {
        "average": 762.61,
        "current size": 2412,
        "first": 762.61,
        "maximum": 762.61,
        "minimum": 762.61,
        "most_common": 762.61,
        "num_of_undefined": 0,
        "standard_deviation": 2.2737367544323206e-13
    },
    "ecSQ2_I_coarse": {
        "average": 1280.24,
        "current size": 2412,
        "first": 1280.21,
        "maximum": 1280.27,
        "minimum": 1280.21,
        "most_common": 1280.21,
        "num_of_undefined": 0,
        "standard_deviation": 0.025285613859653944
    },
    "ecSQ2_Set_Current": {
        "average": 1280.94,
        "current size": 2412,
        "first": 1280.94,
        "maximum": 1280.94,
        "minimum": 1280.94,
        "most_common": 1280.94,
        "num_of_undefined": 0,
        "standard_deviation": 4.547473508864641e-13
    },
    "ecSQ3_I_coarse": {
        "average": 843.523,
        "current size": 2412,
        "first": 843.523,
        "maximum": 843.586,
        "minimum": 843.46,
        "most_common": 843.523,
        "num_of_undefined": 0,
        "standard_deviation": 0.024475650631284155
    },
    "ecSQ3_Set_Current": {
        "average": 842.846,
        "current size": 2412,
        "first": 842.846,
        "maximum": 842.846,
        "minimum": 842.846,
        "most_common": 842.846,
        "num_of_undefined": 0,
        "standard_deviation": 2.2737367544323206e-13
    },
    "ecHMS_Angle": {
        "average": 16.75,
        "current size": 2412,
        "first": 16.75,
        "maximum": 16.75,
        "minimum": 16.75,
        "most_common": 16.75,
        "num_of_undefined": 0,
        "standard_deviation": 0.0
    },
    "ecSHMS_Angle": {
        "average": 8.11,
        "current size": 2412,
        "first": 8.11,
        "maximum": 8.11,
        "minimum": 8.11,
        "most_common": 8.11,
        "num_of_undefined": 0,
        "standard_deviation": 0.0
    },
    "hcBDSPOS": {
        "average": 31648900.0,
        "current size": 2412,
        "first": 31648900.0,
        "maximum": 31648900.0,
        "minimum": 31648900.0,
        "most_common": 31648900.0,
        "num_of_undefined": 0,
        "standard_deviation": 0.0
    }
}