{
    "RunNumber": "23837",
    "ecDI_B_Set_NMR": {
        "average": 0.624188,
        "current size": 210,
        "first": 0.624188,
        "maximum": 0.624188,
        "minimum": 0.624188,
        "most_common": 0.624188,
        "num_of_undefined": 0,
        "standard_deviation": 1.1102230246251565e-16
    },
    "ecDI_B_True_NMR": {
        "average": 0.6242855,
        "current size": 210,
        "first": 0.624286,
        "maximum": 0.624286,
        "minimum": 0.624285,
        "most_common": 0.624285,
        "num_of_undefined": 0,
        "standard_deviation": 2.6530263385875503e-07
    },
    "ecDI_I_coarse": {
        "average": 694.752,
        "current size": 210,
        "first": 694.729,
        "maximum": 694.775,
        "minimum": 694.729,
        "most_common": 694.729,
        "num_of_undefined": 0,
        "standard_deviation": 0.02098288688309779
    },
    "ecDI_Set_Current": {
        "average": 698.071,
        "current size": 210,
        "first": 698.071,
        "maximum": 698.071,
        "minimum": 698.071,
        "most_common": 698.071,
        "num_of_undefined": 0,
        "standard_deviation": 0.0
    },
    "ecQ1_I_coarse": {
        "average": 296.808,
        "current size": 210,
        "first": 296.798,
        "maximum": 296.818,
        "minimum": 296.798,
        "most_common": 296.818,
        "num_of_undefined": 0,
        "standard_deviation": 0.009322150735259953
    },
    "ecQ1_Set_Current": {
        "average": 296.988,
        "current size": 210,
        "first": 296.988,
        "maximum": 296.988,
        "minimum": 296.988,
        "most_common": 296.988,
        "num_of_undefined": 0,
        "standard_deviation": 5.684341886080802e-14
    },
    "ecQ2_I_coarse": {
        "average": 235.956,
        "current size": 210,
        "first": 235.956,
        "maximum": 235.956,
        "minimum": 235.956,
        "most_common": 235.956,
        "num_of_undefined": 0,
        "standard_deviation": 2.842170943040401e-14
    },
    "ecQ2_Set_Current": {
        "average": 236.079,
        "current size": 210,
        "first": 236.079,
        "maximum": 236.079,
        "minimum": 236.079,
        "most_common": 236.079,
        "num_of_undefined": 0,
        "standard_deviation": 5.684341886080802e-14
    },
    "ecQ3_I_coarse": {
        "average": 114.289,
        "current size": 210,
        "first": 114.299,
        "maximum": 114.299,
        "minimum": 114.279,
        "most_common": 114.279,
        "num_of_undefined": 0,
        "standard_deviation": 0.00839825054668948
    },
    "ecQ3_Set_Current": {
        "average": 114.744,
        "current size": 210,
        "first": 114.744,
        "maximum": 114.744,
        "minimum": 114.744,
        "most_common": 114.744,
        "num_of_undefined": 0,
        "standard_deviation": 1.4210854715202004e-14
    },
    "ecSDI_I_coarse": {
        "average": 2256.085,
        "current size": 210,
        "first": 2256.02,
        "maximum": 2256.15,
        "minimum": 2256.02,
        "most_common": 2256.15,
        "num_of_undefined": 0,
        "standard_deviation": 0.0639269708055899
    },
    "ecSDI_Set_Current": {
        "average": 2255.76,
        "current size": 210,
        "first": 2255.76,
        "maximum": 2255.76,
        "minimum": 2255.76,
        "most_common": 2255.76,
        "num_of_undefined": 0,
        "standard_deviation": 9.094947017729282e-13
    },
    "ecSHB_I_coarse": {
        "average": 2393.5,
        "current size": 210,
        "first": 2393.5,
        "maximum": 2393.5,
        "minimum": 2393.5,
        "most_common": 2393.5,
        "num_of_undefined": 0,
        "standard_deviation": 0.0
    },
    "ecSHB_Set_Current": {
        "average": 2396.8,
        "current size": 210,
        "first": 2396.8,
        "maximum": 2396.8,
        "minimum": 2396.8,
        "most_common": 2396.8,
        "num_of_undefined": 0,
        "standard_deviation": 9.094947017729282e-13
    },
    "ecSQ1_I_coarse": {
        "average": 1491.2150000000001,
        "current size": 210,
        "first": 1491.25,
        "maximum": 1491.25,
        "minimum": 1491.18,
        "most_common": 1491.25,
        "num_of_undefined": 0,
        "standard_deviation": 0.0067986926847841975
    },
    "ecSQ1_Set_Current": {
        "average": 1490.74,
        "current size": 210,
        "first": 1490.74,
        "maximum": 1490.74,
        "minimum": 1490.74,
        "most_common": 1490.74,
        "num_of_undefined": 0,
        "standard_deviation": 0.0
    },
    "ecSQ2_I_coarse": {
        "average": 2491.8100000000004,
        "current size": 210,
        "first": 2491.78,
        "maximum": 2491.84,
        "minimum": 2491.78,
        "most_common": 2491.78,
        "num_of_undefined": 0,
        "standard_deviation": 0.012777531299987177
    },
    "ecSQ2_Set_Current": {
        "average": 2493.46,
        "current size": 210,
        "first": 2493.46,
        "maximum": 2493.46,
        "minimum": 2493.46,
        "most_common": 2493.46,
        "num_of_undefined": 0,
        "standard_deviation": 9.094947017729282e-13
    },
    "ecSQ3_I_coarse": {
        "average": 1642.225,
        "current size": 210,
        "first": 1642.19,
        "maximum": 1642.26,
        "minimum": 1642.19,
        "most_common": 1642.19,
        "num_of_undefined": 0,
        "standard_deviation": 0.03095516470995558
    },
    "ecSQ3_Set_Current": {
        "average": 1640.67,
        "current size": 210,
        "first": 1640.67,
        "maximum": 1640.67,
        "minimum": 1640.67,
        "most_common": 1640.67,
        "num_of_undefined": 0,
        "standard_deviation": 0.0
    },
    "hcBDSPOS": {
        "average": 4745260.0,
        "current size": 210,
        "first": 4745260.0,
        "maximum": 4745260.0,
        "minimum": 4745260.0,
        "most_common": 4745260.0,
        "num_of_undefined": 0,
        "standard_deviation": 0.0
    }
}