{
    "RunNumber": "23846",
    "ecDI_B_Set_NMR": {
        "average": 0.624188,
        "current size": 3305,
        "first": 0.624188,
        "maximum": 0.624188,
        "minimum": 0.624188,
        "most_common": 0.624188,
        "num_of_undefined": 0,
        "standard_deviation": 1.1102230246251565e-16
    },
    "ecDI_B_True_NMR": {
        "average": 0.6242845,
        "current size": 3305,
        "first": 0.624284,
        "maximum": 0.624286,
        "minimum": 0.624283,
        "most_common": 0.624284,
        "num_of_undefined": 0,
        "standard_deviation": 5.120536873790956e-07
    },
    "ecDI_I_coarse": {
        "average": 694.7284999999999,
        "current size": 3305,
        "first": 694.729,
        "maximum": 694.775,
        "minimum": 694.682,
        "most_common": 694.729,
        "num_of_undefined": 0,
        "standard_deviation": 0.020550083505937823
    },
    "ecDI_Set_Current": {
        "average": 698.071,
        "current size": 3305,
        "first": 698.071,
        "maximum": 698.071,
        "minimum": 698.071,
        "most_common": 698.071,
        "num_of_undefined": 0,
        "standard_deviation": 1.1368683772161603e-13
    },
    "ecQ1_I_coarse": {
        "average": 296.808,
        "current size": 3305,
        "first": 296.818,
        "maximum": 296.818,
        "minimum": 296.798,
        "most_common": 296.818,
        "num_of_undefined": 0,
        "standard_deviation": 0.006916435360696991
    },
    "ecQ1_Set_Current": {
        "average": 296.988,
        "current size": 3305,
        "first": 296.988,
        "maximum": 296.988,
        "minimum": 296.988,
        "most_common": 296.988,
        "num_of_undefined": 0,
        "standard_deviation": 5.684341886080802e-14
    },
    "ecQ2_I_coarse": {
        "average": 235.966,
        "current size": 3305,
        "first": 235.956,
        "maximum": 235.976,
        "minimum": 235.956,
        "most_common": 235.956,
        "num_of_undefined": 0,
        "standard_deviation": 0.005288519907097573
    },
    "ecQ2_Set_Current": {
        "average": 236.079,
        "current size": 3305,
        "first": 236.079,
        "maximum": 236.079,
        "minimum": 236.079,
        "most_common": 236.079,
        "num_of_undefined": 0,
        "standard_deviation": 2.842170943040401e-14
    },
    "ecQ3_I_coarse": {
        "average": 114.289,
        "current size": 3305,
        "first": 114.279,
        "maximum": 114.299,
        "minimum": 114.279,
        "most_common": 114.279,
        "num_of_undefined": 0,
        "standard_deviation": 0.00906836488079675
    },
    "ecQ3_Set_Current": {
        "average": 114.744,
        "current size": 3305,
        "first": 114.744,
        "maximum": 114.744,
        "minimum": 114.744,
        "most_common": 114.744,
        "num_of_undefined": 0,
        "standard_deviation": 2.842170943040401e-14
    },
    "ecSDI_I_coarse": {
        "average": 2256.085,
        "current size": 3305,
        "first": 2256.15,
        "maximum": 2256.15,
        "minimum": 2256.02,
        "most_common": 2256.15,
        "num_of_undefined": 0,
        "standard_deviation": 0.04064868824119117
    },
    "ecSDI_Set_Current": {
        "average": 2255.76,
        "current size": 3305,
        "first": 2255.76,
        "maximum": 2255.76,
        "minimum": 2255.76,
        "most_common": 2255.76,
        "num_of_undefined": 0,
        "standard_deviation": 4.547473508864641e-13
    },
    "ecSHB_I_coarse": {
        "average": 2393.58,
        "current size": 3305,
        "first": 2393.5,
        "maximum": 2393.66,
        "minimum": 2393.5,
        "most_common": 2393.5,
        "num_of_undefined": 0,
        "standard_deviation": 0.056227323492952536
    },
    "ecSHB_Set_Current": {
        "average": 2396.8,
        "current size": 3305,
        "first": 2396.8,
        "maximum": 2396.8,
        "minimum": 2396.8,
        "most_common": 2396.8,
        "num_of_undefined": 0,
        "standard_deviation": 4.547473508864641e-13
    },
    "ecSQ1_I_coarse": {
        "average": 1491.28,
        "current size": 3305,
        "first": 1491.25,
        "maximum": 1491.31,
        "minimum": 1491.25,
        "most_common": 1491.25,
        "num_of_undefined": 0,
        "standard_deviation": 0.028625302741514817
    },
    "ecSQ1_Set_Current": {
        "average": 1490.74,
        "current size": 3305,
        "first": 1490.74,
        "maximum": 1490.74,
        "minimum": 1490.74,
        "most_common": 1490.74,
        "num_of_undefined": 0,
        "standard_deviation": 2.2737367544323206e-13
    },
    "ecSQ2_I_coarse": {
        "average": 2491.8100000000004,
        "current size": 3305,
        "first": 2491.78,
        "maximum": 2491.84,
        "minimum": 2491.78,
        "most_common": 2491.78,
        "num_of_undefined": 0,
        "standard_deviation": 0.02191522452782308
    },
    "ecSQ2_Set_Current": {
        "average": 2493.46,
        "current size": 3305,
        "first": 2493.46,
        "maximum": 2493.46,
        "minimum": 2493.46,
        "most_common": 2493.46,
        "num_of_undefined": 0,
        "standard_deviation": 4.547473508864641e-13
    },
    "ecSQ3_I_coarse": {
        "average": 1642.225,
        "current size": 3305,
        "first": 1642.26,
        "maximum": 1642.26,
        "minimum": 1642.19,
        "most_common": 1642.19,
        "num_of_undefined": 0,
        "standard_deviation": 0.03388107152079785
    },
    "ecSQ3_Set_Current": {
        "average": 1640.67,
        "current size": 3305,
        "first": 1640.67,
        "maximum": 1640.67,
        "minimum": 1640.67,
        "most_common": 1640.67,
        "num_of_undefined": 0,
        "standard_deviation": 2.2737367544323206e-13
    },
    "hcBDSPOS": {
        "average": 24018300.0,
        "current size": 3305,
        "first": 24018300.0,
        "maximum": 24018300.0,
        "minimum": 24018300.0,
        "most_common": 24018300.0,
        "num_of_undefined": 0,
        "standard_deviation": 0.0
    }
}