{
    "RunNumber": "24099",
    "ecDI_B_Set_NMR": {
        "average": 0.41914,
        "current size": 3236,
        "first": 0.41914,
        "maximum": 0.41914,
        "minimum": 0.41914,
        "most_common": 0.41914,
        "num_of_undefined": 0,
        "standard_deviation": 1.6653345369377348e-16
    },
    "ecDI_B_True_NMR": {
        "average": 1.05567,
        "current size": 3236,
        "first": 1.05563,
        "maximum": 1.05576,
        "minimum": 1.05558,
        "most_common": 1.05563,
        "num_of_undefined": 0,
        "standard_deviation": 3.3263840940293505e-05
    },
    "ecDI_I_coarse": {
        "average": 464.6675,
        "current size": 3236,
        "first": 464.644,
        "maximum": 464.691,
        "minimum": 464.644,
        "most_common": 464.644,
        "num_of_undefined": 0,
        "standard_deviation": 0.02349351801642833
    },
    "ecDI_Set_Current": {
        "average": 467.537,
        "current size": 3236,
        "first": 467.537,
        "maximum": 467.537,
        "minimum": 467.537,
        "most_common": 467.537,
        "num_of_undefined": 0,
        "standard_deviation": 1.1368683772161603e-13
    },
    "ecQ1_I_coarse": {
        "average": 199.2595,
        "current size": 3236,
        "first": 199.26,
        "maximum": 199.279,
        "minimum": 199.24,
        "most_common": 199.26,
        "num_of_undefined": 0,
        "standard_deviation": 0.00418260057348989
    },
    "ecQ1_Set_Current": {
        "average": 199.38,
        "current size": 3236,
        "first": 199.38,
        "maximum": 199.38,
        "minimum": 199.38,
        "most_common": 199.38,
        "num_of_undefined": 0,
        "standard_deviation": 5.684341886080802e-14
    },
    "ecQ2_I_coarse": {
        "average": 158.31099999999998,
        "current size": 3236,
        "first": 158.301,
        "maximum": 158.321,
        "minimum": 158.301,
        "most_common": 158.301,
        "num_of_undefined": 0,
        "standard_deviation": 0.009718801892850746
    },
    "ecQ2_Set_Current": {
        "average": 158.436,
        "current size": 3236,
        "first": 158.436,
        "maximum": 158.436,
        "minimum": 158.436,
        "most_common": 158.436,
        "num_of_undefined": 0,
        "standard_deviation": 2.842170943040401e-14
    },
    "ecQ3_I_coarse": {
        "average": 76.5091,
        "current size": 3236,
        "first": 76.5189,
        "maximum": 76.5189,
        "minimum": 76.4993,
        "most_common": 76.4993,
        "num_of_undefined": 0,
        "standard_deviation": 0.008767177168257537
    },
    "ecQ3_Set_Current": {
        "average": 76.9636,
        "current size": 3236,
        "first": 76.9636,
        "maximum": 76.9636,
        "minimum": 76.9636,
        "most_common": 76.9636,
        "num_of_undefined": 0,
        "standard_deviation": 1.4210854715202004e-14
    },
    "ecSDI_I_coarse": {
        "average": 1158.605,
        "current size": 3236,
        "first": 1158.54,
        "maximum": 1158.67,
        "minimum": 1158.54,
        "most_common": 1158.54,
        "num_of_undefined": 0,
        "standard_deviation": 0.05290539440620864
    },
    "ecSDI_Set_Current": {
        "average": 1158.83,
        "current size": 3236,
        "first": 1158.83,
        "maximum": 1158.83,
        "minimum": 1158.83,
        "most_common": 1158.83,
        "num_of_undefined": 0,
        "standard_deviation": 0.0
    },
    "ecSHB_I_coarse": {
        "average": 1203.475,
        "current size": 3236,
        "first": 1203.55,
        "maximum": 1203.55,
        "minimum": 1203.4,
        "most_common": 1203.55,
        "num_of_undefined": 0,
        "standard_deviation": 0.07386843650668182
    },
    "ecSHB_Set_Current": {
        "average": 1205.47,
        "current size": 3236,
        "first": 1205.47,
        "maximum": 1205.47,
        "minimum": 1205.47,
        "most_common": 1205.47,
        "num_of_undefined": 0,
        "standard_deviation": 2.2737367544323206e-13
    },
    "ecSQ1_I_coarse": {
        "average": 762.8520000000001,
        "current size": 3236,
        "first": 762.883,
        "maximum": 762.883,
        "minimum": 762.821,
        "most_common": 762.883,
        "num_of_undefined": 0,
        "standard_deviation": 0.030522132113530036
    },
    "ecSQ1_Set_Current": {
        "average": 762.61,
        "current size": 3236,
        "first": 762.61,
        "maximum": 762.61,
        "minimum": 762.61,
        "most_common": 762.61,
        "num_of_undefined": 0,
        "standard_deviation": 0.0
    },
    "ecSQ2_I_coarse": {
        "average": 1280.24,
        "current size": 3236,
        "first": 1280.21,
        "maximum": 1280.27,
        "minimum": 1280.21,
        "most_common": 1280.21,
        "num_of_undefined": 0,
        "standard_deviation": 0.00854360691127317
    },
    "ecSQ2_Set_Current": {
        "average": 1280.94,
        "current size": 3236,
        "first": 1280.94,
        "maximum": 1280.94,
        "minimum": 1280.94,
        "most_common": 1280.94,
        "num_of_undefined": 0,
        "standard_deviation": 2.2737367544323206e-13
    },
    "ecSQ3_I_coarse": {
        "average": 843.617,
        "current size": 3236,
        "first": 843.648,
        "maximum": 843.648,
        "minimum": 843.586,
        "most_common": 843.648,
        "num_of_undefined": 0,
        "standard_deviation": 0.030685195392270093
    },
    "ecSQ3_Set_Current": {
        "average": 842.846,
        "current size": 3236,
        "first": 842.846,
        "maximum": 842.846,
        "minimum": 842.846,
        "most_common": 842.846,
        "num_of_undefined": 0,
        "standard_deviation": 3.410605131648481e-13
    },
    "hcBDSPOS": {
        "average": 31648900.0,
        "current size": 3236,
        "first": 31648900.0,
        "maximum": 31648900.0,
        "minimum": 31648900.0,
        "most_common": 31648900.0,
        "num_of_undefined": 0,
        "standard_deviation": 0.0
    }
}