{
    "RunNumber": "24159",
    "ecDI_B_Set_NMR": {
        "average": 0.41914,
        "current size": 1449,
        "first": 0.41914,
        "maximum": 0.41914,
        "minimum": 0.41914,
        "most_common": 0.41914,
        "num_of_undefined": 1,
        "standard_deviation": 0.0
    },
    "ecDI_B_True_NMR": {
        "average": 0.653877,
        "current size": 1449,
        "first": 0.418538,
        "maximum": 0.987782,
        "minimum": 0.319972,
        "most_common": 0.418538,
        "num_of_undefined": 2,
        "standard_deviation": 0.09947962628450821
    },
    "ecDI_I_coarse": {
        "average": 464.644,
        "current size": 1449,
        "first": 464.644,
        "maximum": 464.691,
        "minimum": 464.597,
        "most_common": 464.644,
        "num_of_undefined": 26,
        "standard_deviation": 0.005124258179110004
    },
    "ecDI_Set_Current": {
        "average": 467.537,
        "current size": 1449,
        "first": 467.537,
        "maximum": 467.537,
        "minimum": 467.537,
        "most_common": 467.537,
        "num_of_undefined": 44,
        "standard_deviation": 0.0
    },
    "ecQ1_I_coarse": {
        "average": 199.2695,
        "current size": 1449,
        "first": 199.26,
        "maximum": 199.279,
        "minimum": 199.26,
        "most_common": 199.26,
        "num_of_undefined": 1,
        "standard_deviation": 0.008373274384900382
    },
    "ecQ1_Set_Current": {
        "average": 199.38,
        "current size": 1449,
        "first": 199.38,
        "maximum": 199.38,
        "minimum": 199.38,
        "most_common": 199.38,
        "num_of_undefined": 3,
        "standard_deviation": 8.526512829121202e-14
    },
    "ecQ2_I_coarse": {
        "average": 158.31099999999998,
        "current size": 1449,
        "first": 158.321,
        "maximum": 158.321,
        "minimum": 158.301,
        "most_common": 158.321,
        "num_of_undefined": 28,
        "standard_deviation": 0.002236665329456293
    },
    "ecQ2_Set_Current": {
        "average": 158.436,
        "current size": 1449,
        "first": 158.436,
        "maximum": 158.436,
        "minimum": 158.436,
        "most_common": 158.436,
        "num_of_undefined": 4,
        "standard_deviation": 2.842170943040401e-14
    },
    "ecQ3_I_coarse": {
        "average": 76.5091,
        "current size": 1449,
        "first": 76.4993,
        "maximum": 76.5189,
        "minimum": 76.4993,
        "most_common": 76.5189,
        "num_of_undefined": 0,
        "standard_deviation": 0.009765771399225522
    },
    "ecQ3_Set_Current": {
        "average": 76.9636,
        "current size": 1449,
        "first": 76.9636,
        "maximum": 76.9636,
        "minimum": 76.9636,
        "most_common": 76.9636,
        "num_of_undefined": 5,
        "standard_deviation": 1.4210854715202004e-14
    },
    "ecSDI_I_coarse": {
        "average": 1158.605,
        "current size": 1449,
        "first": 1158.67,
        "maximum": 1158.67,
        "minimum": 1158.54,
        "most_common": 1158.54,
        "num_of_undefined": 0,
        "standard_deviation": 0.06211361932778739
    },
    "ecSDI_Set_Current": {
        "average": 1158.83,
        "current size": 1449,
        "first": 1158.83,
        "maximum": 1158.83,
        "minimum": 1158.83,
        "most_common": 1158.83,
        "num_of_undefined": 6,
        "standard_deviation": 2.2737367544323206e-13
    },
    "ecSHB_I_coarse": {
        "average": 1203.475,
        "current size": 1449,
        "first": 1203.55,
        "maximum": 1203.55,
        "minimum": 1203.4,
        "most_common": 1203.55,
        "num_of_undefined": 7,
        "standard_deviation": 0.07465576364733886
    },
    "ecSHB_Set_Current": {
        "average": 1205.47,
        "current size": 1449,
        "first": 1205.47,
        "maximum": 1205.47,
        "minimum": 1205.47,
        "most_common": 1205.47,
        "num_of_undefined": 8,
        "standard_deviation": 2.2737367544323206e-13
    },
    "ecSQ1_I_coarse": {
        "average": 762.8835,
        "current size": 1449,
        "first": 762.883,
        "maximum": 762.946,
        "minimum": 762.821,
        "most_common": 762.821,
        "num_of_undefined": 9,
        "standard_deviation": 0.03095781400666623
    },
    "ecSQ1_Set_Current": {
        "average": 762.61,
        "current size": 1449,
        "first": 762.61,
        "maximum": 762.61,
        "minimum": 762.61,
        "most_common": 762.61,
        "num_of_undefined": 24,
        "standard_deviation": 0.0
    },
    "ecSQ2_I_coarse": {
        "average": 1280.1750000000002,
        "current size": 1449,
        "first": 1280.21,
        "maximum": 1280.21,
        "minimum": 1280.14,
        "most_common": 1280.21,
        "num_of_undefined": 10,
        "standard_deviation": 0.00914601596515792
    },
    "ecSQ2_Set_Current": {
        "average": 1280.94,
        "current size": 1449,
        "first": 1280.94,
        "maximum": 1280.94,
        "minimum": 1280.94,
        "most_common": 1280.94,
        "num_of_undefined": 59,
        "standard_deviation": 4.547473508864641e-13
    },
    "ecSQ3_I_coarse": {
        "average": 843.617,
        "current size": 1449,
        "first": 843.648,
        "maximum": 843.648,
        "minimum": 843.586,
        "most_common": 843.586,
        "num_of_undefined": 11,
        "standard_deviation": 0.03080751170703873
    },
    "ecSQ3_Set_Current": {
        "average": 842.846,
        "current size": 1449,
        "first": 842.846,
        "maximum": 842.846,
        "minimum": 842.846,
        "most_common": 842.846,
        "num_of_undefined": 42,
        "standard_deviation": 2.2737367544323206e-13
    },
    "hcBDSPOS": {
        "average": 31648900.0,
        "current size": 1449,
        "first": 31648900.0,
        "maximum": 31648900.0,
        "minimum": 31648900.0,
        "most_common": 31648900.0,
        "num_of_undefined": 0,
        "standard_deviation": 0.0
    }
}