{
    "RunNumber": "24585",
    "ecDI_B_Set_NMR": {
        "average": 0.41914,
        "current size": 1233,
        "first": 0.41914,
        "maximum": 0.41914,
        "minimum": 0.41914,
        "most_common": 0.41914,
        "num_of_undefined": 0,
        "standard_deviation": 0.0
    },
    "ecDI_B_True_NMR": {
        "average": 0.46097699999999997,
        "current size": 1233,
        "first": 0.460976,
        "maximum": 0.460978,
        "minimum": 0.460976,
        "most_common": 0.460977,
        "num_of_undefined": 0,
        "standard_deviation": 6.848398090593578e-07
    },
    "ecDI_I_coarse": {
        "average": 464.57349999999997,
        "current size": 1233,
        "first": 464.55,
        "maximum": 464.597,
        "minimum": 464.55,
        "most_common": 464.597,
        "num_of_undefined": 0,
        "standard_deviation": 0.019199422576418174
    },
    "ecDI_Set_Current": {
        "average": 467.537,
        "current size": 1233,
        "first": 467.537,
        "maximum": 467.537,
        "minimum": 467.537,
        "most_common": 467.537,
        "num_of_undefined": 0,
        "standard_deviation": 5.684341886080802e-14
    },
    "ecQ1_I_coarse": {
        "average": 199.2695,
        "current size": 1233,
        "first": 199.26,
        "maximum": 199.279,
        "minimum": 199.26,
        "most_common": 199.26,
        "num_of_undefined": 0,
        "standard_deviation": 0.0007646004488925158
    },
    "ecQ1_Set_Current": {
        "average": 199.38,
        "current size": 1233,
        "first": 199.38,
        "maximum": 199.38,
        "minimum": 199.38,
        "most_common": 199.38,
        "num_of_undefined": 0,
        "standard_deviation": 2.842170943040401e-14
    },
    "ecQ2_I_coarse": {
        "average": 158.321,
        "current size": 1233,
        "first": 158.321,
        "maximum": 158.321,
        "minimum": 158.321,
        "most_common": 158.321,
        "num_of_undefined": 0,
        "standard_deviation": 0.0
    },
    "ecQ2_Set_Current": {
        "average": 158.436,
        "current size": 1233,
        "first": 158.436,
        "maximum": 158.436,
        "minimum": 158.436,
        "most_common": 158.436,
        "num_of_undefined": 0,
        "standard_deviation": 2.842170943040401e-14
    },
    "ecQ3_I_coarse": {
        "average": 76.5091,
        "current size": 1233,
        "first": 76.4993,
        "maximum": 76.5189,
        "minimum": 76.4993,
        "most_common": 76.4993,
        "num_of_undefined": 0,
        "standard_deviation": 0.008201046677375182
    },
    "ecQ3_Set_Current": {
        "average": 76.9636,
        "current size": 1233,
        "first": 76.9636,
        "maximum": 76.9636,
        "minimum": 76.9636,
        "most_common": 76.9636,
        "num_of_undefined": 0,
        "standard_deviation": 1.4210854715202004e-14
    },
    "ecSDI_I_coarse": {
        "average": 1553.0,
        "current size": 1233,
        "first": 1553.06,
        "maximum": 1553.06,
        "minimum": 1552.94,
        "most_common": 1553.06,
        "num_of_undefined": 0,
        "standard_deviation": 0.018786732439739166
    },
    "ecSDI_Set_Current": {
        "average": 1553.19,
        "current size": 1233,
        "first": 1553.19,
        "maximum": 1553.19,
        "minimum": 1553.19,
        "most_common": 1553.19,
        "num_of_undefined": 0,
        "standard_deviation": 2.2737367544323206e-13
    },
    "ecSHB_I_coarse": {
        "average": 1621.865,
        "current size": 1233,
        "first": 1621.79,
        "maximum": 1621.94,
        "minimum": 1621.79,
        "most_common": 1621.79,
        "num_of_undefined": 0,
        "standard_deviation": 0.00852970712553223
    },
    "ecSHB_Set_Current": {
        "average": 1624.37,
        "current size": 1233,
        "first": 1624.37,
        "maximum": 1624.37,
        "minimum": 1624.37,
        "most_common": 1624.37,
        "num_of_undefined": 0,
        "standard_deviation": 0.0
    },
    "ecSQ1_I_coarse": {
        "average": 1022.38,
        "current size": 1233,
        "first": 1022.41,
        "maximum": 1022.41,
        "minimum": 1022.35,
        "most_common": 1022.41,
        "num_of_undefined": 0,
        "standard_deviation": 0.026112848929719015
    },
    "ecSQ1_Set_Current": {
        "average": 1022.13,
        "current size": 1233,
        "first": 1022.13,
        "maximum": 1022.13,
        "minimum": 1022.13,
        "most_common": 1022.13,
        "num_of_undefined": 0,
        "standard_deviation": 0.0
    },
    "ecSQ2_I_coarse": {
        "average": 1715.73,
        "current size": 1233,
        "first": 1715.76,
        "maximum": 1715.76,
        "minimum": 1715.7,
        "most_common": 1715.76,
        "num_of_undefined": 0,
        "standard_deviation": 0.026538131271108954
    },
    "ecSQ2_Set_Current": {
        "average": 1716.85,
        "current size": 1233,
        "first": 1716.85,
        "maximum": 1716.85,
        "minimum": 1716.85,
        "most_common": 1716.85,
        "num_of_undefined": 0,
        "standard_deviation": 2.2737367544323206e-13
    },
    "ecSQ3_I_coarse": {
        "average": 910.777,
        "current size": 1233,
        "first": 1130.57,
        "maximum": 1130.63,
        "minimum": 690.924,
        "most_common": 1130.57,
        "num_of_undefined": 0,
        "standard_deviation": 76.60266780204859
    },
    "ecSQ3_Set_Current": {
        "average": 1129.67,
        "current size": 1233,
        "first": 1129.67,
        "maximum": 1129.67,
        "minimum": 1129.67,
        "most_common": 1129.67,
        "num_of_undefined": 0,
        "standard_deviation": 2.2737367544323206e-13
    },
    "hcBDSPOS": {
        "average": 9538140.0,
        "current size": 1233,
        "first": 9538140.0,
        "maximum": 9538140.0,
        "minimum": 9538140.0,
        "most_common": 9538140.0,
        "num_of_undefined": 0,
        "standard_deviation": 0.0
    }
}