{
    "RunNumber": "25122",
    "ecDI_B_Set_NMR": {
        "average": 0.997057,
        "current size": 2554,
        "first": 0.997057,
        "maximum": 0.997057,
        "minimum": 0.997057,
        "most_common": 0.997057,
        "num_of_undefined": 0,
        "standard_deviation": 0.0
    },
    "ecDI_B_True_NMR": {
        "average": 0.9969815,
        "current size": 2554,
        "first": 0.996981,
        "maximum": 0.996984,
        "minimum": 0.996979,
        "most_common": 0.996982,
        "num_of_undefined": 0,
        "standard_deviation": 9.496737506653985e-07
    },
    "ecDI_I_coarse": {
        "average": 1112.9450000000002,
        "current size": 2554,
        "first": 1112.95,
        "maximum": 1112.99,
        "minimum": 1112.9,
        "most_common": 1112.95,
        "num_of_undefined": 0,
        "standard_deviation": 0.02434432400032293
    },
    "ecDI_Set_Current": {
        "average": 1117.15,
        "current size": 2554,
        "first": 1117.15,
        "maximum": 1117.15,
        "minimum": 1117.15,
        "most_common": 1117.15,
        "num_of_undefined": 0,
        "standard_deviation": 2.2737367544323206e-13
    },
    "ecQ1_I_coarse": {
        "average": 474.1905,
        "current size": 2554,
        "first": 474.181,
        "maximum": 474.2,
        "minimum": 474.181,
        "most_common": 474.181,
        "num_of_undefined": 0,
        "standard_deviation": 0.00769968676585969
    },
    "ecQ1_Set_Current": {
        "average": 474.48,
        "current size": 2554,
        "first": 474.48,
        "maximum": 474.48,
        "minimum": 474.48,
        "most_common": 474.48,
        "num_of_undefined": 0,
        "standard_deviation": 5.684341886080802e-14
    },
    "ecQ2_I_coarse": {
        "average": 377.2,
        "current size": 2554,
        "first": 377.19,
        "maximum": 377.21,
        "minimum": 377.19,
        "most_common": 377.19,
        "num_of_undefined": 0,
        "standard_deviation": 0.002007632934558809
    },
    "ecQ2_Set_Current": {
        "average": 377.268,
        "current size": 2554,
        "first": 377.268,
        "maximum": 377.268,
        "minimum": 377.268,
        "most_common": 377.268,
        "num_of_undefined": 0,
        "standard_deviation": 0.0
    },
    "ecQ3_I_coarse": {
        "average": 182.982,
        "current size": 2554,
        "first": 182.972,
        "maximum": 182.992,
        "minimum": 182.972,
        "most_common": 182.972,
        "num_of_undefined": 0,
        "standard_deviation": 0.0074488872131269705
    },
    "ecQ3_Set_Current": {
        "average": 183.446,
        "current size": 2554,
        "first": 183.446,
        "maximum": 183.446,
        "minimum": 183.446,
        "most_common": 183.446,
        "num_of_undefined": 0,
        "standard_deviation": 2.842170943040401e-14
    },
    "ecSDI_I_coarse": {
        "average": 2086.22,
        "current size": 2554,
        "first": 2086.22,
        "maximum": 2086.22,
        "minimum": 2086.22,
        "most_common": 2086.22,
        "num_of_undefined": 0,
        "standard_deviation": 0.0
    },
    "ecSDI_Set_Current": {
        "average": 2086.02,
        "current size": 2554,
        "first": 2086.02,
        "maximum": 2086.02,
        "minimum": 2086.02,
        "most_common": 2086.02,
        "num_of_undefined": 0,
        "standard_deviation": 0.0
    },
    "ecSHB_I_coarse": {
        "average": 2203.545,
        "current size": 2554,
        "first": 2203.62,
        "maximum": 2203.62,
        "minimum": 2203.47,
        "most_common": 2203.62,
        "num_of_undefined": 0,
        "standard_deviation": 0.02397428479642907
    },
    "ecSHB_Set_Current": {
        "average": 2206.7,
        "current size": 2554,
        "first": 2206.7,
        "maximum": 2206.7,
        "minimum": 2206.7,
        "most_common": 2206.7,
        "num_of_undefined": 0,
        "standard_deviation": 4.547473508864641e-13
    },
    "ecSQ1_I_coarse": {
        "average": 1377.02,
        "current size": 2554,
        "first": 1376.99,
        "maximum": 1377.05,
        "minimum": 1376.99,
        "most_common": 1376.99,
        "num_of_undefined": 0,
        "standard_deviation": 0.02883102915421927
    },
    "ecSQ1_Set_Current": {
        "average": 1376.58,
        "current size": 2554,
        "first": 1376.58,
        "maximum": 1376.58,
        "minimum": 1376.58,
        "most_common": 1376.58,
        "num_of_undefined": 0,
        "standard_deviation": 0.0
    },
    "ecSQ2_I_coarse": {
        "average": 2304.1899999999996,
        "current size": 2554,
        "first": 2304.22,
        "maximum": 2304.22,
        "minimum": 2304.16,
        "most_common": 2304.22,
        "num_of_undefined": 0,
        "standard_deviation": 0.023950524482405332
    },
    "ecSQ2_Set_Current": {
        "average": 2305.83,
        "current size": 2554,
        "first": 2305.83,
        "maximum": 2305.83,
        "minimum": 2305.83,
        "most_common": 2305.83,
        "num_of_undefined": 0,
        "standard_deviation": 0.0
    },
    "ecSQ3_I_coarse": {
        "average": 1518.5149999999999,
        "current size": 2554,
        "first": 1518.51,
        "maximum": 1518.58,
        "minimum": 1518.45,
        "most_common": 1518.51,
        "num_of_undefined": 0,
        "standard_deviation": 0.02529431795551344
    },
    "ecSQ3_Set_Current": {
        "average": 1517.22,
        "current size": 2554,
        "first": 1517.22,
        "maximum": 1517.22,
        "minimum": 1517.22,
        "most_common": 1517.22,
        "num_of_undefined": 0,
        "standard_deviation": 4.547473508864641e-13
    },
    "hcBDSPOS": {
        "average": 31648900.0,
        "current size": 2554,
        "first": 31648900.0,
        "maximum": 31648900.0,
        "minimum": 31648900.0,
        "most_common": 31648900.0,
        "num_of_undefined": 0,
        "standard_deviation": 0.0
    }
}