{
    "RunNumber": "25165",
    "ecDI_B_Set_NMR": {
        "average": 0.997057,
        "current size": 3688,
        "first": 0.997057,
        "maximum": 0.997057,
        "minimum": 0.997057,
        "most_common": 0.997057,
        "num_of_undefined": 0,
        "standard_deviation": 0.0
    },
    "ecDI_B_True_NMR": {
        "average": 0.9969669999999999,
        "current size": 3688,
        "first": 0.996966,
        "maximum": 0.996969,
        "minimum": 0.996965,
        "most_common": 0.996967,
        "num_of_undefined": 0,
        "standard_deviation": 9.67112247433476e-07
    },
    "ecDI_I_coarse": {
        "average": 1112.9250000000002,
        "current size": 3688,
        "first": 1112.95,
        "maximum": 1112.95,
        "minimum": 1112.9,
        "most_common": 1112.95,
        "num_of_undefined": 0,
        "standard_deviation": 0.02202082198483906
    },
    "ecDI_Set_Current": {
        "average": 1117.0,
        "current size": 3688,
        "first": 1117.0,
        "maximum": 1117.0,
        "minimum": 1117.0,
        "most_common": 1117.0,
        "num_of_undefined": 0,
        "standard_deviation": 0.0
    },
    "ecQ1_I_coarse": {
        "average": 474.1905,
        "current size": 3688,
        "first": 474.181,
        "maximum": 474.2,
        "minimum": 474.181,
        "most_common": 474.181,
        "num_of_undefined": 0,
        "standard_deviation": 0.00811733771856227
    },
    "ecQ1_Set_Current": {
        "average": 474.48,
        "current size": 3688,
        "first": 474.48,
        "maximum": 474.48,
        "minimum": 474.48,
        "most_common": 474.48,
        "num_of_undefined": 0,
        "standard_deviation": 2.2737367544323206e-13
    },
    "ecQ2_I_coarse": {
        "average": 377.2,
        "current size": 3688,
        "first": 377.19,
        "maximum": 377.21,
        "minimum": 377.19,
        "most_common": 377.19,
        "num_of_undefined": 0,
        "standard_deviation": 0.006030249280946946
    },
    "ecQ2_Set_Current": {
        "average": 377.268,
        "current size": 3688,
        "first": 377.268,
        "maximum": 377.268,
        "minimum": 377.268,
        "most_common": 377.268,
        "num_of_undefined": 0,
        "standard_deviation": 0.0
    },
    "ecQ3_I_coarse": {
        "average": 182.982,
        "current size": 3688,
        "first": 182.972,
        "maximum": 182.992,
        "minimum": 182.972,
        "most_common": 182.972,
        "num_of_undefined": 0,
        "standard_deviation": 0.004421053661990448
    },
    "ecQ3_Set_Current": {
        "average": 183.446,
        "current size": 3688,
        "first": 183.446,
        "maximum": 183.446,
        "minimum": 183.446,
        "most_common": 183.446,
        "num_of_undefined": 0,
        "standard_deviation": 5.684341886080802e-14
    },
    "ecSDI_I_coarse": {
        "average": 1553.0,
        "current size": 3688,
        "first": 1553.06,
        "maximum": 1553.06,
        "minimum": 1552.94,
        "most_common": 1553.06,
        "num_of_undefined": 0,
        "standard_deviation": 0.004415462444643348
    },
    "ecSDI_Set_Current": {
        "average": 1553.19,
        "current size": 3688,
        "first": 1553.19,
        "maximum": 1553.19,
        "minimum": 1553.19,
        "most_common": 1553.19,
        "num_of_undefined": 0,
        "standard_deviation": 4.547473508864641e-13
    },
    "ecSHB_I_coarse": {
        "average": 1621.865,
        "current size": 3688,
        "first": 1621.79,
        "maximum": 1621.94,
        "minimum": 1621.79,
        "most_common": 1621.94,
        "num_of_undefined": 0,
        "standard_deviation": 0.07476455071450173
    },
    "ecSHB_Set_Current": {
        "average": 1624.37,
        "current size": 3688,
        "first": 1624.37,
        "maximum": 1624.37,
        "minimum": 1624.37,
        "most_common": 1624.37,
        "num_of_undefined": 0,
        "standard_deviation": 4.547473508864641e-13
    },
    "ecSQ1_I_coarse": {
        "average": 1022.4100000000001,
        "current size": 3688,
        "first": 1022.41,
        "maximum": 1022.47,
        "minimum": 1022.35,
        "most_common": 1022.41,
        "num_of_undefined": 0,
        "standard_deviation": 0.020937861846528693
    },
    "ecSQ1_Set_Current": {
        "average": 1022.13,
        "current size": 3688,
        "first": 1022.13,
        "maximum": 1022.13,
        "minimum": 1022.13,
        "most_common": 1022.13,
        "num_of_undefined": 0,
        "standard_deviation": 3.410605131648481e-13
    },
    "ecSQ2_I_coarse": {
        "average": 1715.73,
        "current size": 3688,
        "first": 1715.7,
        "maximum": 1715.76,
        "minimum": 1715.7,
        "most_common": 1715.7,
        "num_of_undefined": 0,
        "standard_deviation": 0.02351591509007546
    },
    "ecSQ2_Set_Current": {
        "average": 1716.85,
        "current size": 3688,
        "first": 1716.85,
        "maximum": 1716.85,
        "minimum": 1716.85,
        "most_common": 1716.85,
        "num_of_undefined": 0,
        "standard_deviation": 4.547473508864641e-13
    },
    "ecSQ3_I_coarse": {
        "average": 1130.63,
        "current size": 3688,
        "first": 1130.63,
        "maximum": 1130.69,
        "minimum": 1130.57,
        "most_common": 1130.63,
        "num_of_undefined": 0,
        "standard_deviation": 0.02229141841701773
    },
    "ecSQ3_Set_Current": {
        "average": 1129.67,
        "current size": 3688,
        "first": 1129.67,
        "maximum": 1129.67,
        "minimum": 1129.67,
        "most_common": 1129.67,
        "num_of_undefined": 0,
        "standard_deviation": 0.0
    },
    "hcBDSPOS": {
        "average": 4030050.0,
        "current size": 3688,
        "first": 4030050.0,
        "maximum": 4030050.0,
        "minimum": 4030050.0,
        "most_common": 4030050.0,
        "num_of_undefined": 0,
        "standard_deviation": 0.0
    }
}