{
    "RunNumber": "25253",
    "ecDI_B_Set_NMR": {
        "average": 0.997057,
        "current size": 1482,
        "first": 0.997057,
        "maximum": 0.997057,
        "minimum": 0.997057,
        "most_common": 0.997057,
        "num_of_undefined": 0,
        "standard_deviation": 1.1102230246251565e-16
    },
    "ecDI_B_True_NMR": {
        "average": 0.9969705,
        "current size": 1482,
        "first": 0.99697,
        "maximum": 0.996973,
        "minimum": 0.996968,
        "most_common": 0.99697,
        "num_of_undefined": 0,
        "standard_deviation": 9.147331563944861e-07
    },
    "ecDI_I_coarse": {
        "average": 1112.97,
        "current size": 1482,
        "first": 1112.99,
        "maximum": 1112.99,
        "minimum": 1112.95,
        "most_common": 1112.99,
        "num_of_undefined": 0,
        "standard_deviation": 0.01809021574709689
    },
    "ecDI_Set_Current": {
        "average": 1117.0,
        "current size": 1482,
        "first": 1117.0,
        "maximum": 1117.0,
        "minimum": 1117.0,
        "most_common": 1117.0,
        "num_of_undefined": 0,
        "standard_deviation": 0.0
    },
    "ecQ1_I_coarse": {
        "average": 474.1905,
        "current size": 1482,
        "first": 474.2,
        "maximum": 474.2,
        "minimum": 474.181,
        "most_common": 474.181,
        "num_of_undefined": 0,
        "standard_deviation": 0.009491682922826757
    },
    "ecQ1_Set_Current": {
        "average": 474.48,
        "current size": 1482,
        "first": 474.48,
        "maximum": 474.48,
        "minimum": 474.48,
        "most_common": 474.48,
        "num_of_undefined": 0,
        "standard_deviation": 1.1368683772161603e-13
    },
    "ecQ2_I_coarse": {
        "average": 377.2,
        "current size": 1482,
        "first": 377.19,
        "maximum": 377.21,
        "minimum": 377.19,
        "most_common": 377.19,
        "num_of_undefined": 0,
        "standard_deviation": 0.007785920894726922
    },
    "ecQ2_Set_Current": {
        "average": 377.268,
        "current size": 1482,
        "first": 377.268,
        "maximum": 377.268,
        "minimum": 377.268,
        "most_common": 377.268,
        "num_of_undefined": 0,
        "standard_deviation": 0.0
    },
    "ecQ3_I_coarse": {
        "average": 182.982,
        "current size": 1482,
        "first": 182.992,
        "maximum": 182.992,
        "minimum": 182.972,
        "most_common": 182.972,
        "num_of_undefined": 0,
        "standard_deviation": 0.008892148283905983
    },
    "ecQ3_Set_Current": {
        "average": 183.446,
        "current size": 1482,
        "first": 183.446,
        "maximum": 183.446,
        "minimum": 183.446,
        "most_common": 183.446,
        "num_of_undefined": 0,
        "standard_deviation": 2.842170943040401e-14
    },
    "ecSDI_I_coarse": {
        "average": 2086.22,
        "current size": 1482,
        "first": 2086.22,
        "maximum": 2086.22,
        "minimum": 2086.22,
        "most_common": 2086.22,
        "num_of_undefined": 0,
        "standard_deviation": 0.0
    },
    "ecSDI_Set_Current": {
        "average": 2086.02,
        "current size": 1482,
        "first": 2086.02,
        "maximum": 2086.02,
        "minimum": 2086.02,
        "most_common": 2086.02,
        "num_of_undefined": 0,
        "standard_deviation": 4.547473508864641e-13
    },
    "ecSHB_I_coarse": {
        "average": 2203.545,
        "current size": 1482,
        "first": 2203.62,
        "maximum": 2203.62,
        "minimum": 2203.47,
        "most_common": 2203.62,
        "num_of_undefined": 0,
        "standard_deviation": 0.05943088515507637
    },
    "ecSHB_Set_Current": {
        "average": 2206.7,
        "current size": 1482,
        "first": 2206.7,
        "maximum": 2206.7,
        "minimum": 2206.7,
        "most_common": 2206.7,
        "num_of_undefined": 0,
        "standard_deviation": 4.547473508864641e-13
    },
    "ecSQ1_I_coarse": {
        "average": 1377.02,
        "current size": 1482,
        "first": 1376.99,
        "maximum": 1377.05,
        "minimum": 1376.99,
        "most_common": 1376.99,
        "num_of_undefined": 0,
        "standard_deviation": 0.021171263387350064
    },
    "ecSQ1_Set_Current": {
        "average": 1376.58,
        "current size": 1482,
        "first": 1376.58,
        "maximum": 1376.58,
        "minimum": 1376.58,
        "most_common": 1376.58,
        "num_of_undefined": 0,
        "standard_deviation": 0.0
    },
    "ecSQ2_I_coarse": {
        "average": 2304.1899999999996,
        "current size": 1482,
        "first": 2304.22,
        "maximum": 2304.22,
        "minimum": 2304.16,
        "most_common": 2304.22,
        "num_of_undefined": 0,
        "standard_deviation": 0.01228696582096646
    },
    "ecSQ2_Set_Current": {
        "average": 2305.83,
        "current size": 1482,
        "first": 2305.83,
        "maximum": 2305.83,
        "minimum": 2305.83,
        "most_common": 2305.83,
        "num_of_undefined": 0,
        "standard_deviation": 4.547473508864641e-13
    },
    "ecSQ3_I_coarse": {
        "average": 1518.545,
        "current size": 1482,
        "first": 1518.51,
        "maximum": 1518.58,
        "minimum": 1518.51,
        "most_common": 1518.51,
        "num_of_undefined": 0,
        "standard_deviation": 0.027019855888516704
    },
    "ecSQ3_Set_Current": {
        "average": 1517.22,
        "current size": 1482,
        "first": 1517.22,
        "maximum": 1517.22,
        "minimum": 1517.22,
        "most_common": 1517.22,
        "num_of_undefined": 0,
        "standard_deviation": 0.0
    },
    "hcBDSPOS": {
        "average": 4030040.0,
        "current size": 1482,
        "first": 4030040.0,
        "maximum": 4030040.0,
        "minimum": 4030040.0,
        "most_common": 4030040.0,
        "num_of_undefined": 0,
        "standard_deviation": 0.0
    }
}