{
    "RunNumber": "25471",
    "ecDI_B_Set_NMR": {
        "average": 0.997057,
        "current size": 995,
        "first": 0.997057,
        "maximum": 0.997057,
        "minimum": 0.997057,
        "most_common": 0.997057,
        "num_of_undefined": 0,
        "standard_deviation": 0.0
    },
    "ecDI_B_True_NMR": {
        "average": 0.997054,
        "current size": 995,
        "first": 0.997053,
        "maximum": 0.997057,
        "minimum": 0.997051,
        "most_common": 0.997054,
        "num_of_undefined": 0,
        "standard_deviation": 1.0480653359815173e-06
    },
    "ecDI_I_coarse": {
        "average": 1113.1100000000001,
        "current size": 995,
        "first": 1113.13,
        "maximum": 1113.13,
        "minimum": 1113.09,
        "most_common": 1113.13,
        "num_of_undefined": 0,
        "standard_deviation": 0.017948116769915475
    },
    "ecDI_Set_Current": {
        "average": 1117.14,
        "current size": 995,
        "first": 1117.14,
        "maximum": 1117.14,
        "minimum": 1117.14,
        "most_common": 1117.14,
        "num_of_undefined": 0,
        "standard_deviation": 2.2737367544323206e-13
    },
    "ecQ1_I_coarse": {
        "average": 474.1805,
        "current size": 995,
        "first": 474.181,
        "maximum": 474.2,
        "minimum": 474.161,
        "most_common": 474.181,
        "num_of_undefined": 0,
        "standard_deviation": 0.007640263141284624
    },
    "ecQ1_Set_Current": {
        "average": 474.48,
        "current size": 995,
        "first": 474.48,
        "maximum": 474.48,
        "minimum": 474.48,
        "most_common": 474.48,
        "num_of_undefined": 0,
        "standard_deviation": 1.7053025658242404e-13
    },
    "ecQ2_I_coarse": {
        "average": 377.2,
        "current size": 995,
        "first": 377.21,
        "maximum": 377.21,
        "minimum": 377.19,
        "most_common": 377.21,
        "num_of_undefined": 0,
        "standard_deviation": 0.008494692104159285
    },
    "ecQ2_Set_Current": {
        "average": 377.268,
        "current size": 995,
        "first": 377.268,
        "maximum": 377.268,
        "minimum": 377.268,
        "most_common": 377.268,
        "num_of_undefined": 0,
        "standard_deviation": 5.684341886080802e-14
    },
    "ecQ3_I_coarse": {
        "average": 182.982,
        "current size": 995,
        "first": 182.972,
        "maximum": 182.992,
        "minimum": 182.972,
        "most_common": 182.992,
        "num_of_undefined": 0,
        "standard_deviation": 0.008742771276578621
    },
    "ecQ3_Set_Current": {
        "average": 183.446,
        "current size": 995,
        "first": 183.446,
        "maximum": 183.446,
        "minimum": 183.446,
        "most_common": 183.446,
        "num_of_undefined": 0,
        "standard_deviation": 2.842170943040401e-14
    },
    "ecSDI_I_coarse": {
        "average": 833.964,
        "current size": 995,
        "first": 833.964,
        "maximum": 833.964,
        "minimum": 833.964,
        "most_common": 833.964,
        "num_of_undefined": 0,
        "standard_deviation": 1.1368683772161603e-13
    },
    "ecSDI_Set_Current": {
        "average": 834.343,
        "current size": 995,
        "first": 834.343,
        "maximum": 834.343,
        "minimum": 834.343,
        "most_common": 834.343,
        "num_of_undefined": 0,
        "standard_deviation": 3.410605131648481e-13
    },
    "ecSHB_I_coarse": {
        "average": 863.836,
        "current size": 995,
        "first": 863.836,
        "maximum": 863.836,
        "minimum": 863.836,
        "most_common": 863.836,
        "num_of_undefined": 0,
        "standard_deviation": 2.2737367544323206e-13
    },
    "ecSHB_Set_Current": {
        "average": 865.468,
        "current size": 995,
        "first": 865.468,
        "maximum": 865.468,
        "minimum": 865.468,
        "most_common": 865.468,
        "num_of_undefined": 0,
        "standard_deviation": 3.410605131648481e-13
    },
    "ecSQ1_I_coarse": {
        "average": 549.1335,
        "current size": 995,
        "first": 549.133,
        "maximum": 549.196,
        "minimum": 549.071,
        "most_common": 549.133,
        "num_of_undefined": 0,
        "standard_deviation": 0.01067936974536239
    },
    "ecSQ1_Set_Current": {
        "average": 549.071,
        "current size": 995,
        "first": 549.071,
        "maximum": 549.071,
        "minimum": 549.071,
        "most_common": 549.071,
        "num_of_undefined": 0,
        "standard_deviation": 0.0
    },
    "ecSQ2_I_coarse": {
        "average": 921.9445000000001,
        "current size": 995,
        "first": 921.976,
        "maximum": 921.976,
        "minimum": 921.913,
        "most_common": 921.913,
        "num_of_undefined": 0,
        "standard_deviation": 0.024251160485200478
    },
    "ecSQ2_Set_Current": {
        "average": 922.262,
        "current size": 995,
        "first": 922.262,
        "maximum": 922.262,
        "minimum": 922.262,
        "most_common": 922.262,
        "num_of_undefined": 0,
        "standard_deviation": 1.1368683772161603e-13
    },
    "ecSQ3_I_coarse": {
        "average": 607.3645,
        "current size": 995,
        "first": 607.364,
        "maximum": 607.427,
        "minimum": 607.302,
        "most_common": 607.364,
        "num_of_undefined": 0,
        "standard_deviation": 0.02775742296091867
    },
    "ecSQ3_Set_Current": {
        "average": 606.84,
        "current size": 995,
        "first": 606.84,
        "maximum": 606.84,
        "minimum": 606.84,
        "most_common": 606.84,
        "num_of_undefined": 0,
        "standard_deviation": 0.0
    },
    "hcBDSPOS": {
        "average": 5460530.0,
        "current size": 995,
        "first": 5460530.0,
        "maximum": 5460530.0,
        "minimum": 5460530.0,
        "most_common": 5460530.0,
        "num_of_undefined": 0,
        "standard_deviation": 0.0
    }
}