{
    "RunNumber": "25477",
    "ecDI_B_Set_NMR": {
        "average": 1.29218,
        "current size": 2951,
        "first": 1.29218,
        "maximum": 1.29218,
        "minimum": 1.29218,
        "most_common": 1.29218,
        "num_of_undefined": 0,
        "standard_deviation": 2.220446049250313e-16
    },
    "ecDI_B_True_NMR": {
        "average": 1.292165,
        "current size": 2951,
        "first": 1.29217,
        "maximum": 1.29217,
        "minimum": 1.29216,
        "most_common": 1.29217,
        "num_of_undefined": 0,
        "standard_deviation": 4.518916136401568e-06
    },
    "ecDI_I_coarse": {
        "average": 1451.915,
        "current size": 2951,
        "first": 1451.89,
        "maximum": 1451.94,
        "minimum": 1451.89,
        "most_common": 1451.94,
        "num_of_undefined": 0,
        "standard_deviation": 0.024834495070912628
    },
    "ecDI_Set_Current": {
        "average": 1456.47,
        "current size": 2951,
        "first": 1456.47,
        "maximum": 1456.47,
        "minimum": 1456.47,
        "most_common": 1456.47,
        "num_of_undefined": 0,
        "standard_deviation": 4.547473508864641e-13
    },
    "ecQ1_I_coarse": {
        "average": 614.5445,
        "current size": 2951,
        "first": 614.535,
        "maximum": 614.554,
        "minimum": 614.535,
        "most_common": 614.535,
        "num_of_undefined": 0,
        "standard_deviation": 0.009137874185270933
    },
    "ecQ1_Set_Current": {
        "average": 614.962,
        "current size": 2951,
        "first": 614.962,
        "maximum": 614.962,
        "minimum": 614.962,
        "most_common": 614.962,
        "num_of_undefined": 0,
        "standard_deviation": 1.1368683772161603e-13
    },
    "ecQ2_I_coarse": {
        "average": 489.08799999999997,
        "current size": 2951,
        "first": 489.078,
        "maximum": 489.098,
        "minimum": 489.078,
        "most_common": 489.078,
        "num_of_undefined": 0,
        "standard_deviation": 0.0034575183912575343
    },
    "ecQ2_Set_Current": {
        "average": 489.126,
        "current size": 2951,
        "first": 489.126,
        "maximum": 489.126,
        "minimum": 489.126,
        "most_common": 489.126,
        "num_of_undefined": 0,
        "standard_deviation": 1.7053025658242404e-13
    },
    "ecQ3_I_coarse": {
        "average": 237.353,
        "current size": 2951,
        "first": 237.343,
        "maximum": 237.363,
        "minimum": 237.343,
        "most_common": 237.363,
        "num_of_undefined": 0,
        "standard_deviation": 0.008014197358761393
    },
    "ecQ3_Set_Current": {
        "average": 237.822,
        "current size": 2951,
        "first": 237.822,
        "maximum": 237.822,
        "minimum": 237.822,
        "most_common": 237.822,
        "num_of_undefined": 0,
        "standard_deviation": 8.526512829121202e-14
    },
    "ecSDI_I_coarse": {
        "average": 2036.9850000000001,
        "current size": 2951,
        "first": 2037.05,
        "maximum": 2037.05,
        "minimum": 2036.92,
        "most_common": 2037.05,
        "num_of_undefined": 0,
        "standard_deviation": 0.04694638236382507
    },
    "ecSDI_Set_Current": {
        "average": 2036.88,
        "current size": 2951,
        "first": 2036.88,
        "maximum": 2036.88,
        "minimum": 2036.88,
        "most_common": 2036.88,
        "num_of_undefined": 0,
        "standard_deviation": 9.094947017729282e-13
    },
    "ecSHB_I_coarse": {
        "average": 2149.115,
        "current size": 2951,
        "first": 2149.19,
        "maximum": 2149.19,
        "minimum": 2149.04,
        "most_common": 2149.04,
        "num_of_undefined": 0,
        "standard_deviation": 0.05987766225735317
    },
    "ecSHB_Set_Current": {
        "average": 2152.11,
        "current size": 2951,
        "first": 2152.11,
        "maximum": 2152.11,
        "minimum": 2152.11,
        "most_common": 2152.11,
        "num_of_undefined": 0,
        "standard_deviation": 4.547473508864641e-13
    },
    "ecSQ1_I_coarse": {
        "average": 1343.7849999999999,
        "current size": 2951,
        "first": 1343.78,
        "maximum": 1343.85,
        "minimum": 1343.72,
        "most_common": 1343.78,
        "num_of_undefined": 0,
        "standard_deviation": 0.015037501442058239
    },
    "ecSQ1_Set_Current": {
        "average": 1343.48,
        "current size": 2951,
        "first": 1343.48,
        "maximum": 1343.48,
        "minimum": 1343.48,
        "most_common": 1343.48,
        "num_of_undefined": 0,
        "standard_deviation": 2.2737367544323206e-13
    },
    "ecSQ2_I_coarse": {
        "average": 2249.95,
        "current size": 2951,
        "first": 2249.98,
        "maximum": 2249.98,
        "minimum": 2249.92,
        "most_common": 2249.98,
        "num_of_undefined": 0,
        "standard_deviation": 0.0288097045784991
    },
    "ecSQ2_Set_Current": {
        "average": 2251.52,
        "current size": 2951,
        "first": 2251.52,
        "maximum": 2251.52,
        "minimum": 2251.52,
        "most_common": 2251.52,
        "num_of_undefined": 0,
        "standard_deviation": 0.0
    },
    "ecSQ3_I_coarse": {
        "average": 1482.74,
        "current size": 2951,
        "first": 1482.71,
        "maximum": 1482.77,
        "minimum": 1482.71,
        "most_common": 1482.77,
        "num_of_undefined": 0,
        "standard_deviation": 0.029732775362007174
    },
    "ecSQ3_Set_Current": {
        "average": 1481.48,
        "current size": 2951,
        "first": 1481.48,
        "maximum": 1481.48,
        "minimum": 1481.48,
        "most_common": 1481.48,
        "num_of_undefined": 0,
        "standard_deviation": 2.2737367544323206e-13
    },
    "hcBDSPOS": {
        "average": 24018300.0,
        "current size": 2951,
        "first": 24018300.0,
        "maximum": 24018300.0,
        "minimum": 24018300.0,
        "most_common": 24018300.0,
        "num_of_undefined": 0,
        "standard_deviation": 0.0
    }
}