{
    "RunNumber": "25515",
    "ecDI_B_Set_NMR": {
        "average": 0.997057,
        "current size": 443,
        "first": 0.997057,
        "maximum": 0.997057,
        "minimum": 0.997057,
        "most_common": 0.997057,
        "num_of_undefined": 0,
        "standard_deviation": 1.1102230246251565e-16
    },
    "ecDI_B_True_NMR": {
        "average": 0.9970575,
        "current size": 443,
        "first": 0.997058,
        "maximum": 0.997059,
        "minimum": 0.997056,
        "most_common": 0.997057,
        "num_of_undefined": 0,
        "standard_deviation": 9.004876552247367e-07
    },
    "ecDI_I_coarse": {
        "average": 1112.97,
        "current size": 443,
        "first": 1112.95,
        "maximum": 1112.99,
        "minimum": 1112.95,
        "most_common": 1112.99,
        "num_of_undefined": 0,
        "standard_deviation": 0.019534712739332313
    },
    "ecDI_Set_Current": {
        "average": 1117.02,
        "current size": 443,
        "first": 1117.02,
        "maximum": 1117.02,
        "minimum": 1117.02,
        "most_common": 1117.02,
        "num_of_undefined": 0,
        "standard_deviation": 4.547473508864641e-13
    },
    "ecQ1_I_coarse": {
        "average": 474.171,
        "current size": 443,
        "first": 474.181,
        "maximum": 474.181,
        "minimum": 474.161,
        "most_common": 474.181,
        "num_of_undefined": 0,
        "standard_deviation": 0.008270850789021593
    },
    "ecQ1_Set_Current": {
        "average": 474.48,
        "current size": 443,
        "first": 474.48,
        "maximum": 474.48,
        "minimum": 474.48,
        "most_common": 474.48,
        "num_of_undefined": 0,
        "standard_deviation": 1.7053025658242404e-13
    },
    "ecQ2_I_coarse": {
        "average": 377.2,
        "current size": 443,
        "first": 377.21,
        "maximum": 377.21,
        "minimum": 377.19,
        "most_common": 377.21,
        "num_of_undefined": 0,
        "standard_deviation": 0.009777159290152602
    },
    "ecQ2_Set_Current": {
        "average": 377.268,
        "current size": 443,
        "first": 377.268,
        "maximum": 377.268,
        "minimum": 377.268,
        "most_common": 377.268,
        "num_of_undefined": 0,
        "standard_deviation": 0.0
    },
    "ecQ3_I_coarse": {
        "average": 182.9915,
        "current size": 443,
        "first": 182.992,
        "maximum": 183.011,
        "minimum": 182.972,
        "most_common": 182.992,
        "num_of_undefined": 0,
        "standard_deviation": 0.0051417543600166225
    },
    "ecQ3_Set_Current": {
        "average": 183.446,
        "current size": 443,
        "first": 183.446,
        "maximum": 183.446,
        "minimum": 183.446,
        "most_common": 183.446,
        "num_of_undefined": 0,
        "standard_deviation": 5.684341886080802e-14
    },
    "ecSDI_I_coarse": {
        "average": 1158.48,
        "current size": 443,
        "first": 1158.54,
        "maximum": 1158.54,
        "minimum": 1158.42,
        "most_common": 1158.54,
        "num_of_undefined": 0,
        "standard_deviation": 0.027690810338928593
    },
    "ecSDI_Set_Current": {
        "average": 1158.83,
        "current size": 443,
        "first": 1158.83,
        "maximum": 1158.83,
        "minimum": 1158.83,
        "most_common": 1158.83,
        "num_of_undefined": 0,
        "standard_deviation": 0.0
    },
    "ecSHB_I_coarse": {
        "average": 1203.4,
        "current size": 443,
        "first": 1203.4,
        "maximum": 1203.4,
        "minimum": 1203.4,
        "most_common": 1203.4,
        "num_of_undefined": 0,
        "standard_deviation": 2.2737367544323206e-13
    },
    "ecSHB_Set_Current": {
        "average": 1205.47,
        "current size": 443,
        "first": 1205.47,
        "maximum": 1205.47,
        "minimum": 1205.47,
        "most_common": 1205.47,
        "num_of_undefined": 0,
        "standard_deviation": 0.0
    },
    "ecSQ1_I_coarse": {
        "average": 762.6955,
        "current size": 443,
        "first": 762.696,
        "maximum": 762.758,
        "minimum": 762.633,
        "most_common": 762.696,
        "num_of_undefined": 0,
        "standard_deviation": 0.012792698485397824
    },
    "ecSQ1_Set_Current": {
        "average": 762.61,
        "current size": 443,
        "first": 762.61,
        "maximum": 762.61,
        "minimum": 762.61,
        "most_common": 762.61,
        "num_of_undefined": 0,
        "standard_deviation": 1.1368683772161603e-13
    },
    "ecSQ2_I_coarse": {
        "average": 1280.24,
        "current size": 443,
        "first": 1280.21,
        "maximum": 1280.27,
        "minimum": 1280.21,
        "most_common": 1280.21,
        "num_of_undefined": 0,
        "standard_deviation": 0.02637851816856447
    },
    "ecSQ2_Set_Current": {
        "average": 1280.94,
        "current size": 443,
        "first": 1280.94,
        "maximum": 1280.94,
        "minimum": 1280.94,
        "most_common": 1280.94,
        "num_of_undefined": 0,
        "standard_deviation": 2.2737367544323206e-13
    },
    "ecSQ3_I_coarse": {
        "average": 843.4915000000001,
        "current size": 443,
        "first": 843.523,
        "maximum": 843.523,
        "minimum": 843.46,
        "most_common": 843.46,
        "num_of_undefined": 0,
        "standard_deviation": 0.031238162665881142
    },
    "ecSQ3_Set_Current": {
        "average": 842.846,
        "current size": 443,
        "first": 842.846,
        "maximum": 842.846,
        "minimum": 842.846,
        "most_common": 842.846,
        "num_of_undefined": 0,
        "standard_deviation": 3.410605131648481e-13
    },
    "hcBDSPOS": {
        "average": 31648900.0,
        "current size": 443,
        "first": 31648900.0,
        "maximum": 31648900.0,
        "minimum": 31648900.0,
        "most_common": 31648900.0,
        "num_of_undefined": 0,
        "standard_deviation": 0.0
    }
}