{
    "RunNumber": "25522",
    "ecDI_B_Set_NMR": {
        "average": 1.7625,
        "current size": 2048,
        "first": 1.7625,
        "maximum": 1.7625,
        "minimum": 1.7625,
        "most_common": 1.7625,
        "num_of_undefined": 0,
        "standard_deviation": 4.440892098500626e-16
    },
    "ecDI_B_True_NMR": {
        "average": 1.7625250000000001,
        "current size": 2048,
        "first": 1.76252,
        "maximum": 1.76253,
        "minimum": 1.76252,
        "most_common": 1.76252,
        "num_of_undefined": 0,
        "standard_deviation": 4.747979688075112e-06
    },
    "ecDI_I_coarse": {
        "average": 2150.525,
        "current size": 2048,
        "first": 2150.53,
        "maximum": 2150.57,
        "minimum": 2150.48,
        "most_common": 2150.53,
        "num_of_undefined": 0,
        "standard_deviation": 0.010680208942706687
    },
    "ecDI_Set_Current": {
        "average": 2156.0,
        "current size": 2048,
        "first": 2156.0,
        "maximum": 2156.0,
        "minimum": 2156.0,
        "most_common": 2156.0,
        "num_of_undefined": 0,
        "standard_deviation": 0.0
    },
    "ecQ1_I_coarse": {
        "average": 831.263,
        "current size": 2048,
        "first": 831.273,
        "maximum": 831.292,
        "minimum": 831.234,
        "most_common": 831.273,
        "num_of_undefined": 0,
        "standard_deviation": 0.01026516670352808
    },
    "ecQ1_Set_Current": {
        "average": 831.799,
        "current size": 2048,
        "first": 831.799,
        "maximum": 831.799,
        "minimum": 831.799,
        "most_common": 831.799,
        "num_of_undefined": 0,
        "standard_deviation": 2.2737367544323206e-13
    },
    "ecQ2_I_coarse": {
        "average": 676.774,
        "current size": 2048,
        "first": 676.764,
        "maximum": 676.784,
        "minimum": 676.764,
        "most_common": 676.764,
        "num_of_undefined": 0,
        "standard_deviation": 0.007129922872710894
    },
    "ecQ2_Set_Current": {
        "average": 676.762,
        "current size": 2048,
        "first": 676.762,
        "maximum": 676.762,
        "minimum": 676.762,
        "most_common": 676.762,
        "num_of_undefined": 0,
        "standard_deviation": 0.0
    },
    "ecQ3_I_coarse": {
        "average": 319.976,
        "current size": 2048,
        "first": 319.966,
        "maximum": 319.986,
        "minimum": 319.966,
        "most_common": 319.966,
        "num_of_undefined": 0,
        "standard_deviation": 0.005210672489039831
    },
    "ecQ3_Set_Current": {
        "average": 320.445,
        "current size": 2048,
        "first": 320.445,
        "maximum": 320.445,
        "minimum": 320.445,
        "most_common": 320.445,
        "num_of_undefined": 0,
        "standard_deviation": 0.0
    },
    "ecSDI_I_coarse": {
        "average": 2028.73,
        "current size": 2048,
        "first": 2028.67,
        "maximum": 2028.79,
        "minimum": 2028.67,
        "most_common": 2028.67,
        "num_of_undefined": 0,
        "standard_deviation": 0.04916315917522365
    },
    "ecSDI_Set_Current": {
        "average": 2028.59,
        "current size": 2048,
        "first": 2028.59,
        "maximum": 2028.59,
        "minimum": 2028.59,
        "most_common": 2028.59,
        "num_of_undefined": 0,
        "standard_deviation": 0.0
    },
    "ecSHB_I_coarse": {
        "average": 2139.885,
        "current size": 2048,
        "first": 2139.96,
        "maximum": 2139.96,
        "minimum": 2139.81,
        "most_common": 2139.96,
        "num_of_undefined": 0,
        "standard_deviation": 0.02198912956702178
    },
    "ecSHB_Set_Current": {
        "average": 2142.92,
        "current size": 2048,
        "first": 2142.92,
        "maximum": 2142.92,
        "minimum": 2142.92,
        "most_common": 2142.92,
        "num_of_undefined": 0,
        "standard_deviation": 9.094947017729282e-13
    },
    "ecSQ1_I_coarse": {
        "average": 1338.155,
        "current size": 2048,
        "first": 1338.16,
        "maximum": 1338.22,
        "minimum": 1338.09,
        "most_common": 1338.16,
        "num_of_undefined": 0,
        "standard_deviation": 0.02824880477602367
    },
    "ecSQ1_Set_Current": {
        "average": 1337.89,
        "current size": 2048,
        "first": 1337.89,
        "maximum": 1337.89,
        "minimum": 1337.89,
        "most_common": 1337.89,
        "num_of_undefined": 0,
        "standard_deviation": 2.2737367544323206e-13
    },
    "ecSQ2_I_coarse": {
        "average": 2240.815,
        "current size": 2048,
        "first": 2240.85,
        "maximum": 2240.85,
        "minimum": 2240.78,
        "most_common": 2240.85,
        "num_of_undefined": 0,
        "standard_deviation": 0.029587983629915764
    },
    "ecSQ2_Set_Current": {
        "average": 2242.35,
        "current size": 2048,
        "first": 2242.35,
        "maximum": 2242.35,
        "minimum": 2242.35,
        "most_common": 2242.35,
        "num_of_undefined": 0,
        "standard_deviation": 4.547473508864641e-13
    },
    "ecSQ3_I_coarse": {
        "average": 1476.67,
        "current size": 2048,
        "first": 1476.7,
        "maximum": 1476.7,
        "minimum": 1476.64,
        "most_common": 1476.7,
        "num_of_undefined": 0,
        "standard_deviation": 0.023831382653830703
    },
    "ecSQ3_Set_Current": {
        "average": 1475.45,
        "current size": 2048,
        "first": 1475.45,
        "maximum": 1475.45,
        "minimum": 1475.45,
        "most_common": 1475.45,
        "num_of_undefined": 0,
        "standard_deviation": 4.547473508864641e-13
    },
    "hcBDSPOS": {
        "average": 8237620.0,
        "current size": 2048,
        "first": 8237620.0,
        "maximum": 8237620.0,
        "minimum": 8237620.0,
        "most_common": 8237620.0,
        "num_of_undefined": 0,
        "standard_deviation": 0.0
    }
}