{
    "RunNumber": "25579",
    "ecDI_B_Set_NMR": {
        "average": 0.471703,
        "current size": 610,
        "first": 0.471703,
        "maximum": 0.471703,
        "minimum": 0.471703,
        "most_common": 0.471703,
        "num_of_undefined": 0,
        "standard_deviation": 1.6653345369377348e-16
    },
    "ecDI_B_True_NMR": {
        "average": 0.463984,
        "current size": 610,
        "first": 0.471721,
        "maximum": 0.471723,
        "minimum": 0.456245,
        "most_common": 0.47172,
        "num_of_undefined": 0,
        "standard_deviation": 0.0019651040093730003
    },
    "ecDI_I_coarse": {
        "average": 523.5225,
        "current size": 610,
        "first": 523.546,
        "maximum": 523.546,
        "minimum": 523.499,
        "most_common": 523.546,
        "num_of_undefined": 0,
        "standard_deviation": 0.020590447424184675
    },
    "ecDI_Set_Current": {
        "average": 526.544,
        "current size": 610,
        "first": 526.544,
        "maximum": 526.544,
        "minimum": 526.544,
        "most_common": 526.544,
        "num_of_undefined": 0,
        "standard_deviation": 0.0
    },
    "ecQ1_I_coarse": {
        "average": 224.25549999999998,
        "current size": 610,
        "first": 224.265,
        "maximum": 224.265,
        "minimum": 224.246,
        "most_common": 224.265,
        "num_of_undefined": 0,
        "standard_deviation": 0.00447745224517835
    },
    "ecQ1_Set_Current": {
        "average": 224.401,
        "current size": 610,
        "first": 224.401,
        "maximum": 224.401,
        "minimum": 224.401,
        "most_common": 224.401,
        "num_of_undefined": 0,
        "standard_deviation": 2.842170943040401e-14
    },
    "ecQ2_I_coarse": {
        "average": 178.253,
        "current size": 610,
        "first": 178.243,
        "maximum": 178.263,
        "minimum": 178.243,
        "most_common": 178.243,
        "num_of_undefined": 0,
        "standard_deviation": 0.007092887755014755
    },
    "ecQ2_Set_Current": {
        "average": 178.339,
        "current size": 610,
        "first": 178.339,
        "maximum": 178.339,
        "minimum": 178.339,
        "most_common": 178.339,
        "num_of_undefined": 0,
        "standard_deviation": 2.842170943040401e-14
    },
    "ecQ3_I_coarse": {
        "average": 86.1938,
        "current size": 610,
        "first": 86.184,
        "maximum": 86.2036,
        "minimum": 86.184,
        "most_common": 86.184,
        "num_of_undefined": 0,
        "standard_deviation": 0.00891000834737607
    },
    "ecQ3_Set_Current": {
        "average": 86.6483,
        "current size": 610,
        "first": 86.6483,
        "maximum": 86.6483,
        "minimum": 86.6483,
        "most_common": 86.6483,
        "num_of_undefined": 0,
        "standard_deviation": 0.0
    },
    "ecSDI_I_coarse": {
        "average": 637.7045,
        "current size": 610,
        "first": 637.642,
        "maximum": 637.767,
        "minimum": 637.642,
        "most_common": 637.642,
        "num_of_undefined": 0,
        "standard_deviation": 0.02115325885338351
    },
    "ecSDI_Set_Current": {
        "average": 638.121,
        "current size": 610,
        "first": 638.121,
        "maximum": 638.121,
        "minimum": 638.121,
        "most_common": 638.121,
        "num_of_undefined": 0,
        "standard_deviation": 1.1368683772161603e-13
    },
    "ecSHB_I_coarse": {
        "average": 659.6465000000001,
        "current size": 610,
        "first": 659.568,
        "maximum": 659.725,
        "minimum": 659.568,
        "most_common": 659.568,
        "num_of_undefined": 0,
        "standard_deviation": 0.06299221122558978
    },
    "ecSHB_Set_Current": {
        "average": 661.028,
        "current size": 610,
        "first": 661.028,
        "maximum": 661.028,
        "minimum": 661.028,
        "most_common": 661.028,
        "num_of_undefined": 0,
        "standard_deviation": 1.1368683772161603e-13
    },
    "ecSQ1_I_coarse": {
        "average": 419.964,
        "current size": 610,
        "first": 419.933,
        "maximum": 419.995,
        "minimum": 419.933,
        "most_common": 419.933,
        "num_of_undefined": 0,
        "standard_deviation": 0.03095731541311416
    },
    "ecSQ1_Set_Current": {
        "average": 419.939,
        "current size": 610,
        "first": 419.939,
        "maximum": 419.939,
        "minimum": 419.939,
        "most_common": 419.939,
        "num_of_undefined": 0,
        "standard_deviation": 1.1368683772161603e-13
    },
    "ecSQ2_I_coarse": {
        "average": 705.2925,
        "current size": 610,
        "first": 705.261,
        "maximum": 705.324,
        "minimum": 705.261,
        "most_common": 705.261,
        "num_of_undefined": 0,
        "standard_deviation": 0.010369612361189056
    },
    "ecSQ2_Set_Current": {
        "average": 705.363,
        "current size": 610,
        "first": 705.363,
        "maximum": 705.363,
        "minimum": 705.363,
        "most_common": 705.363,
        "num_of_undefined": 0,
        "standard_deviation": 2.2737367544323206e-13
    },
    "ecSQ3_I_coarse": {
        "average": 464.5295,
        "current size": 610,
        "first": 464.53,
        "maximum": 464.592,
        "minimum": 464.467,
        "most_common": 464.53,
        "num_of_undefined": 0,
        "standard_deviation": 0.014771805494610784
    },
    "ecSQ3_Set_Current": {
        "average": 464.123,
        "current size": 610,
        "first": 464.123,
        "maximum": 464.123,
        "minimum": 464.123,
        "most_common": 464.123,
        "num_of_undefined": 0,
        "standard_deviation": 5.684341886080802e-14
    },
    "hcBDSPOS": {
        "average": 9538140.0,
        "current size": 610,
        "first": 9538140.0,
        "maximum": 9538140.0,
        "minimum": 9538140.0,
        "most_common": 9538140.0,
        "num_of_undefined": 0,
        "standard_deviation": 0.0
    }
}