{
    "RunNumber": "25602",
    "ecDI_B_Set_NMR": {
        "average": 0.471703,
        "current size": 427,
        "first": 0.471703,
        "maximum": 0.471703,
        "minimum": 0.471703,
        "most_common": 0.471703,
        "num_of_undefined": 0,
        "standard_deviation": 1.6653345369377348e-16
    },
    "ecDI_B_True_NMR": {
        "average": 0.47014049999999996,
        "current size": 427,
        "first": 0.47172,
        "maximum": 0.471722,
        "minimum": 0.468559,
        "most_common": 0.47172,
        "num_of_undefined": 0,
        "standard_deviation": 0.0005629215016274905
    },
    "ecDI_I_coarse": {
        "average": 523.476,
        "current size": 427,
        "first": 523.499,
        "maximum": 523.499,
        "minimum": 523.453,
        "most_common": 523.499,
        "num_of_undefined": 0,
        "standard_deviation": 0.017411379005829574
    },
    "ecDI_Set_Current": {
        "average": 526.544,
        "current size": 427,
        "first": 526.544,
        "maximum": 526.544,
        "minimum": 526.544,
        "most_common": 526.544,
        "num_of_undefined": 0,
        "standard_deviation": 0.0
    },
    "ecQ1_I_coarse": {
        "average": 224.25549999999998,
        "current size": 427,
        "first": 224.246,
        "maximum": 224.265,
        "minimum": 224.246,
        "most_common": 224.265,
        "num_of_undefined": 0,
        "standard_deviation": 0.006738243367252426
    },
    "ecQ1_Set_Current": {
        "average": 224.401,
        "current size": 427,
        "first": 224.401,
        "maximum": 224.401,
        "minimum": 224.401,
        "most_common": 224.401,
        "num_of_undefined": 0,
        "standard_deviation": 0.0
    },
    "ecQ2_I_coarse": {
        "average": 178.253,
        "current size": 427,
        "first": 178.243,
        "maximum": 178.263,
        "minimum": 178.243,
        "most_common": 178.243,
        "num_of_undefined": 0,
        "standard_deviation": 0.005189560275211851
    },
    "ecQ2_Set_Current": {
        "average": 178.339,
        "current size": 427,
        "first": 178.339,
        "maximum": 178.339,
        "minimum": 178.339,
        "most_common": 178.339,
        "num_of_undefined": 0,
        "standard_deviation": 0.0
    },
    "ecQ3_I_coarse": {
        "average": 86.1938,
        "current size": 427,
        "first": 86.184,
        "maximum": 86.2036,
        "minimum": 86.184,
        "most_common": 86.184,
        "num_of_undefined": 0,
        "standard_deviation": 0.009799758126548713
    },
    "ecQ3_Set_Current": {
        "average": 86.6483,
        "current size": 427,
        "first": 86.6483,
        "maximum": 86.6483,
        "minimum": 86.6483,
        "most_common": 86.6483,
        "num_of_undefined": 0,
        "standard_deviation": 2.842170943040401e-14
    },
    "ecSDI_I_coarse": {
        "average": 593.0345,
        "current size": 427,
        "first": 592.972,
        "maximum": 593.097,
        "minimum": 592.972,
        "most_common": 592.972,
        "num_of_undefined": 0,
        "standard_deviation": 0.017955253191095616
    },
    "ecSDI_Set_Current": {
        "average": 593.452,
        "current size": 427,
        "first": 593.452,
        "maximum": 593.452,
        "minimum": 593.452,
        "most_common": 593.452,
        "num_of_undefined": 0,
        "standard_deviation": 2.2737367544323206e-13
    },
    "ecSHB_I_coarse": {
        "average": 613.35,
        "current size": 427,
        "first": 613.272,
        "maximum": 613.428,
        "minimum": 613.272,
        "most_common": 613.272,
        "num_of_undefined": 0,
        "standard_deviation": 0.010651387536247892
    },
    "ecSHB_Set_Current": {
        "average": 614.592,
        "current size": 427,
        "first": 614.592,
        "maximum": 614.592,
        "minimum": 614.592,
        "most_common": 614.592,
        "num_of_undefined": 0,
        "standard_deviation": 0.0
    },
    "ecSQ1_I_coarse": {
        "average": 390.572,
        "current size": 427,
        "first": 390.541,
        "maximum": 390.603,
        "minimum": 390.541,
        "most_common": 390.541,
        "num_of_undefined": 0,
        "standard_deviation": 0.017226753665535114
    },
    "ecSQ1_Set_Current": {
        "average": 390.544,
        "current size": 427,
        "first": 390.544,
        "maximum": 390.544,
        "minimum": 390.544,
        "most_common": 390.544,
        "num_of_undefined": 0,
        "standard_deviation": 0.0
    },
    "ecSQ2_I_coarse": {
        "average": 655.931,
        "current size": 427,
        "first": 655.962,
        "maximum": 655.962,
        "minimum": 655.9,
        "most_common": 655.962,
        "num_of_undefined": 0,
        "standard_deviation": 0.02840562788420304
    },
    "ecSQ2_Set_Current": {
        "average": 655.988,
        "current size": 427,
        "first": 655.988,
        "maximum": 655.988,
        "minimum": 655.988,
        "most_common": 655.988,
        "num_of_undefined": 0,
        "standard_deviation": 0.0
    },
    "ecSQ3_I_coarse": {
        "average": 432.0135,
        "current size": 427,
        "first": 431.982,
        "maximum": 432.045,
        "minimum": 431.982,
        "most_common": 432.045,
        "num_of_undefined": 0,
        "standard_deviation": 0.02371787279504325
    },
    "ecSQ3_Set_Current": {
        "average": 431.634,
        "current size": 427,
        "first": 431.634,
        "maximum": 431.634,
        "minimum": 431.634,
        "most_common": 431.634,
        "num_of_undefined": 0,
        "standard_deviation": 5.684341886080802e-14
    },
    "hcBDSPOS": {
        "average": 24018300.0,
        "current size": 427,
        "first": 24018300.0,
        "maximum": 24018300.0,
        "minimum": 24018300.0,
        "most_common": 24018300.0,
        "num_of_undefined": 0,
        "standard_deviation": 0.0
    }
}