{
    "RunNumber": "23834",
    "ecDI_B_Set_NMR": {
        "average": 0.6241880000000001,
        "current size": 47,
        "first": 0.624188,
        "maximum": 0.624188,
        "minimum": 0.624188,
        "most_common": 0.624188,
        "num_of_zeros": 0,
        "standard_deviation": 1.1102230246251565e-16
    },
    "ecDI_B_True_NMR": {
        "average": 0.624285106382979,
        "current size": 47,
        "first": 0.624285,
        "maximum": 0.624286,
        "minimum": 0.624284,
        "most_common": 0.624285,
        "num_of_zeros": 0,
        "standard_deviation": 5.150518483939682e-07
    },
    "ecDI_I_coarse": {
        "average": 694.7378085106382,
        "current size": 47,
        "first": 694.775,
        "maximum": 694.775,
        "minimum": 694.729,
        "most_common": 694.729,
        "num_of_zeros": 0,
        "standard_deviation": 0.018099768774649458
    },
    "ecDI_Set_Current": {
        "average": 698.071,
        "current size": 47,
        "first": 698.071,
        "maximum": 698.071,
        "minimum": 698.071,
        "most_common": 698.071,
        "num_of_zeros": 0,
        "standard_deviation": 0.0
    },
    "ecHMS_Angle": {
        "average": 42.02999999999998,
        "current size": 47,
        "first": 42.03,
        "maximum": 42.03,
        "minimum": 42.03,
        "most_common": 42.03,
        "num_of_zeros": 0,
        "standard_deviation": 2.1316282072803006e-14
    },
    "ecQ1_I_coarse": {
        "average": 296.8179999999998,
        "current size": 47,
        "first": 296.818,
        "maximum": 296.818,
        "minimum": 296.818,
        "most_common": 296.818,
        "num_of_zeros": 0,
        "standard_deviation": 1.7053025658242404e-13
    },
    "ecQ1_Set_Current": {
        "average": 296.9879999999998,
        "current size": 47,
        "first": 296.988,
        "maximum": 296.988,
        "minimum": 296.988,
        "most_common": 296.988,
        "num_of_zeros": 0,
        "standard_deviation": 2.2737367544323206e-13
    },
    "ecQ2_I_coarse": {
        "average": 235.9560000000001,
        "current size": 47,
        "first": 235.956,
        "maximum": 235.956,
        "minimum": 235.956,
        "most_common": 235.956,
        "num_of_zeros": 0,
        "standard_deviation": 1.1368683772161603e-13
    },
    "ecQ2_Set_Current": {
        "average": 236.07899999999987,
        "current size": 47,
        "first": 236.079,
        "maximum": 236.079,
        "minimum": 236.079,
        "most_common": 236.079,
        "num_of_zeros": 0,
        "standard_deviation": 1.4210854715202004e-13
    },
    "ecQ3_I_coarse": {
        "average": 114.28368085106383,
        "current size": 47,
        "first": 114.299,
        "maximum": 114.299,
        "minimum": 114.279,
        "most_common": 114.279,
        "num_of_zeros": 0,
        "standard_deviation": 0.008467978188145785
    },
    "ecQ3_Set_Current": {
        "average": 114.74399999999996,
        "current size": 47,
        "first": 114.744,
        "maximum": 114.744,
        "minimum": 114.744,
        "most_common": 114.744,
        "num_of_zeros": 0,
        "standard_deviation": 4.263256414560601e-14
    },
    "ecSDI_I_coarse": {
        "average": 2256.1472340425516,
        "current size": 47,
        "first": 2256.15,
        "maximum": 2256.15,
        "minimum": 2256.02,
        "most_common": 2256.02,
        "num_of_zeros": 0,
        "standard_deviation": 0.018759636123553736
    },
    "ecSDI_Set_Current": {
        "average": 2255.7599999999993,
        "current size": 47,
        "first": 2255.76,
        "maximum": 2255.76,
        "minimum": 2255.76,
        "most_common": 2255.76,
        "num_of_zeros": 0,
        "standard_deviation": 9.094947017729282e-13
    },
    "ecSHB_I_coarse": {
        "average": 2393.5068085106386,
        "current size": 47,
        "first": 2393.5,
        "maximum": 2393.66,
        "minimum": 2393.5,
        "most_common": 2393.5,
        "num_of_zeros": 0,
        "standard_deviation": 0.0322956016357328
    },
    "ecSHB_Set_Current": {
        "average": 2396.800000000002,
        "current size": 47,
        "first": 2396.8,
        "maximum": 2396.8,
        "minimum": 2396.8,
        "most_common": 2396.8,
        "num_of_zeros": 0,
        "standard_deviation": 1.8189894035458565e-12
    },
    "ecSHMS_Angle": {
        "average": 12.48000000000001,
        "current size": 47,
        "first": 12.48,
        "maximum": 12.48,
        "minimum": 12.48,
        "most_common": 12.48,
        "num_of_zeros": 0,
        "standard_deviation": 8.881784197001252e-15
    },
    "ecSQ1_I_coarse": {
        "average": 1491.2665957446804,
        "current size": 47,
        "first": 1491.31,
        "maximum": 1491.31,
        "minimum": 1491.25,
        "most_common": 1491.25,
        "num_of_zeros": 0,
        "standard_deviation": 0.026838888563756835
    },
    "ecSQ1_Set_Current": {
        "average": 1490.7399999999996,
        "current size": 47,
        "first": 1490.74,
        "maximum": 1490.74,
        "minimum": 1490.74,
        "most_common": 1490.74,
        "num_of_zeros": 0,
        "standard_deviation": 4.547473508864641e-13
    },
    "ecSQ2_I_coarse": {
        "average": 2491.7799999999993,
        "current size": 47,
        "first": 2491.78,
        "maximum": 2491.78,
        "minimum": 2491.78,
        "most_common": 2491.78,
        "num_of_zeros": 0,
        "standard_deviation": 9.094947017729282e-13
    },
    "ecSQ2_Set_Current": {
        "average": 2493.4600000000023,
        "current size": 47,
        "first": 2493.46,
        "maximum": 2493.46,
        "minimum": 2493.46,
        "most_common": 2493.46,
        "num_of_zeros": 0,
        "standard_deviation": 2.2737367544323206e-12
    },
    "ecSQ3_I_coarse": {
        "average": 1642.2123404255328,
        "current size": 47,
        "first": 1642.26,
        "maximum": 1642.26,
        "minimum": 1642.19,
        "most_common": 1642.19,
        "num_of_zeros": 0,
        "standard_deviation": 0.03263028002155468
    },
    "ecSQ3_Set_Current": {
        "average": 1640.669999999999,
        "current size": 47,
        "first": 1640.67,
        "maximum": 1640.67,
        "minimum": 1640.67,
        "most_common": 1640.67,
        "num_of_zeros": 0,
        "standard_deviation": 1.1368683772161603e-12
    },
    "hcBDSPOS": {
        "average": 4745270.0,
        "current size": 47,
        "first": 4745270.0,
        "maximum": 4745270.0,
        "minimum": 4745270.0,
        "most_common": 4745270.0,
        "num_of_zeros": 0,
        "standard_deviation": 0.0
    }
}
