{
    "RunNumber": "23844",
    "ecDI_B_Set_NMR": {
        "average": 0.6241880000000001,
        "current size": 50,
        "first": 0.624188,
        "maximum": 0.624188,
        "minimum": 0.624188,
        "most_common": 0.624188,
        "num_of_zeros": 1,
        "standard_deviation": 1.1102230246251565e-16
    },
    "ecDI_B_True_NMR": {
        "average": 0.6242842399999998,
        "current size": 50,
        "first": 0.624284,
        "maximum": 0.624285,
        "minimum": 0.624283,
        "most_common": 0.624284,
        "num_of_zeros": 1,
        "standard_deviation": 5.122499389986079e-07
    },
    "ecDI_I_coarse": {
        "average": 694.7205399999998,
        "current size": 50,
        "first": 694.729,
        "maximum": 694.729,
        "minimum": 694.682,
        "most_common": 694.682,
        "num_of_zeros": 1,
        "standard_deviation": 0.018056810349570407
    },
    "ecDI_Set_Current": {
        "average": 698.0710000000003,
        "current size": 50,
        "first": 698.071,
        "maximum": 698.071,
        "minimum": 698.071,
        "most_common": 698.071,
        "num_of_zeros": 1,
        "standard_deviation": 2.2737367544323206e-13
    },
    "ecHMS_Angle": {
        "average": 42.02999999999998,
        "current size": 50,
        "first": 42.03,
        "maximum": 42.03,
        "minimum": 42.03,
        "most_common": 42.03,
        "num_of_zeros": 1,
        "standard_deviation": 2.1316282072803006e-14
    },
    "ecQ1_I_coarse": {
        "average": 296.8147999999999,
        "current size": 50,
        "first": 296.818,
        "maximum": 296.818,
        "minimum": 296.798,
        "most_common": 296.798,
        "num_of_zeros": 1,
        "standard_deviation": 0.007332121111922677
    },
    "ecQ1_Set_Current": {
        "average": 296.9879999999998,
        "current size": 50,
        "first": 296.988,
        "maximum": 296.988,
        "minimum": 296.988,
        "most_common": 296.988,
        "num_of_zeros": 1,
        "standard_deviation": 2.2737367544323206e-13
    },
    "ecQ2_I_coarse": {
        "average": 235.95680000000007,
        "current size": 50,
        "first": 235.956,
        "maximum": 235.976,
        "minimum": 235.956,
        "most_common": 235.956,
        "num_of_zeros": 1,
        "standard_deviation": 0.003919183588455092
    },
    "ecQ2_Set_Current": {
        "average": 236.07899999999987,
        "current size": 50,
        "first": 236.079,
        "maximum": 236.079,
        "minimum": 236.079,
        "most_common": 236.079,
        "num_of_zeros": 1,
        "standard_deviation": 1.4210854715202004e-13
    },
    "ecQ3_I_coarse": {
        "average": 114.28300000000004,
        "current size": 50,
        "first": 114.279,
        "maximum": 114.299,
        "minimum": 114.279,
        "most_common": 114.279,
        "num_of_zeros": 1,
        "standard_deviation": 0.008000000000004094
    },
    "ecQ3_Set_Current": {
        "average": 114.74399999999994,
        "current size": 50,
        "first": 114.744,
        "maximum": 114.744,
        "minimum": 114.744,
        "most_common": 114.744,
        "num_of_zeros": 1,
        "standard_deviation": 5.684341886080802e-14
    },
    "ecSDI_I_coarse": {
        "average": 2256.147399999998,
        "current size": 50,
        "first": 2256.15,
        "maximum": 2256.15,
        "minimum": 2256.02,
        "most_common": 2256.02,
        "num_of_zeros": 1,
        "standard_deviation": 0.01820000000001529
    },
    "ecSDI_Set_Current": {
        "average": 2255.759999999999,
        "current size": 50,
        "first": 2255.76,
        "maximum": 2255.76,
        "minimum": 2255.76,
        "most_common": 2255.76,
        "num_of_zeros": 1,
        "standard_deviation": 1.3642420526593924e-12
    },
    "ecSHB_I_coarse": {
        "average": 2393.5256000000004,
        "current size": 50,
        "first": 2393.5,
        "maximum": 2393.66,
        "minimum": 2393.5,
        "most_common": 2393.5,
        "num_of_zeros": 1,
        "standard_deviation": 0.0586569688953814
    },
    "ecSHB_Set_Current": {
        "average": 2396.800000000002,
        "current size": 50,
        "first": 2396.8,
        "maximum": 2396.8,
        "minimum": 2396.8,
        "most_common": 2396.8,
        "num_of_zeros": 1,
        "standard_deviation": 1.8189894035458565e-12
    },
    "ecSHMS_Angle": {
        "average": 12.48000000000001,
        "current size": 50,
        "first": 12.48,
        "maximum": 12.48,
        "minimum": 12.48,
        "most_common": 12.48,
        "num_of_zeros": 1,
        "standard_deviation": 8.881784197001252e-15
    },
    "ecSQ1_I_coarse": {
        "average": 1491.2583999999997,
        "current size": 50,
        "first": 1491.25,
        "maximum": 1491.31,
        "minimum": 1491.25,
        "most_common": 1491.25,
        "num_of_zeros": 1,
        "standard_deviation": 0.020819221887458036
    },
    "ecSQ1_Set_Current": {
        "average": 1490.74,
        "current size": 50,
        "first": 1490.74,
        "maximum": 1490.74,
        "minimum": 1490.74,
        "most_common": 1490.74,
        "num_of_zeros": 1,
        "standard_deviation": 0.0
    },
    "ecSQ2_I_coarse": {
        "average": 2491.791999999999,
        "current size": 50,
        "first": 2491.78,
        "maximum": 2491.84,
        "minimum": 2491.78,
        "most_common": 2491.78,
        "num_of_zeros": 1,
        "standard_deviation": 0.02399999999997817
    },
    "ecSQ2_Set_Current": {
        "average": 2493.4600000000028,
        "current size": 50,
        "first": 2493.46,
        "maximum": 2493.46,
        "minimum": 2493.46,
        "most_common": 2493.46,
        "num_of_zeros": 1,
        "standard_deviation": 2.7284841053187847e-12
    },
    "ecSQ3_I_coarse": {
        "average": 1642.2110000000007,
        "current size": 50,
        "first": 1642.26,
        "maximum": 1642.26,
        "minimum": 1642.19,
        "most_common": 1642.19,
        "num_of_zeros": 1,
        "standard_deviation": 0.032078029864661704
    },
    "ecSQ3_Set_Current": {
        "average": 1640.669999999999,
        "current size": 50,
        "first": 1640.67,
        "maximum": 1640.67,
        "minimum": 1640.67,
        "most_common": 1640.67,
        "num_of_zeros": 1,
        "standard_deviation": 1.1368683772161603e-12
    },
    "hcBDSPOS": {
        "average": 24018300.0,
        "current size": 51,
        "first": 24018300.0,
        "maximum": 24018300.0,
        "minimum": 24018300.0,
        "most_common": 24018300.0,
        "num_of_zeros": 0,
        "standard_deviation": 0.0
    }
}
