{
    "RunNumber": "23846",
    "ecDI_B_Set_NMR": {
        "average": 0.6241880000000001,
        "current size": 45,
        "first": 0.624188,
        "maximum": 0.624188,
        "minimum": 0.624188,
        "most_common": 0.624188,
        "num_of_zeros": 0,
        "standard_deviation": 1.1102230246251565e-16
    },
    "ecDI_B_True_NMR": {
        "average": 0.6242841111111108,
        "current size": 45,
        "first": 0.624284,
        "maximum": 0.624285,
        "minimum": 0.624283,
        "most_common": 0.624284,
        "num_of_zeros": 0,
        "standard_deviation": 5.258737584920142e-07
    },
    "ecDI_I_coarse": {
        "average": 694.739222222222,
        "current size": 45,
        "first": 694.775,
        "maximum": 694.775,
        "minimum": 694.729,
        "most_common": 694.729,
        "num_of_zeros": 0,
        "standard_deviation": 0.019124026643484414
    },
    "ecDI_Set_Current": {
        "average": 698.071,
        "current size": 45,
        "first": 698.071,
        "maximum": 698.071,
        "minimum": 698.071,
        "most_common": 698.071,
        "num_of_zeros": 0,
        "standard_deviation": 0.0
    },
    "ecHMS_Angle": {
        "average": 42.02999999999998,
        "current size": 45,
        "first": 42.03,
        "maximum": 42.03,
        "minimum": 42.03,
        "most_common": 42.03,
        "num_of_zeros": 0,
        "standard_deviation": 2.1316282072803006e-14
    },
    "ecQ1_I_coarse": {
        "average": 296.8162222222221,
        "current size": 45,
        "first": 296.818,
        "maximum": 296.818,
        "minimum": 296.798,
        "most_common": 296.798,
        "num_of_zeros": 0,
        "standard_deviation": 0.005691665988824022
    },
    "ecQ1_Set_Current": {
        "average": 296.98799999999983,
        "current size": 45,
        "first": 296.988,
        "maximum": 296.988,
        "minimum": 296.988,
        "most_common": 296.988,
        "num_of_zeros": 0,
        "standard_deviation": 1.7053025658242404e-13
    },
    "ecQ2_I_coarse": {
        "average": 235.95644444444454,
        "current size": 45,
        "first": 235.956,
        "maximum": 235.976,
        "minimum": 235.956,
        "most_common": 235.956,
        "num_of_zeros": 0,
        "standard_deviation": 0.0029481109247618646
    },
    "ecQ2_Set_Current": {
        "average": 236.0789999999999,
        "current size": 45,
        "first": 236.079,
        "maximum": 236.079,
        "minimum": 236.079,
        "most_common": 236.079,
        "num_of_zeros": 0,
        "standard_deviation": 1.1368683772161603e-13
    },
    "ecQ3_I_coarse": {
        "average": 114.2825555555556,
        "current size": 45,
        "first": 114.279,
        "maximum": 114.299,
        "minimum": 114.279,
        "most_common": 114.279,
        "num_of_zeros": 0,
        "standard_deviation": 0.007646511348486243
    },
    "ecQ3_Set_Current": {
        "average": 114.74399999999997,
        "current size": 45,
        "first": 114.744,
        "maximum": 114.744,
        "minimum": 114.744,
        "most_common": 114.744,
        "num_of_zeros": 0,
        "standard_deviation": 2.842170943040401e-14
    },
    "ecSDI_I_coarse": {
        "average": 2256.141333333332,
        "current size": 45,
        "first": 2256.15,
        "maximum": 2256.15,
        "minimum": 2256.02,
        "most_common": 2256.02,
        "num_of_zeros": 0,
        "standard_deviation": 0.032427697352068054
    },
    "ecSDI_Set_Current": {
        "average": 2255.7599999999993,
        "current size": 45,
        "first": 2255.76,
        "maximum": 2255.76,
        "minimum": 2255.76,
        "most_common": 2255.76,
        "num_of_zeros": 0,
        "standard_deviation": 9.094947017729282e-13
    },
    "ecSHB_I_coarse": {
        "average": 2393.524888888889,
        "current size": 45,
        "first": 2393.5,
        "maximum": 2393.66,
        "minimum": 2393.5,
        "most_common": 2393.5,
        "num_of_zeros": 0,
        "standard_deviation": 0.05798935619656979
    },
    "ecSHB_Set_Current": {
        "average": 2396.800000000002,
        "current size": 45,
        "first": 2396.8,
        "maximum": 2396.8,
        "minimum": 2396.8,
        "most_common": 2396.8,
        "num_of_zeros": 0,
        "standard_deviation": 1.8189894035458565e-12
    },
    "ecSHMS_Angle": {
        "average": 12.480000000000008,
        "current size": 45,
        "first": 12.48,
        "maximum": 12.48,
        "minimum": 12.48,
        "most_common": 12.48,
        "num_of_zeros": 0,
        "standard_deviation": 7.105427357601002e-15
    },
    "ecSQ1_I_coarse": {
        "average": 1491.272666666666,
        "current size": 45,
        "first": 1491.25,
        "maximum": 1491.31,
        "minimum": 1491.25,
        "most_common": 1491.25,
        "num_of_zeros": 0,
        "standard_deviation": 0.029089898972335458
    },
    "ecSQ1_Set_Current": {
        "average": 1490.7399999999993,
        "current size": 45,
        "first": 1490.74,
        "maximum": 1490.74,
        "minimum": 1490.74,
        "most_common": 1490.74,
        "num_of_zeros": 0,
        "standard_deviation": 6.821210263296962e-13
    },
    "ecSQ2_I_coarse": {
        "average": 2491.787999999999,
        "current size": 45,
        "first": 2491.84,
        "maximum": 2491.84,
        "minimum": 2491.78,
        "most_common": 2491.78,
        "num_of_zeros": 0,
        "standard_deviation": 0.0203960780543526
    },
    "ecSQ2_Set_Current": {
        "average": 2493.4600000000023,
        "current size": 45,
        "first": 2493.46,
        "maximum": 2493.46,
        "minimum": 2493.46,
        "most_common": 2493.46,
        "num_of_zeros": 0,
        "standard_deviation": 2.2737367544323206e-12
    },
    "ecSQ3_I_coarse": {
        "average": 1642.2133333333338,
        "current size": 45,
        "first": 1642.26,
        "maximum": 1642.26,
        "minimum": 1642.19,
        "most_common": 1642.19,
        "num_of_zeros": 0,
        "standard_deviation": 0.03299831645534221
    },
    "ecSQ3_Set_Current": {
        "average": 1640.669999999999,
        "current size": 45,
        "first": 1640.67,
        "maximum": 1640.67,
        "minimum": 1640.67,
        "most_common": 1640.67,
        "num_of_zeros": 0,
        "standard_deviation": 1.1368683772161603e-12
    },
    "hcBDSPOS": {
        "average": 24018300.0,
        "current size": 45,
        "first": 24018300.0,
        "maximum": 24018300.0,
        "minimum": 24018300.0,
        "most_common": 24018300.0,
        "num_of_zeros": 0,
        "standard_deviation": 0.0
    }
}
