{
    "RunNumber": "23853",
    "ecDI_B_Set_NMR": {
        "average": 1.2319499999999999,
        "current size": 12,
        "first": 1.23195,
        "maximum": 1.23195,
        "minimum": 1.23195,
        "most_common": 1.23195,
        "num_of_zeros": 0,
        "standard_deviation": 2.220446049250313e-16
    },
    "ecDI_B_True_NMR": {
        "average": 1.0719850000000002,
        "current size": 12,
        "first": 1.74302,
        "maximum": 1.95212,
        "minimum": 0.636734,
        "most_common": 0.636734,
        "num_of_zeros": 0,
        "standard_deviation": 0.48104388895574457
    },
    "ecDI_I_coarse": {
        "average": 1381.9025,
        "current size": 12,
        "first": 1381.89,
        "maximum": 1381.94,
        "minimum": 1381.89,
        "most_common": 1381.89,
        "num_of_zeros": 0,
        "standard_deviation": 0.021650635094591274
    },
    "ecDI_Set_Current": {
        "average": 1386.3800000000003,
        "current size": 12,
        "first": 1386.38,
        "maximum": 1386.38,
        "minimum": 1386.38,
        "most_common": 1386.38,
        "num_of_zeros": 0,
        "standard_deviation": 2.2737367544323206e-13
    },
    "ecHMS_Angle": {
        "average": 14.0,
        "current size": 12,
        "first": 14.0,
        "maximum": 14.0,
        "minimum": 14.0,
        "most_common": 14.0,
        "num_of_zeros": 0,
        "standard_deviation": 0.0
    },
    "ecQ1_I_coarse": {
        "average": 585.9319999999999,
        "current size": 12,
        "first": 585.932,
        "maximum": 585.932,
        "minimum": 585.932,
        "most_common": 585.932,
        "num_of_zeros": 0,
        "standard_deviation": 1.1368683772161603e-13
    },
    "ecQ1_Set_Current": {
        "average": 586.2920000000001,
        "current size": 12,
        "first": 586.292,
        "maximum": 586.292,
        "minimum": 586.292,
        "most_common": 586.292,
        "num_of_zeros": 0,
        "standard_deviation": 1.1368683772161603e-13
    },
    "ecQ2_I_coarse": {
        "average": 466.1434166666668,
        "current size": 12,
        "first": 466.145,
        "maximum": 466.145,
        "minimum": 466.126,
        "most_common": 466.126,
        "num_of_zeros": 0,
        "standard_deviation": 0.00525132258473089
    },
    "ecQ2_Set_Current": {
        "average": 466.2169999999999,
        "current size": 12,
        "first": 466.217,
        "maximum": 466.217,
        "minimum": 466.217,
        "most_common": 466.217,
        "num_of_zeros": 0,
        "standard_deviation": 5.684341886080802e-14
    },
    "ecQ3_I_coarse": {
        "average": 226.269,
        "current size": 12,
        "first": 226.269,
        "maximum": 226.269,
        "minimum": 226.269,
        "most_common": 226.269,
        "num_of_zeros": 0,
        "standard_deviation": 0.0
    },
    "ecQ3_Set_Current": {
        "average": 226.72400000000002,
        "current size": 12,
        "first": 226.724,
        "maximum": 226.724,
        "minimum": 226.724,
        "most_common": 226.724,
        "num_of_zeros": 0,
        "standard_deviation": 2.842170943040401e-14
    },
    "ecSDI_I_coarse": {
        "average": 1435.6900000000003,
        "current size": 12,
        "first": 1435.69,
        "maximum": 1435.69,
        "minimum": 1435.69,
        "most_common": 1435.69,
        "num_of_zeros": 0,
        "standard_deviation": 2.2737367544323206e-13
    },
    "ecSDI_Set_Current": {
        "average": 1435.7700000000002,
        "current size": 12,
        "first": 1435.77,
        "maximum": 1435.77,
        "minimum": 1435.77,
        "most_common": 1435.77,
        "num_of_zeros": 0,
        "standard_deviation": 2.2737367544323206e-13
    },
    "ecSHB_I_coarse": {
        "average": 1496.3500000000001,
        "current size": 12,
        "first": 1496.35,
        "maximum": 1496.35,
        "minimum": 1496.35,
        "most_common": 1496.35,
        "num_of_zeros": 0,
        "standard_deviation": 2.2737367544323206e-13
    },
    "ecSHB_Set_Current": {
        "average": 1498.67,
        "current size": 12,
        "first": 1498.67,
        "maximum": 1498.67,
        "minimum": 1498.67,
        "most_common": 1498.67,
        "num_of_zeros": 0,
        "standard_deviation": 0.0
    },
    "ecSHMS_Angle": {
        "average": 14.0,
        "current size": 12,
        "first": 14.0,
        "maximum": 14.0,
        "minimum": 14.0,
        "most_common": 14.0,
        "num_of_zeros": 0,
        "standard_deviation": 0.0
    },
    "ecSQ1_I_coarse": {
        "average": 945.1769999999998,
        "current size": 12,
        "first": 945.177,
        "maximum": 945.177,
        "minimum": 945.177,
        "most_common": 945.177,
        "num_of_zeros": 0,
        "standard_deviation": 2.2737367544323206e-13
    },
    "ecSQ1_Set_Current": {
        "average": 944.8639999999997,
        "current size": 12,
        "first": 944.864,
        "maximum": 944.864,
        "minimum": 944.864,
        "most_common": 944.864,
        "num_of_zeros": 0,
        "standard_deviation": 3.410605131648481e-13
    },
    "ecSQ2_I_coarse": {
        "average": 1586.07,
        "current size": 12,
        "first": 1586.07,
        "maximum": 1586.07,
        "minimum": 1586.07,
        "most_common": 1586.07,
        "num_of_zeros": 0,
        "standard_deviation": 0.0
    },
    "ecSQ2_Set_Current": {
        "average": 1587.07,
        "current size": 12,
        "first": 1587.07,
        "maximum": 1587.07,
        "minimum": 1587.07,
        "most_common": 1587.07,
        "num_of_zeros": 0,
        "standard_deviation": 0.0
    },
    "ecSQ3_I_coarse": {
        "average": 1045.2133333333336,
        "current size": 12,
        "first": 1045.19,
        "maximum": 1045.26,
        "minimum": 1045.19,
        "most_common": 1045.19,
        "num_of_zeros": 0,
        "standard_deviation": 0.03299831645534221
    },
    "ecSQ3_Set_Current": {
        "average": 1044.2800000000002,
        "current size": 12,
        "first": 1044.28,
        "maximum": 1044.28,
        "minimum": 1044.28,
        "most_common": 1044.28,
        "num_of_zeros": 0,
        "standard_deviation": 2.2737367544323206e-13
    },
    "hcBDSPOS": {
        "average": 24018300.0,
        "current size": 12,
        "first": 24018300.0,
        "maximum": 24018300.0,
        "minimum": 24018300.0,
        "most_common": 24018300.0,
        "num_of_zeros": 0,
        "standard_deviation": 0.0
    }
}
