{
    "RunNumber": "23856",
    "ecDI_B_Set_NMR": {
        "average": 1.231949999999999,
        "current size": 51,
        "first": 1.23195,
        "maximum": 1.23195,
        "minimum": 1.23195,
        "most_common": 1.23195,
        "num_of_zeros": 0,
        "standard_deviation": 1.1102230246251565e-15
    },
    "ecDI_B_True_NMR": {
        "average": 1.5565870588235293,
        "current size": 51,
        "first": 1.55523,
        "maximum": 1.63327,
        "minimum": 1.48509,
        "most_common": 1.60719,
        "num_of_zeros": 0,
        "standard_deviation": 0.04951705324368279
    },
    "ecDI_I_coarse": {
        "average": 1381.9017647058824,
        "current size": 51,
        "first": 1381.89,
        "maximum": 1381.94,
        "minimum": 1381.89,
        "most_common": 1381.89,
        "num_of_zeros": 0,
        "standard_deviation": 0.021209125149768877
    },
    "ecDI_Set_Current": {
        "average": 1386.3799999999994,
        "current size": 51,
        "first": 1386.38,
        "maximum": 1386.38,
        "minimum": 1386.38,
        "most_common": 1386.38,
        "num_of_zeros": 0,
        "standard_deviation": 6.821210263296962e-13
    },
    "ecHMS_Angle": {
        "average": 14.0,
        "current size": 51,
        "first": 14.0,
        "maximum": 14.0,
        "minimum": 14.0,
        "most_common": 14.0,
        "num_of_zeros": 0,
        "standard_deviation": 0.0
    },
    "ecQ1_I_coarse": {
        "average": 585.9320000000005,
        "current size": 51,
        "first": 585.932,
        "maximum": 585.932,
        "minimum": 585.932,
        "most_common": 585.932,
        "num_of_zeros": 0,
        "standard_deviation": 4.547473508864641e-13
    },
    "ecQ1_Set_Current": {
        "average": 586.2920000000005,
        "current size": 51,
        "first": 586.292,
        "maximum": 586.292,
        "minimum": 586.292,
        "most_common": 586.292,
        "num_of_zeros": 0,
        "standard_deviation": 4.547473508864641e-13
    },
    "ecQ2_I_coarse": {
        "average": 466.1435098039219,
        "current size": 51,
        "first": 466.145,
        "maximum": 466.145,
        "minimum": 466.126,
        "most_common": 466.126,
        "num_of_zeros": 0,
        "standard_deviation": 0.005108134800300282
    },
    "ecQ2_Set_Current": {
        "average": 466.21700000000027,
        "current size": 51,
        "first": 466.217,
        "maximum": 466.217,
        "minimum": 466.217,
        "most_common": 466.217,
        "num_of_zeros": 0,
        "standard_deviation": 2.8421709430404007e-13
    },
    "ecQ3_I_coarse": {
        "average": 226.26939215686292,
        "current size": 51,
        "first": 226.269,
        "maximum": 226.289,
        "minimum": 226.269,
        "most_common": 226.269,
        "num_of_zeros": 0,
        "standard_deviation": 0.0027729677693564886
    },
    "ecQ3_Set_Current": {
        "average": 226.72400000000013,
        "current size": 51,
        "first": 226.724,
        "maximum": 226.724,
        "minimum": 226.724,
        "most_common": 226.724,
        "num_of_zeros": 0,
        "standard_deviation": 1.4210854715202004e-13
    },
    "ecSDI_I_coarse": {
        "average": 1435.6876470588245,
        "current size": 51,
        "first": 1435.69,
        "maximum": 1435.69,
        "minimum": 1435.57,
        "most_common": 1435.57,
        "num_of_zeros": 0,
        "standard_deviation": 0.016637806616170467
    },
    "ecSDI_Set_Current": {
        "average": 1435.7699999999993,
        "current size": 51,
        "first": 1435.77,
        "maximum": 1435.77,
        "minimum": 1435.77,
        "most_common": 1435.77,
        "num_of_zeros": 0,
        "standard_deviation": 6.821210263296962e-13
    },
    "ecSHB_I_coarse": {
        "average": 1496.3500000000001,
        "current size": 51,
        "first": 1496.35,
        "maximum": 1496.35,
        "minimum": 1496.35,
        "most_common": 1496.35,
        "num_of_zeros": 0,
        "standard_deviation": 2.2737367544323206e-13
    },
    "ecSHB_Set_Current": {
        "average": 1498.669999999999,
        "current size": 51,
        "first": 1498.67,
        "maximum": 1498.67,
        "minimum": 1498.67,
        "most_common": 1498.67,
        "num_of_zeros": 0,
        "standard_deviation": 1.1368683772161603e-12
    },
    "ecSHMS_Angle": {
        "average": 14.0,
        "current size": 51,
        "first": 14.0,
        "maximum": 14.0,
        "minimum": 14.0,
        "most_common": 14.0,
        "num_of_zeros": 0,
        "standard_deviation": 0.0
    },
    "ecSQ1_I_coarse": {
        "average": 945.1831764705892,
        "current size": 51,
        "first": 945.177,
        "maximum": 945.24,
        "minimum": 945.177,
        "most_common": 945.177,
        "num_of_zeros": 0,
        "standard_deviation": 0.01873416286177088
    },
    "ecSQ1_Set_Current": {
        "average": 944.8640000000008,
        "current size": 51,
        "first": 944.864,
        "maximum": 944.864,
        "minimum": 944.864,
        "most_common": 944.864,
        "num_of_zeros": 0,
        "standard_deviation": 7.958078640513122e-13
    },
    "ecSQ2_I_coarse": {
        "average": 1586.0770588235305,
        "current size": 51,
        "first": 1586.13,
        "maximum": 1586.13,
        "minimum": 1586.07,
        "most_common": 1586.07,
        "num_of_zeros": 0,
        "standard_deviation": 0.01933138438259094
    },
    "ecSQ2_Set_Current": {
        "average": 1587.0700000000013,
        "current size": 51,
        "first": 1587.07,
        "maximum": 1587.07,
        "minimum": 1587.07,
        "most_common": 1587.07,
        "num_of_zeros": 0,
        "standard_deviation": 1.3642420526593924e-12
    },
    "ecSQ3_I_coarse": {
        "average": 1045.2517647058828,
        "current size": 51,
        "first": 1045.26,
        "maximum": 1045.26,
        "minimum": 1045.19,
        "most_common": 1045.19,
        "num_of_zeros": 0,
        "standard_deviation": 0.02255328177960399
    },
    "ecSQ3_Set_Current": {
        "average": 1044.2799999999993,
        "current size": 51,
        "first": 1044.28,
        "maximum": 1044.28,
        "minimum": 1044.28,
        "most_common": 1044.28,
        "num_of_zeros": 0,
        "standard_deviation": 6.821210263296962e-13
    },
    "hcBDSPOS": {
        "average": 24018300.0,
        "current size": 51,
        "first": 24018300.0,
        "maximum": 24018300.0,
        "minimum": 24018300.0,
        "most_common": 24018300.0,
        "num_of_zeros": 0,
        "standard_deviation": 0.0
    }
}
