{
    "RunNumber": "23868",
    "ecDI_B_Set_NMR": {
        "average": 0.4191399999999999,
        "current size": 45,
        "first": 0.41914,
        "maximum": 0.41914,
        "minimum": 0.41914,
        "most_common": 0.41914,
        "num_of_zeros": 0,
        "standard_deviation": 1.1102230246251565e-16
    },
    "ecDI_B_True_NMR": {
        "average": 0.3483376444444444,
        "current size": 45,
        "first": 0.180766,
        "maximum": 0.969114,
        "minimum": 0.178922,
        "most_common": 0.180766,
        "num_of_zeros": 0,
        "standard_deviation": 0.17910208864941998
    },
    "ecDI_I_coarse": {
        "average": 467.0483555555553,
        "current size": 45,
        "first": 467.078,
        "maximum": 467.078,
        "minimum": 467.032,
        "most_common": 467.032,
        "num_of_zeros": 0,
        "standard_deviation": 0.022019340544724045
    },
    "ecDI_Set_Current": {
        "average": 470.0,
        "current size": 45,
        "first": 470.0,
        "maximum": 470.0,
        "minimum": 470.0,
        "most_common": 470.0,
        "num_of_zeros": 0,
        "standard_deviation": 0.0
    },
    "ecHMS_Angle": {
        "average": 29.059999999999967,
        "current size": 45,
        "first": 29.06,
        "maximum": 29.06,
        "minimum": 29.06,
        "most_common": 29.06,
        "num_of_zeros": 0,
        "standard_deviation": 3.197442310920451e-14
    },
    "ecQ1_I_coarse": {
        "average": 199.26548888888908,
        "current size": 45,
        "first": 199.279,
        "maximum": 199.279,
        "minimum": 199.26,
        "most_common": 199.26,
        "num_of_zeros": 0,
        "standard_deviation": 0.008611677400736954
    },
    "ecQ1_Set_Current": {
        "average": 199.38,
        "current size": 45,
        "first": 199.38,
        "maximum": 199.38,
        "minimum": 199.38,
        "most_common": 199.38,
        "num_of_zeros": 0,
        "standard_deviation": 0.0
    },
    "ecQ2_I_coarse": {
        "average": 158.3147777777778,
        "current size": 45,
        "first": 158.321,
        "maximum": 158.321,
        "minimum": 158.301,
        "most_common": 158.301,
        "num_of_zeros": 0,
        "standard_deviation": 0.00925896295822681
    },
    "ecQ2_Set_Current": {
        "average": 158.4359999999999,
        "current size": 45,
        "first": 158.436,
        "maximum": 158.436,
        "minimum": 158.436,
        "most_common": 158.436,
        "num_of_zeros": 0,
        "standard_deviation": 1.1368683772161603e-13
    },
    "ecQ3_I_coarse": {
        "average": 76.5180288888889,
        "current size": 45,
        "first": 76.5189,
        "maximum": 76.5189,
        "minimum": 76.4993,
        "most_common": 76.4993,
        "num_of_zeros": 0,
        "standard_deviation": 0.004039176055815278
    },
    "ecQ3_Set_Current": {
        "average": 76.96360000000003,
        "current size": 45,
        "first": 76.9636,
        "maximum": 76.9636,
        "minimum": 76.9636,
        "most_common": 76.9636,
        "num_of_zeros": 0,
        "standard_deviation": 2.842170943040401e-14
    },
    "ecSDI_I_coarse": {
        "average": 1158.606444444444,
        "current size": 45,
        "first": 1158.54,
        "maximum": 1158.67,
        "minimum": 1158.54,
        "most_common": 1158.54,
        "num_of_zeros": 0,
        "standard_deviation": 0.06498394863544386
    },
    "ecSDI_Set_Current": {
        "average": 1158.830000000001,
        "current size": 45,
        "first": 1158.83,
        "maximum": 1158.83,
        "minimum": 1158.83,
        "most_common": 1158.83,
        "num_of_zeros": 0,
        "standard_deviation": 1.1368683772161603e-12
    },
    "ecSHB_I_coarse": {
        "average": 1203.523333333334,
        "current size": 45,
        "first": 1203.55,
        "maximum": 1203.55,
        "minimum": 1203.4,
        "most_common": 1203.4,
        "num_of_zeros": 0,
        "standard_deviation": 0.057348835113565366
    },
    "ecSHB_Set_Current": {
        "average": 1205.4700000000007,
        "current size": 45,
        "first": 1205.47,
        "maximum": 1205.47,
        "minimum": 1205.47,
        "most_common": 1205.47,
        "num_of_zeros": 0,
        "standard_deviation": 6.821210263296962e-13
    },
    "ecSHMS_Angle": {
        "average": 11.079999999999995,
        "current size": 45,
        "first": 11.08,
        "maximum": 11.08,
        "minimum": 11.08,
        "most_common": 11.08,
        "num_of_zeros": 0,
        "standard_deviation": 5.3290705182007514e-15
    },
    "ecSQ1_I_coarse": {
        "average": 762.8499333333339,
        "current size": 45,
        "first": 762.883,
        "maximum": 762.883,
        "minimum": 762.821,
        "most_common": 762.821,
        "num_of_zeros": 0,
        "standard_deviation": 0.030931034397337145
    },
    "ecSQ1_Set_Current": {
        "average": 762.6100000000005,
        "current size": 45,
        "first": 762.61,
        "maximum": 762.61,
        "minimum": 762.61,
        "most_common": 762.61,
        "num_of_zeros": 0,
        "standard_deviation": 4.547473508864641e-13
    },
    "ecSQ2_I_coarse": {
        "average": 1280.2139999999993,
        "current size": 45,
        "first": 1280.21,
        "maximum": 1280.27,
        "minimum": 1280.21,
        "most_common": 1280.21,
        "num_of_zeros": 0,
        "standard_deviation": 0.014966629547082153
    },
    "ecSQ2_Set_Current": {
        "average": 1280.9400000000007,
        "current size": 45,
        "first": 1280.94,
        "maximum": 1280.94,
        "minimum": 1280.94,
        "most_common": 1280.94,
        "num_of_zeros": 0,
        "standard_deviation": 6.821210263296962e-13
    },
    "ecSQ3_I_coarse": {
        "average": 843.6522222222227,
        "current size": 45,
        "first": 843.648,
        "maximum": 843.711,
        "minimum": 843.586,
        "most_common": 843.648,
        "num_of_zeros": 0,
        "standard_deviation": 0.02050353778566779
    },
    "ecSQ3_Set_Current": {
        "average": 842.8460000000001,
        "current size": 45,
        "first": 842.846,
        "maximum": 842.846,
        "minimum": 842.846,
        "most_common": 842.846,
        "num_of_zeros": 0,
        "standard_deviation": 1.1368683772161603e-13
    },
    "hcBDSPOS": {
        "average": 24018300.0,
        "current size": 45,
        "first": 24018300.0,
        "maximum": 24018300.0,
        "minimum": 24018300.0,
        "most_common": 24018300.0,
        "num_of_zeros": 0,
        "standard_deviation": 0.0
    }
}
