{
    "RunNumber": "23867",
    "ecDI_B_Set_NMR": {
        "average": 0.4191399999999998,
        "current size": 51,
        "first": 0.41914,
        "maximum": 0.41914,
        "minimum": 0.41914,
        "most_common": 0.41914,
        "num_of_zeros": 0,
        "standard_deviation": 2.220446049250313e-16
    },
    "ecDI_B_True_NMR": {
        "average": 0.18076545098039215,
        "current size": 51,
        "first": 0.180766,
        "maximum": 0.180766,
        "minimum": 0.180765,
        "most_common": 0.180765,
        "num_of_zeros": 0,
        "standard_deviation": 4.975912760965575e-07
    },
    "ecDI_I_coarse": {
        "average": 467.04462745098004,
        "current size": 51,
        "first": 467.032,
        "maximum": 467.078,
        "minimum": 467.032,
        "most_common": 467.032,
        "num_of_zeros": 0,
        "standard_deviation": 0.020528278710980397
    },
    "ecDI_Set_Current": {
        "average": 470.0,
        "current size": 51,
        "first": 470.0,
        "maximum": 470.0,
        "minimum": 470.0,
        "most_common": 470.0,
        "num_of_zeros": 0,
        "standard_deviation": 0.0
    },
    "ecHMS_Angle": {
        "average": 29.059999999999963,
        "current size": 51,
        "first": 29.06,
        "maximum": 29.06,
        "minimum": 29.06,
        "most_common": 29.06,
        "num_of_zeros": 0,
        "standard_deviation": 3.552713678800501e-14
    },
    "ecQ1_I_coarse": {
        "average": 199.2667058823531,
        "current size": 51,
        "first": 199.26,
        "maximum": 199.279,
        "minimum": 199.26,
        "most_common": 199.26,
        "num_of_zeros": 0,
        "standard_deviation": 0.009079807628713386
    },
    "ecQ1_Set_Current": {
        "average": 199.3799999999999,
        "current size": 51,
        "first": 199.38,
        "maximum": 199.38,
        "minimum": 199.38,
        "most_common": 199.38,
        "num_of_zeros": 0,
        "standard_deviation": 8.526512829121202e-14
    },
    "ecQ2_I_coarse": {
        "average": 158.31315686274507,
        "current size": 51,
        "first": 158.321,
        "maximum": 158.321,
        "minimum": 158.301,
        "most_common": 158.301,
        "num_of_zeros": 0,
        "standard_deviation": 0.009764627135682435
    },
    "ecQ2_Set_Current": {
        "average": 158.43599999999986,
        "current size": 51,
        "first": 158.436,
        "maximum": 158.436,
        "minimum": 158.436,
        "most_common": 158.436,
        "num_of_zeros": 0,
        "standard_deviation": 1.4210854715202004e-13
    },
    "ecQ3_I_coarse": {
        "average": 76.51774705882356,
        "current size": 51,
        "first": 76.5189,
        "maximum": 76.5189,
        "minimum": 76.4993,
        "most_common": 76.4993,
        "num_of_zeros": 0,
        "standard_deviation": 0.004611764705881635
    },
    "ecQ3_Set_Current": {
        "average": 76.96360000000003,
        "current size": 51,
        "first": 76.9636,
        "maximum": 76.9636,
        "minimum": 76.9636,
        "most_common": 76.9636,
        "num_of_zeros": 0,
        "standard_deviation": 2.842170943040401e-14
    },
    "ecSDI_I_coarse": {
        "average": 1158.6088235294114,
        "current size": 51,
        "first": 1158.67,
        "maximum": 1158.67,
        "minimum": 1158.54,
        "most_common": 1158.54,
        "num_of_zeros": 0,
        "standard_deviation": 0.0648874458030553
    },
    "ecSDI_Set_Current": {
        "average": 1158.830000000001,
        "current size": 51,
        "first": 1158.83,
        "maximum": 1158.83,
        "minimum": 1158.83,
        "most_common": 1158.83,
        "num_of_zeros": 0,
        "standard_deviation": 1.1368683772161603e-12
    },
    "ecSHB_I_coarse": {
        "average": 1203.5264705882366,
        "current size": 51,
        "first": 1203.55,
        "maximum": 1203.55,
        "minimum": 1203.4,
        "most_common": 1203.4,
        "num_of_zeros": 0,
        "standard_deviation": 0.05455069703227804
    },
    "ecSHB_Set_Current": {
        "average": 1205.4700000000007,
        "current size": 51,
        "first": 1205.47,
        "maximum": 1205.47,
        "minimum": 1205.47,
        "most_common": 1205.47,
        "num_of_zeros": 0,
        "standard_deviation": 6.821210263296962e-13
    },
    "ecSHMS_Angle": {
        "average": 11.079999999999998,
        "current size": 51,
        "first": 11.08,
        "maximum": 11.08,
        "minimum": 11.08,
        "most_common": 11.08,
        "num_of_zeros": 0,
        "standard_deviation": 1.7763568394002505e-15
    },
    "ecSQ1_I_coarse": {
        "average": 762.8635490196085,
        "current size": 51,
        "first": 762.883,
        "maximum": 762.883,
        "minimum": 762.821,
        "most_common": 762.821,
        "num_of_zeros": 0,
        "standard_deviation": 0.028768387964882042
    },
    "ecSQ1_Set_Current": {
        "average": 762.6100000000005,
        "current size": 51,
        "first": 762.61,
        "maximum": 762.61,
        "minimum": 762.61,
        "most_common": 762.61,
        "num_of_zeros": 0,
        "standard_deviation": 4.547473508864641e-13
    },
    "ecSQ2_I_coarse": {
        "average": 1280.2158823529403,
        "current size": 51,
        "first": 1280.21,
        "maximum": 1280.27,
        "minimum": 1280.21,
        "most_common": 1280.21,
        "num_of_zeros": 0,
        "standard_deviation": 0.01784205986834036
    },
    "ecSQ2_Set_Current": {
        "average": 1280.940000000001,
        "current size": 51,
        "first": 1280.94,
        "maximum": 1280.94,
        "minimum": 1280.94,
        "most_common": 1280.94,
        "num_of_zeros": 0,
        "standard_deviation": 9.094947017729282e-13
    },
    "ecSQ3_I_coarse": {
        "average": 843.6468039215691,
        "current size": 51,
        "first": 843.648,
        "maximum": 843.711,
        "minimum": 843.586,
        "most_common": 843.648,
        "num_of_zeros": 0,
        "standard_deviation": 0.015071098959167252
    },
    "ecSQ3_Set_Current": {
        "average": 842.8459999999999,
        "current size": 51,
        "first": 842.846,
        "maximum": 842.846,
        "minimum": 842.846,
        "most_common": 842.846,
        "num_of_zeros": 0,
        "standard_deviation": 1.1368683772161603e-13
    },
    "hcBDSPOS": {
        "average": 24018300.0,
        "current size": 51,
        "first": 24018300.0,
        "maximum": 24018300.0,
        "minimum": 24018300.0,
        "most_common": 24018300.0,
        "num_of_zeros": 0,
        "standard_deviation": 0.0
    }
}
