{
    "RunNumber": "23901",
    "ecDI_B_Set_NMR": {
        "average": 0.41914,
        "current size": 41,
        "first": 0.41914,
        "maximum": 0.41914,
        "minimum": 0.41914,
        "most_common": 0.41914,
        "num_of_zeros": 0,
        "standard_deviation": 0.0
    },
    "ecDI_B_True_NMR": {
        "average": 1.0556307317073172,
        "current size": 41,
        "first": 1.05566,
        "maximum": 1.05571,
        "minimum": 1.05554,
        "most_common": 1.05562,
        "num_of_zeros": 0,
        "standard_deviation": 3.718052492462658e-05
    },
    "ecDI_I_coarse": {
        "average": 464.6417073170734,
        "current size": 41,
        "first": 464.644,
        "maximum": 464.644,
        "minimum": 464.597,
        "most_common": 464.597,
        "num_of_zeros": 0,
        "standard_deviation": 0.010124213676039847
    },
    "ecDI_Set_Current": {
        "average": 467.53700000000015,
        "current size": 41,
        "first": 467.537,
        "maximum": 467.537,
        "minimum": 467.537,
        "most_common": 467.537,
        "num_of_zeros": 0,
        "standard_deviation": 1.7053025658242404e-13
    },
    "ecHMS_Angle": {
        "average": 29.059999999999967,
        "current size": 41,
        "first": 29.06,
        "maximum": 29.06,
        "minimum": 29.06,
        "most_common": 29.06,
        "num_of_zeros": 0,
        "standard_deviation": 3.197442310920451e-14
    },
    "ecQ1_I_coarse": {
        "average": 199.27158536585384,
        "current size": 41,
        "first": 199.26,
        "maximum": 199.279,
        "minimum": 199.26,
        "most_common": 199.26,
        "num_of_zeros": 0,
        "standard_deviation": 0.00926829268292949
    },
    "ecQ1_Set_Current": {
        "average": 199.38000000000008,
        "current size": 41,
        "first": 199.38,
        "maximum": 199.38,
        "minimum": 199.38,
        "most_common": 199.38,
        "num_of_zeros": 0,
        "standard_deviation": 8.526512829121202e-14
    },
    "ecQ2_I_coarse": {
        "average": 158.31465853658543,
        "current size": 41,
        "first": 158.321,
        "maximum": 158.321,
        "minimum": 158.301,
        "most_common": 158.301,
        "num_of_zeros": 0,
        "standard_deviation": 0.009306723916267646
    },
    "ecQ2_Set_Current": {
        "average": 158.43599999999992,
        "current size": 41,
        "first": 158.436,
        "maximum": 158.436,
        "minimum": 158.436,
        "most_common": 158.436,
        "num_of_zeros": 0,
        "standard_deviation": 8.526512829121202e-14
    },
    "ecQ3_I_coarse": {
        "average": 76.5155536585366,
        "current size": 41,
        "first": 76.4993,
        "maximum": 76.5189,
        "minimum": 76.4993,
        "most_common": 76.4993,
        "num_of_zeros": 0,
        "standard_deviation": 0.007374977389330892
    },
    "ecQ3_Set_Current": {
        "average": 76.96360000000003,
        "current size": 41,
        "first": 76.9636,
        "maximum": 76.9636,
        "minimum": 76.9636,
        "most_common": 76.9636,
        "num_of_zeros": 0,
        "standard_deviation": 2.842170943040401e-14
    },
    "ecSDI_I_coarse": {
        "average": 834.0249756097562,
        "current size": 41,
        "first": 833.964,
        "maximum": 834.089,
        "minimum": 833.964,
        "most_common": 833.964,
        "num_of_zeros": 0,
        "standard_deviation": 0.06248140710950974
    },
    "ecSDI_Set_Current": {
        "average": 834.3430000000005,
        "current size": 41,
        "first": 834.343,
        "maximum": 834.343,
        "minimum": 834.343,
        "most_common": 834.343,
        "num_of_zeros": 0,
        "standard_deviation": 5.684341886080801e-13
    },
    "ecSHB_I_coarse": {
        "average": 863.8628048780486,
        "current size": 41,
        "first": 863.836,
        "maximum": 863.993,
        "minimum": 863.836,
        "most_common": 863.836,
        "num_of_zeros": 0,
        "standard_deviation": 0.059075073985990725
    },
    "ecSHB_Set_Current": {
        "average": 865.4680000000005,
        "current size": 41,
        "first": 865.468,
        "maximum": 865.468,
        "minimum": 865.468,
        "most_common": 865.468,
        "num_of_zeros": 0,
        "standard_deviation": 5.684341886080801e-13
    },
    "ecSHMS_Angle": {
        "average": 7.870000000000003,
        "current size": 41,
        "first": 7.87,
        "maximum": 7.87,
        "minimum": 7.87,
        "most_common": 7.87,
        "num_of_zeros": 0,
        "standard_deviation": 2.6645352591003757e-15
    },
    "ecSQ1_I_coarse": {
        "average": 549.2749024390248,
        "current size": 41,
        "first": 549.258,
        "maximum": 549.321,
        "minimum": 549.258,
        "most_common": 549.258,
        "num_of_zeros": 0,
        "standard_deviation": 0.027913459362161882
    },
    "ecSQ1_Set_Current": {
        "average": 549.071,
        "current size": 41,
        "first": 549.071,
        "maximum": 549.071,
        "minimum": 549.071,
        "most_common": 549.071,
        "num_of_zeros": 0,
        "standard_deviation": 0.0
    },
    "ecSQ2_I_coarse": {
        "average": 921.9145365853661,
        "current size": 41,
        "first": 921.913,
        "maximum": 921.976,
        "minimum": 921.913,
        "most_common": 921.913,
        "num_of_zeros": 0,
        "standard_deviation": 0.009718219150759535
    },
    "ecSQ2_Set_Current": {
        "average": 922.262,
        "current size": 41,
        "first": 922.262,
        "maximum": 922.262,
        "minimum": 922.262,
        "most_common": 922.262,
        "num_of_zeros": 0,
        "standard_deviation": 0.0
    },
    "ecSQ3_I_coarse": {
        "average": 607.4814390243904,
        "current size": 41,
        "first": 607.489,
        "maximum": 607.489,
        "minimum": 607.427,
        "most_common": 607.427,
        "num_of_zeros": 0,
        "standard_deviation": 0.020288226527562944
    },
    "ecSQ3_Set_Current": {
        "average": 606.84,
        "current size": 41,
        "first": 606.84,
        "maximum": 606.84,
        "minimum": 606.84,
        "most_common": 606.84,
        "num_of_zeros": 0,
        "standard_deviation": 0.0
    },
    "hcBDSPOS": {
        "average": 9538140.0,
        "current size": 41,
        "first": 9538140.0,
        "maximum": 9538140.0,
        "minimum": 9538140.0,
        "most_common": 9538140.0,
        "num_of_zeros": 0,
        "standard_deviation": 0.0
    }
}
