{
    "RunNumber": "23959",
    "ecDI_B_Set_NMR": {
        "average": 0.41913999999999935,
        "current size": 93,
        "first": 0.41914,
        "maximum": 0.41914,
        "minimum": 0.41914,
        "most_common": 0.41914,
        "num_of_zeros": 0,
        "standard_deviation": 6.661338147750939e-16
    },
    "ecDI_B_True_NMR": {
        "average": 1.055653870967742,
        "current size": 93,
        "first": 1.05568,
        "maximum": 1.05576,
        "minimum": 1.05553,
        "most_common": 1.05567,
        "num_of_zeros": 0,
        "standard_deviation": 4.155660107145767e-05
    },
    "ecDI_I_coarse": {
        "average": 464.63086021505404,
        "current size": 93,
        "first": 464.644,
        "maximum": 464.691,
        "minimum": 464.597,
        "most_common": 464.644,
        "num_of_zeros": 0,
        "standard_deviation": 0.023236322788435855
    },
    "ecDI_Set_Current": {
        "average": 467.53699999999935,
        "current size": 93,
        "first": 467.537,
        "maximum": 467.537,
        "minimum": 467.537,
        "most_common": 467.537,
        "num_of_zeros": 0,
        "standard_deviation": 6.252776074688882e-13
    },
    "ecHMS_Angle": {
        "average": 29.059999999999956,
        "current size": 93,
        "first": 29.06,
        "maximum": 29.06,
        "minimum": 29.06,
        "most_common": 29.06,
        "num_of_zeros": 0,
        "standard_deviation": 4.263256414560601e-14
    },
    "ecQ1_I_coarse": {
        "average": 199.26837634408608,
        "current size": 93,
        "first": 199.26,
        "maximum": 199.279,
        "minimum": 199.26,
        "most_common": 199.26,
        "num_of_zeros": 0,
        "standard_deviation": 0.009433313171258133
    },
    "ecQ1_Set_Current": {
        "average": 199.3799999999998,
        "current size": 93,
        "first": 199.38,
        "maximum": 199.38,
        "minimum": 199.38,
        "most_common": 199.38,
        "num_of_zeros": 0,
        "standard_deviation": 1.9895196601282805e-13
    },
    "ecQ2_I_coarse": {
        "average": 158.31734408602145,
        "current size": 93,
        "first": 158.321,
        "maximum": 158.321,
        "minimum": 158.301,
        "most_common": 158.301,
        "num_of_zeros": 0,
        "standard_deviation": 0.007729978819621775
    },
    "ecQ2_Set_Current": {
        "average": 158.43599999999978,
        "current size": 93,
        "first": 158.436,
        "maximum": 158.436,
        "minimum": 158.436,
        "most_common": 158.436,
        "num_of_zeros": 0,
        "standard_deviation": 2.2737367544323206e-13
    },
    "ecQ3_I_coarse": {
        "average": 76.51637096774196,
        "current size": 93,
        "first": 76.5189,
        "maximum": 76.5189,
        "minimum": 76.4993,
        "most_common": 76.4993,
        "num_of_zeros": 0,
        "standard_deviation": 0.006570618547421564
    },
    "ecQ3_Set_Current": {
        "average": 76.96360000000003,
        "current size": 93,
        "first": 76.9636,
        "maximum": 76.9636,
        "minimum": 76.9636,
        "most_common": 76.9636,
        "num_of_zeros": 0,
        "standard_deviation": 2.842170943040401e-14
    },
    "ecSDI_I_coarse": {
        "average": 2086.233978494625,
        "current size": 93,
        "first": 2086.35,
        "maximum": 2086.35,
        "minimum": 2086.22,
        "most_common": 2086.22,
        "num_of_zeros": 0,
        "standard_deviation": 0.04027165242617212
    },
    "ecSDI_Set_Current": {
        "average": 2086.0199999999973,
        "current size": 93,
        "first": 2086.02,
        "maximum": 2086.02,
        "minimum": 2086.02,
        "most_common": 2086.02,
        "num_of_zeros": 0,
        "standard_deviation": 2.7284841053187847e-12
    },
    "ecSHB_I_coarse": {
        "average": 2203.619999999997,
        "current size": 93,
        "first": 2203.62,
        "maximum": 2203.62,
        "minimum": 2203.62,
        "most_common": 2203.62,
        "num_of_zeros": 0,
        "standard_deviation": 2.7284841053187847e-12
    },
    "ecSHB_Set_Current": {
        "average": 2206.700000000003,
        "current size": 93,
        "first": 2206.7,
        "maximum": 2206.7,
        "minimum": 2206.7,
        "most_common": 2206.7,
        "num_of_zeros": 0,
        "standard_deviation": 3.183231456205249e-12
    },
    "ecSHMS_Angle": {
        "average": 7.860000000000011,
        "current size": 93,
        "first": 7.86,
        "maximum": 7.86,
        "minimum": 7.86,
        "most_common": 7.86,
        "num_of_zeros": 0,
        "standard_deviation": 1.0658141036401503e-14
    },
    "ecSQ1_I_coarse": {
        "average": 1377.0422580645181,
        "current size": 93,
        "first": 1377.05,
        "maximum": 1377.05,
        "minimum": 1376.99,
        "most_common": 1376.99,
        "num_of_zeros": 0,
        "standard_deviation": 0.02011413841045898
    },
    "ecSQ1_Set_Current": {
        "average": 1376.5800000000015,
        "current size": 93,
        "first": 1376.58,
        "maximum": 1376.58,
        "minimum": 1376.58,
        "most_common": 1376.58,
        "num_of_zeros": 0,
        "standard_deviation": 1.5916157281026244e-12
    },
    "ecSQ2_I_coarse": {
        "average": 2304.2425806451615,
        "current size": 93,
        "first": 2304.28,
        "maximum": 2304.28,
        "minimum": 2304.22,
        "most_common": 2304.22,
        "num_of_zeros": 0,
        "standard_deviation": 0.029068078261016612
    },
    "ecSQ2_Set_Current": {
        "average": 2305.829999999996,
        "current size": 93,
        "first": 2305.83,
        "maximum": 2305.83,
        "minimum": 2305.83,
        "most_common": 2305.83,
        "num_of_zeros": 0,
        "standard_deviation": 4.092726157978177e-12
    },
    "ecSQ3_I_coarse": {
        "average": 1518.6083870967752,
        "current size": 93,
        "first": 1518.58,
        "maximum": 1518.64,
        "minimum": 1518.58,
        "most_common": 1518.58,
        "num_of_zeros": 0,
        "standard_deviation": 0.029956611009747926
    },
    "ecSQ3_Set_Current": {
        "average": 1517.220000000001,
        "current size": 93,
        "first": 1517.22,
        "maximum": 1517.22,
        "minimum": 1517.22,
        "most_common": 1517.22,
        "num_of_zeros": 0,
        "standard_deviation": 9.094947017729282e-13
    },
    "hcBDSPOS": {
        "average": 39.0,
        "current size": 93,
        "first": 39.0,
        "maximum": 39.0,
        "minimum": 39.0,
        "most_common": 39.0,
        "num_of_zeros": 0,
        "standard_deviation": 0.0
    }
}
