{
    "RunNumber": "23987",
    "ecDI_B_Set_NMR": {
        "average": 0.4191399999999999,
        "current size": 45,
        "first": 0.41914,
        "maximum": 0.41914,
        "minimum": 0.41914,
        "most_common": 0.41914,
        "num_of_zeros": 0,
        "standard_deviation": 1.1102230246251565e-16
    },
    "ecDI_B_True_NMR": {
        "average": 1.0556186666666663,
        "current size": 45,
        "first": 1.05558,
        "maximum": 1.05572,
        "minimum": 1.05553,
        "most_common": 1.05562,
        "num_of_zeros": 0,
        "standard_deviation": 4.1931160516057784e-05
    },
    "ecDI_I_coarse": {
        "average": 464.6356444444446,
        "current size": 45,
        "first": 464.597,
        "maximum": 464.644,
        "minimum": 464.597,
        "most_common": 464.597,
        "num_of_zeros": 0,
        "standard_deviation": 0.017969301668943227
    },
    "ecDI_Set_Current": {
        "average": 467.5370000000002,
        "current size": 45,
        "first": 467.537,
        "maximum": 467.537,
        "minimum": 467.537,
        "most_common": 467.537,
        "num_of_zeros": 0,
        "standard_deviation": 2.2737367544323206e-13
    },
    "ecHMS_Angle": {
        "average": 29.059999999999967,
        "current size": 45,
        "first": 29.06,
        "maximum": 29.06,
        "minimum": 29.06,
        "most_common": 29.06,
        "num_of_zeros": 0,
        "standard_deviation": 3.197442310920451e-14
    },
    "ecQ1_I_coarse": {
        "average": 199.26591111111125,
        "current size": 45,
        "first": 199.26,
        "maximum": 199.279,
        "minimum": 199.26,
        "most_common": 199.26,
        "num_of_zeros": 0,
        "standard_deviation": 0.008796014810313493
    },
    "ecQ1_Set_Current": {
        "average": 199.38,
        "current size": 45,
        "first": 199.38,
        "maximum": 199.38,
        "minimum": 199.38,
        "most_common": 199.38,
        "num_of_zeros": 0,
        "standard_deviation": 0.0
    },
    "ecQ2_I_coarse": {
        "average": 158.313,
        "current size": 45,
        "first": 158.301,
        "maximum": 158.321,
        "minimum": 158.301,
        "most_common": 158.301,
        "num_of_zeros": 0,
        "standard_deviation": 0.009797958971137725
    },
    "ecQ2_Set_Current": {
        "average": 158.4359999999999,
        "current size": 45,
        "first": 158.436,
        "maximum": 158.436,
        "minimum": 158.436,
        "most_common": 158.436,
        "num_of_zeros": 0,
        "standard_deviation": 1.1368683772161603e-13
    },
    "ecQ3_I_coarse": {
        "average": 76.50975333333332,
        "current size": 45,
        "first": 76.4993,
        "maximum": 76.5189,
        "minimum": 76.4993,
        "most_common": 76.4993,
        "num_of_zeros": 0,
        "standard_deviation": 0.009778197970767717
    },
    "ecQ3_Set_Current": {
        "average": 76.96360000000003,
        "current size": 45,
        "first": 76.9636,
        "maximum": 76.9636,
        "minimum": 76.9636,
        "most_common": 76.9636,
        "num_of_zeros": 0,
        "standard_deviation": 2.842170943040401e-14
    },
    "ecSDI_I_coarse": {
        "average": 1553.0802222222217,
        "current size": 45,
        "first": 1553.06,
        "maximum": 1553.19,
        "minimum": 1553.06,
        "most_common": 1553.06,
        "num_of_zeros": 0,
        "standard_deviation": 0.04711635190979537
    },
    "ecSDI_Set_Current": {
        "average": 1553.190000000001,
        "current size": 45,
        "first": 1553.19,
        "maximum": 1553.19,
        "minimum": 1553.19,
        "most_common": 1553.19,
        "num_of_zeros": 0,
        "standard_deviation": 9.094947017729282e-13
    },
    "ecSHB_I_coarse": {
        "average": 1621.9333333333343,
        "current size": 45,
        "first": 1621.94,
        "maximum": 1621.94,
        "minimum": 1621.79,
        "most_common": 1621.79,
        "num_of_zeros": 0,
        "standard_deviation": 0.030912061651671097
    },
    "ecSHB_Set_Current": {
        "average": 1624.3700000000006,
        "current size": 45,
        "first": 1624.37,
        "maximum": 1624.37,
        "minimum": 1624.37,
        "most_common": 1624.37,
        "num_of_zeros": 0,
        "standard_deviation": 6.821210263296962e-13
    },
    "ecSHMS_Angle": {
        "average": 7.860000000000008,
        "current size": 45,
        "first": 7.86,
        "maximum": 7.86,
        "minimum": 7.86,
        "most_common": 7.86,
        "num_of_zeros": 0,
        "standard_deviation": 7.993605777301127e-15
    },
    "ecSQ1_I_coarse": {
        "average": 1022.4513333333341,
        "current size": 45,
        "first": 1022.41,
        "maximum": 1022.47,
        "minimum": 1022.41,
        "most_common": 1022.41,
        "num_of_zeros": 0,
        "standard_deviation": 0.027776888874693567
    },
    "ecSQ1_Set_Current": {
        "average": 1022.1299999999994,
        "current size": 45,
        "first": 1022.13,
        "maximum": 1022.13,
        "minimum": 1022.13,
        "most_common": 1022.13,
        "num_of_zeros": 0,
        "standard_deviation": 5.684341886080801e-13
    },
    "ecSQ2_I_coarse": {
        "average": 1715.7586666666664,
        "current size": 45,
        "first": 1715.76,
        "maximum": 1715.76,
        "minimum": 1715.7,
        "most_common": 1715.7,
        "num_of_zeros": 0,
        "standard_deviation": 0.008844332774273026
    },
    "ecSQ2_Set_Current": {
        "average": 1716.85,
        "current size": 45,
        "first": 1716.85,
        "maximum": 1716.85,
        "minimum": 1716.85,
        "most_common": 1716.85,
        "num_of_zeros": 0,
        "standard_deviation": 0.0
    },
    "ecSQ3_I_coarse": {
        "average": 1130.6931111111116,
        "current size": 45,
        "first": 1130.69,
        "maximum": 1130.76,
        "minimum": 1130.69,
        "most_common": 1130.69,
        "num_of_zeros": 0,
        "standard_deviation": 0.014425628770757978
    },
    "ecSQ3_Set_Current": {
        "average": 1129.669999999999,
        "current size": 45,
        "first": 1129.67,
        "maximum": 1129.67,
        "minimum": 1129.67,
        "most_common": 1129.67,
        "num_of_zeros": 0,
        "standard_deviation": 1.1368683772161603e-12
    },
    "hcBDSPOS": {
        "average": 24018300.0,
        "current size": 45,
        "first": 24018300.0,
        "maximum": 24018300.0,
        "minimum": 24018300.0,
        "most_common": 24018300.0,
        "num_of_zeros": 0,
        "standard_deviation": 0.0
    }
}
