{
    "RunNumber": "24011",
    "ecDI_B_Set_NMR": {
        "average": 0.4191399999999998,
        "current size": 50,
        "first": 0.41914,
        "maximum": 0.41914,
        "minimum": 0.41914,
        "most_common": 0.41914,
        "num_of_zeros": 0,
        "standard_deviation": 2.220446049250313e-16
    },
    "ecDI_B_True_NMR": {
        "average": 1.0555812,
        "current size": 50,
        "first": 1.05557,
        "maximum": 1.05568,
        "minimum": 1.05551,
        "most_common": 1.05558,
        "num_of_zeros": 0,
        "standard_deviation": 3.680434756928012e-05
    },
    "ecDI_I_coarse": {
        "average": 464.64212000000015,
        "current size": 50,
        "first": 464.644,
        "maximum": 464.691,
        "minimum": 464.597,
        "most_common": 464.644,
        "num_of_zeros": 0,
        "standard_deviation": 0.01316000000000291
    },
    "ecDI_Set_Current": {
        "average": 467.5370000000002,
        "current size": 50,
        "first": 467.537,
        "maximum": 467.537,
        "minimum": 467.537,
        "most_common": 467.537,
        "num_of_zeros": 0,
        "standard_deviation": 2.2737367544323206e-13
    },
    "ecHMS_Angle": {
        "average": 29.059999999999963,
        "current size": 50,
        "first": 29.06,
        "maximum": 29.06,
        "minimum": 29.06,
        "most_common": 29.06,
        "num_of_zeros": 0,
        "standard_deviation": 3.552713678800501e-14
    },
    "ecQ1_I_coarse": {
        "average": 199.2668400000002,
        "current size": 50,
        "first": 199.279,
        "maximum": 199.279,
        "minimum": 199.26,
        "most_common": 199.26,
        "num_of_zeros": 0,
        "standard_deviation": 0.009120000000002619
    },
    "ecQ1_Set_Current": {
        "average": 199.37999999999994,
        "current size": 50,
        "first": 199.38,
        "maximum": 199.38,
        "minimum": 199.38,
        "most_common": 199.38,
        "num_of_zeros": 0,
        "standard_deviation": 5.684341886080802e-14
    },
    "ecQ2_I_coarse": {
        "average": 158.31899999999996,
        "current size": 50,
        "first": 158.321,
        "maximum": 158.321,
        "minimum": 158.301,
        "most_common": 158.301,
        "num_of_zeros": 0,
        "standard_deviation": 0.006000000000003069
    },
    "ecQ2_Set_Current": {
        "average": 158.43599999999986,
        "current size": 50,
        "first": 158.436,
        "maximum": 158.436,
        "minimum": 158.436,
        "most_common": 158.436,
        "num_of_zeros": 0,
        "standard_deviation": 1.4210854715202004e-13
    },
    "ecQ3_I_coarse": {
        "average": 76.51537200000001,
        "current size": 50,
        "first": 76.4993,
        "maximum": 76.5189,
        "minimum": 76.4993,
        "most_common": 76.4993,
        "num_of_zeros": 0,
        "standard_deviation": 0.0075300741032198575
    },
    "ecQ3_Set_Current": {
        "average": 76.96360000000003,
        "current size": 50,
        "first": 76.9636,
        "maximum": 76.9636,
        "minimum": 76.9636,
        "most_common": 76.9636,
        "num_of_zeros": 0,
        "standard_deviation": 2.842170943040401e-14
    },
    "ecSDI_I_coarse": {
        "average": 1553.0755999999994,
        "current size": 50,
        "first": 1553.06,
        "maximum": 1553.19,
        "minimum": 1553.06,
        "most_common": 1553.06,
        "num_of_zeros": 0,
        "standard_deviation": 0.04224499970414245
    },
    "ecSDI_Set_Current": {
        "average": 1553.1900000000012,
        "current size": 50,
        "first": 1553.19,
        "maximum": 1553.19,
        "minimum": 1553.19,
        "most_common": 1553.19,
        "num_of_zeros": 0,
        "standard_deviation": 1.1368683772161603e-12
    },
    "ecSHB_I_coarse": {
        "average": 1621.9370000000013,
        "current size": 50,
        "first": 1621.94,
        "maximum": 1621.94,
        "minimum": 1621.79,
        "most_common": 1621.79,
        "num_of_zeros": 0,
        "standard_deviation": 0.021000000000012755
    },
    "ecSHB_Set_Current": {
        "average": 1624.37,
        "current size": 50,
        "first": 1624.37,
        "maximum": 1624.37,
        "minimum": 1624.37,
        "most_common": 1624.37,
        "num_of_zeros": 0,
        "standard_deviation": 0.0
    },
    "ecSHMS_Angle": {
        "average": 7.860000000000009,
        "current size": 50,
        "first": 7.86,
        "maximum": 7.86,
        "minimum": 7.86,
        "most_common": 7.86,
        "num_of_zeros": 0,
        "standard_deviation": 8.881784197001252e-15
    },
    "ecSQ1_I_coarse": {
        "average": 1022.4508000000009,
        "current size": 50,
        "first": 1022.41,
        "maximum": 1022.47,
        "minimum": 1022.41,
        "most_common": 1022.41,
        "num_of_zeros": 0,
        "standard_deviation": 0.027988569095285028
    },
    "ecSQ1_Set_Current": {
        "average": 1022.1299999999993,
        "current size": 50,
        "first": 1022.13,
        "maximum": 1022.13,
        "minimum": 1022.13,
        "most_common": 1022.13,
        "num_of_zeros": 0,
        "standard_deviation": 6.821210263296962e-13
    },
    "ecSQ2_I_coarse": {
        "average": 1715.7539999999995,
        "current size": 50,
        "first": 1715.76,
        "maximum": 1715.76,
        "minimum": 1715.7,
        "most_common": 1715.7,
        "num_of_zeros": 0,
        "standard_deviation": 0.01799999999998362
    },
    "ecSQ2_Set_Current": {
        "average": 1716.8500000000006,
        "current size": 50,
        "first": 1716.85,
        "maximum": 1716.85,
        "minimum": 1716.85,
        "most_common": 1716.85,
        "num_of_zeros": 0,
        "standard_deviation": 6.821210263296962e-13
    },
    "ecSQ3_I_coarse": {
        "average": 1130.6914000000006,
        "current size": 50,
        "first": 1130.69,
        "maximum": 1130.76,
        "minimum": 1130.69,
        "most_common": 1130.69,
        "num_of_zeros": 0,
        "standard_deviation": 0.009799999999991088
    },
    "ecSQ3_Set_Current": {
        "average": 1129.669999999999,
        "current size": 50,
        "first": 1129.67,
        "maximum": 1129.67,
        "minimum": 1129.67,
        "most_common": 1129.67,
        "num_of_zeros": 0,
        "standard_deviation": 1.1368683772161603e-12
    },
    "hcBDSPOS": {
        "average": 24018300.0,
        "current size": 50,
        "first": 24018300.0,
        "maximum": 24018300.0,
        "minimum": 24018300.0,
        "most_common": 24018300.0,
        "num_of_zeros": 0,
        "standard_deviation": 0.0
    }
}
