{
    "RunNumber": "24046",
    "ecDI_B_Set_NMR": {
        "average": 0.41914,
        "current size": 28,
        "first": 0.41914,
        "maximum": 0.41914,
        "minimum": 0.41914,
        "most_common": 0.41914,
        "num_of_zeros": 0,
        "standard_deviation": 0.0
    },
    "ecDI_B_True_NMR": {
        "average": 1.0555796428571431,
        "current size": 28,
        "first": 1.05558,
        "maximum": 1.05567,
        "minimum": 1.05551,
        "most_common": 1.05561,
        "num_of_zeros": 0,
        "standard_deviation": 4.3791889566879714e-05
    },
    "ecDI_I_coarse": {
        "average": 464.66582142857163,
        "current size": 28,
        "first": 464.691,
        "maximum": 464.691,
        "minimum": 464.644,
        "most_common": 464.644,
        "num_of_zeros": 0,
        "standard_deviation": 0.023439974359167934
    },
    "ecDI_Set_Current": {
        "average": 467.53700000000015,
        "current size": 28,
        "first": 467.537,
        "maximum": 467.537,
        "minimum": 467.537,
        "most_common": 467.537,
        "num_of_zeros": 0,
        "standard_deviation": 1.7053025658242404e-13
    },
    "ecHMS_Angle": {
        "average": 29.059999999999977,
        "current size": 28,
        "first": 29.06,
        "maximum": 29.06,
        "minimum": 29.06,
        "most_common": 29.06,
        "num_of_zeros": 0,
        "standard_deviation": 2.1316282072803006e-14
    },
    "ecQ1_I_coarse": {
        "average": 199.2640714285715,
        "current size": 28,
        "first": 199.279,
        "maximum": 199.279,
        "minimum": 199.26,
        "most_common": 199.26,
        "num_of_zeros": 0,
        "standard_deviation": 0.00779619216316099
    },
    "ecQ1_Set_Current": {
        "average": 199.38000000000008,
        "current size": 28,
        "first": 199.38,
        "maximum": 199.38,
        "minimum": 199.38,
        "most_common": 199.38,
        "num_of_zeros": 0,
        "standard_deviation": 8.526512829121202e-14
    },
    "ecQ2_I_coarse": {
        "average": 158.31814285714285,
        "current size": 28,
        "first": 158.321,
        "maximum": 158.321,
        "minimum": 158.301,
        "most_common": 158.301,
        "num_of_zeros": 0,
        "standard_deviation": 0.006998542122241234
    },
    "ecQ2_Set_Current": {
        "average": 158.436,
        "current size": 28,
        "first": 158.436,
        "maximum": 158.436,
        "minimum": 158.436,
        "most_common": 158.436,
        "num_of_zeros": 0,
        "standard_deviation": 0.0
    },
    "ecQ3_I_coarse": {
        "average": 76.50909999999999,
        "current size": 28,
        "first": 76.5189,
        "maximum": 76.5189,
        "minimum": 76.4993,
        "most_common": 76.4993,
        "num_of_zeros": 0,
        "standard_deviation": 0.009799999999998477
    },
    "ecQ3_Set_Current": {
        "average": 76.96360000000003,
        "current size": 28,
        "first": 76.9636,
        "maximum": 76.9636,
        "minimum": 76.9636,
        "most_common": 76.9636,
        "num_of_zeros": 0,
        "standard_deviation": 2.842170943040401e-14
    },
    "ecSDI_I_coarse": {
        "average": 1553.0599999999997,
        "current size": 28,
        "first": 1553.06,
        "maximum": 1553.06,
        "minimum": 1553.06,
        "most_common": 1553.06,
        "num_of_zeros": 0,
        "standard_deviation": 2.2737367544323206e-13
    },
    "ecSDI_Set_Current": {
        "average": 1553.1900000000003,
        "current size": 28,
        "first": 1553.19,
        "maximum": 1553.19,
        "minimum": 1553.19,
        "most_common": 1553.19,
        "num_of_zeros": 0,
        "standard_deviation": 2.2737367544323206e-13
    },
    "ecSHB_I_coarse": {
        "average": 1621.9292857142862,
        "current size": 28,
        "first": 1621.94,
        "maximum": 1621.94,
        "minimum": 1621.79,
        "most_common": 1621.79,
        "num_of_zeros": 0,
        "standard_deviation": 0.03863090652285188
    },
    "ecSHB_Set_Current": {
        "average": 1624.3700000000003,
        "current size": 28,
        "first": 1624.37,
        "maximum": 1624.37,
        "minimum": 1624.37,
        "most_common": 1624.37,
        "num_of_zeros": 0,
        "standard_deviation": 4.547473508864641e-13
    },
    "ecSHMS_Angle": {
        "average": 7.860000000000006,
        "current size": 28,
        "first": 7.86,
        "maximum": 7.86,
        "minimum": 7.86,
        "most_common": 7.86,
        "num_of_zeros": 0,
        "standard_deviation": 5.3290705182007514e-15
    },
    "ecSQ1_I_coarse": {
        "average": 1022.4592857142859,
        "current size": 28,
        "first": 1022.47,
        "maximum": 1022.47,
        "minimum": 1022.41,
        "most_common": 1022.41,
        "num_of_zeros": 0,
        "standard_deviation": 0.022979582774516085
    },
    "ecSQ1_Set_Current": {
        "average": 1022.1300000000002,
        "current size": 28,
        "first": 1022.13,
        "maximum": 1022.13,
        "minimum": 1022.13,
        "most_common": 1022.13,
        "num_of_zeros": 0,
        "standard_deviation": 2.2737367544323206e-13
    },
    "ecSQ2_I_coarse": {
        "average": 1715.7578571428571,
        "current size": 28,
        "first": 1715.76,
        "maximum": 1715.76,
        "minimum": 1715.7,
        "most_common": 1715.7,
        "num_of_zeros": 0,
        "standard_deviation": 0.011134612334361232
    },
    "ecSQ2_Set_Current": {
        "average": 1716.849999999999,
        "current size": 28,
        "first": 1716.85,
        "maximum": 1716.85,
        "minimum": 1716.85,
        "most_common": 1716.85,
        "num_of_zeros": 0,
        "standard_deviation": 9.094947017729282e-13
    },
    "ecSQ3_I_coarse": {
        "average": 1130.6899999999996,
        "current size": 28,
        "first": 1130.69,
        "maximum": 1130.69,
        "minimum": 1130.69,
        "most_common": 1130.69,
        "num_of_zeros": 0,
        "standard_deviation": 4.547473508864641e-13
    },
    "ecSQ3_Set_Current": {
        "average": 1129.6699999999994,
        "current size": 28,
        "first": 1129.67,
        "maximum": 1129.67,
        "minimum": 1129.67,
        "most_common": 1129.67,
        "num_of_zeros": 0,
        "standard_deviation": 6.821210263296962e-13
    },
    "hcBDSPOS": {
        "average": 5460580.0,
        "current size": 28,
        "first": 5460580.0,
        "maximum": 5460580.0,
        "minimum": 5460580.0,
        "most_common": 5460580.0,
        "num_of_zeros": 0,
        "standard_deviation": 0.0
    }
}
