{
    "RunNumber": "24043",
    "ecDI_B_Set_NMR": {
        "average": 0.41914000000000007,
        "current size": 33,
        "first": 0.41914,
        "maximum": 0.41914,
        "minimum": 0.41914,
        "most_common": 0.41914,
        "num_of_zeros": 0,
        "standard_deviation": 5.551115123125783e-17
    },
    "ecDI_B_True_NMR": {
        "average": 1.0555475757575759,
        "current size": 33,
        "first": 1.0556,
        "maximum": 1.05562,
        "minimum": 1.05549,
        "most_common": 1.05552,
        "num_of_zeros": 0,
        "standard_deviation": 3.446828168921938e-05
    },
    "ecDI_I_coarse": {
        "average": 464.6539696969699,
        "current size": 33,
        "first": 464.644,
        "maximum": 464.691,
        "minimum": 464.644,
        "most_common": 464.644,
        "num_of_zeros": 0,
        "standard_deviation": 0.01921408077186311
    },
    "ecDI_Set_Current": {
        "average": 467.53700000000015,
        "current size": 33,
        "first": 467.537,
        "maximum": 467.537,
        "minimum": 467.537,
        "most_common": 467.537,
        "num_of_zeros": 0,
        "standard_deviation": 1.7053025658242404e-13
    },
    "ecHMS_Angle": {
        "average": 29.059999999999974,
        "current size": 33,
        "first": 29.06,
        "maximum": 29.06,
        "minimum": 29.06,
        "most_common": 29.06,
        "num_of_zeros": 0,
        "standard_deviation": 2.4868995751603507e-14
    },
    "ecQ1_I_coarse": {
        "average": 199.27036363636375,
        "current size": 33,
        "first": 199.279,
        "maximum": 199.279,
        "minimum": 199.26,
        "most_common": 199.26,
        "num_of_zeros": 0,
        "standard_deviation": 0.009460662356910135
    },
    "ecQ1_Set_Current": {
        "average": 199.38000000000008,
        "current size": 33,
        "first": 199.38,
        "maximum": 199.38,
        "minimum": 199.38,
        "most_common": 199.38,
        "num_of_zeros": 0,
        "standard_deviation": 8.526512829121202e-14
    },
    "ecQ2_I_coarse": {
        "average": 158.31675757575752,
        "current size": 33,
        "first": 158.321,
        "maximum": 158.321,
        "minimum": 158.301,
        "most_common": 158.301,
        "num_of_zeros": 0,
        "standard_deviation": 0.008176204583781179
    },
    "ecQ2_Set_Current": {
        "average": 158.43599999999998,
        "current size": 33,
        "first": 158.436,
        "maximum": 158.436,
        "minimum": 158.436,
        "most_common": 158.436,
        "num_of_zeros": 0,
        "standard_deviation": 2.842170943040401e-14
    },
    "ecQ3_I_coarse": {
        "average": 76.50880303030301,
        "current size": 33,
        "first": 76.5189,
        "maximum": 76.5189,
        "minimum": 76.4993,
        "most_common": 76.4993,
        "num_of_zeros": 0,
        "standard_deviation": 0.009795499425708313
    },
    "ecQ3_Set_Current": {
        "average": 76.96360000000003,
        "current size": 33,
        "first": 76.9636,
        "maximum": 76.9636,
        "minimum": 76.9636,
        "most_common": 76.9636,
        "num_of_zeros": 0,
        "standard_deviation": 2.842170943040401e-14
    },
    "ecSDI_I_coarse": {
        "average": 1553.0639393939389,
        "current size": 33,
        "first": 1553.19,
        "maximum": 1553.19,
        "minimum": 1553.06,
        "most_common": 1553.06,
        "num_of_zeros": 0,
        "standard_deviation": 0.02228457734650383
    },
    "ecSDI_Set_Current": {
        "average": 1553.1900000000005,
        "current size": 33,
        "first": 1553.19,
        "maximum": 1553.19,
        "minimum": 1553.19,
        "most_common": 1553.19,
        "num_of_zeros": 0,
        "standard_deviation": 4.547473508864641e-13
    },
    "ecSHB_I_coarse": {
        "average": 1621.9309090909096,
        "current size": 33,
        "first": 1621.94,
        "maximum": 1621.94,
        "minimum": 1621.79,
        "most_common": 1621.79,
        "num_of_zeros": 0,
        "standard_deviation": 0.03579094488189358
    },
    "ecSHB_Set_Current": {
        "average": 1624.3700000000006,
        "current size": 33,
        "first": 1624.37,
        "maximum": 1624.37,
        "minimum": 1624.37,
        "most_common": 1624.37,
        "num_of_zeros": 0,
        "standard_deviation": 6.821210263296962e-13
    },
    "ecSHMS_Angle": {
        "average": 7.8600000000000065,
        "current size": 33,
        "first": 7.86,
        "maximum": 7.86,
        "minimum": 7.86,
        "most_common": 7.86,
        "num_of_zeros": 0,
        "standard_deviation": 6.217248937900877e-15
    },
    "ecSQ1_I_coarse": {
        "average": 1022.4445454545456,
        "current size": 33,
        "first": 1022.47,
        "maximum": 1022.47,
        "minimum": 1022.41,
        "most_common": 1022.41,
        "num_of_zeros": 0,
        "standard_deviation": 0.029653648055120288
    },
    "ecSQ1_Set_Current": {
        "average": 1022.1300000000002,
        "current size": 33,
        "first": 1022.13,
        "maximum": 1022.13,
        "minimum": 1022.13,
        "most_common": 1022.13,
        "num_of_zeros": 0,
        "standard_deviation": 2.2737367544323206e-13
    },
    "ecSQ2_I_coarse": {
        "average": 1715.7581818181823,
        "current size": 33,
        "first": 1715.76,
        "maximum": 1715.76,
        "minimum": 1715.7,
        "most_common": 1715.7,
        "num_of_zeros": 0,
        "standard_deviation": 0.010285189544522247
    },
    "ecSQ2_Set_Current": {
        "average": 1716.849999999999,
        "current size": 33,
        "first": 1716.85,
        "maximum": 1716.85,
        "minimum": 1716.85,
        "most_common": 1716.85,
        "num_of_zeros": 0,
        "standard_deviation": 9.094947017729282e-13
    },
    "ecSQ3_I_coarse": {
        "average": 1130.6827272727273,
        "current size": 33,
        "first": 1130.63,
        "maximum": 1130.69,
        "minimum": 1130.63,
        "most_common": 1130.63,
        "num_of_zeros": 0,
        "standard_deviation": 0.019582417480471303
    },
    "ecSQ3_Set_Current": {
        "average": 1129.6699999999992,
        "current size": 33,
        "first": 1129.67,
        "maximum": 1129.67,
        "minimum": 1129.67,
        "most_common": 1129.67,
        "num_of_zeros": 0,
        "standard_deviation": 9.094947017729282e-13
    },
    "hcBDSPOS": {
        "average": 5460580.0,
        "current size": 33,
        "first": 5460580.0,
        "maximum": 5460580.0,
        "minimum": 5460580.0,
        "most_common": 5460580.0,
        "num_of_zeros": 0,
        "standard_deviation": 0.0
    }
}
