{
    "RunNumber": "24076",
    "ecDI_B_Set_NMR": {
        "average": 0.41913999999999996,
        "current size": 43,
        "first": 0.41914,
        "maximum": 0.41914,
        "minimum": 0.41914,
        "most_common": 0.41914,
        "num_of_zeros": 0,
        "standard_deviation": 5.551115123125783e-17
    },
    "ecDI_B_True_NMR": {
        "average": 1.0556809302325583,
        "current size": 43,
        "first": 1.05571,
        "maximum": 1.05577,
        "minimum": 1.0556,
        "most_common": 1.05567,
        "num_of_zeros": 0,
        "standard_deviation": 3.734278383566055e-05
    },
    "ecDI_I_coarse": {
        "average": 464.64290697674437,
        "current size": 43,
        "first": 464.644,
        "maximum": 464.644,
        "minimum": 464.597,
        "most_common": 464.597,
        "num_of_zeros": 0,
        "standard_deviation": 0.007083600298263595
    },
    "ecDI_Set_Current": {
        "average": 467.5370000000002,
        "current size": 43,
        "first": 467.537,
        "maximum": 467.537,
        "minimum": 467.537,
        "most_common": 467.537,
        "num_of_zeros": 0,
        "standard_deviation": 2.2737367544323206e-13
    },
    "ecHMS_Angle": {
        "average": 29.059999999999967,
        "current size": 43,
        "first": 29.06,
        "maximum": 29.06,
        "minimum": 29.06,
        "most_common": 29.06,
        "num_of_zeros": 0,
        "standard_deviation": 3.197442310920451e-14
    },
    "ecQ1_I_coarse": {
        "average": 199.26044186046525,
        "current size": 43,
        "first": 199.26,
        "maximum": 199.279,
        "minimum": 199.26,
        "most_common": 199.26,
        "num_of_zeros": 0,
        "standard_deviation": 0.002863583099297319
    },
    "ecQ1_Set_Current": {
        "average": 199.38000000000005,
        "current size": 43,
        "first": 199.38,
        "maximum": 199.38,
        "minimum": 199.38,
        "most_common": 199.38,
        "num_of_zeros": 0,
        "standard_deviation": 5.684341886080802e-14
    },
    "ecQ2_I_coarse": {
        "average": 158.31960465116273,
        "current size": 43,
        "first": 158.321,
        "maximum": 158.321,
        "minimum": 158.301,
        "most_common": 158.301,
        "num_of_zeros": 0,
        "standard_deviation": 0.005095093558190198
    },
    "ecQ2_Set_Current": {
        "average": 158.4359999999999,
        "current size": 43,
        "first": 158.436,
        "maximum": 158.436,
        "minimum": 158.436,
        "most_common": 158.436,
        "num_of_zeros": 0,
        "standard_deviation": 1.1368683772161603e-13
    },
    "ecQ3_I_coarse": {
        "average": 76.50704883720928,
        "current size": 43,
        "first": 76.4993,
        "maximum": 76.5189,
        "minimum": 76.4993,
        "most_common": 76.4993,
        "num_of_zeros": 0,
        "standard_deviation": 0.009582939591066448
    },
    "ecQ3_Set_Current": {
        "average": 76.96360000000003,
        "current size": 43,
        "first": 76.9636,
        "maximum": 76.9636,
        "minimum": 76.9636,
        "most_common": 76.9636,
        "num_of_zeros": 0,
        "standard_deviation": 2.842170943040401e-14
    },
    "ecSDI_I_coarse": {
        "average": 1553.063023255813,
        "current size": 43,
        "first": 1553.06,
        "maximum": 1553.19,
        "minimum": 1553.06,
        "most_common": 1553.06,
        "num_of_zeros": 0,
        "standard_deviation": 0.019592936995203012
    },
    "ecSDI_Set_Current": {
        "average": 1553.190000000001,
        "current size": 43,
        "first": 1553.19,
        "maximum": 1553.19,
        "minimum": 1553.19,
        "most_common": 1553.19,
        "num_of_zeros": 0,
        "standard_deviation": 9.094947017729282e-13
    },
    "ecSHB_I_coarse": {
        "average": 1621.9330232558148,
        "current size": 43,
        "first": 1621.94,
        "maximum": 1621.94,
        "minimum": 1621.79,
        "most_common": 1621.79,
        "num_of_zeros": 0,
        "standard_deviation": 0.03158855280747527
    },
    "ecSHB_Set_Current": {
        "average": 1624.3700000000008,
        "current size": 43,
        "first": 1624.37,
        "maximum": 1624.37,
        "minimum": 1624.37,
        "most_common": 1624.37,
        "num_of_zeros": 0,
        "standard_deviation": 9.094947017729282e-13
    },
    "ecSHMS_Angle": {
        "average": 7.860000000000008,
        "current size": 43,
        "first": 7.86,
        "maximum": 7.86,
        "minimum": 7.86,
        "most_common": 7.86,
        "num_of_zeros": 0,
        "standard_deviation": 7.993605777301127e-15
    },
    "ecSQ1_I_coarse": {
        "average": 1022.4546511627912,
        "current size": 43,
        "first": 1022.41,
        "maximum": 1022.53,
        "minimum": 1022.41,
        "most_common": 1022.47,
        "num_of_zeros": 0,
        "standard_deviation": 0.029202487725309888
    },
    "ecSQ1_Set_Current": {
        "average": 1022.1299999999995,
        "current size": 43,
        "first": 1022.13,
        "maximum": 1022.13,
        "minimum": 1022.13,
        "most_common": 1022.13,
        "num_of_zeros": 0,
        "standard_deviation": 4.547473508864641e-13
    },
    "ecSQ2_I_coarse": {
        "average": 1715.746046511628,
        "current size": 43,
        "first": 1715.76,
        "maximum": 1715.76,
        "minimum": 1715.7,
        "most_common": 1715.7,
        "num_of_zeros": 0,
        "standard_deviation": 0.02534777040637456
    },
    "ecSQ2_Set_Current": {
        "average": 1716.8499999999997,
        "current size": 43,
        "first": 1716.85,
        "maximum": 1716.85,
        "minimum": 1716.85,
        "most_common": 1716.85,
        "num_of_zeros": 0,
        "standard_deviation": 2.2737367544323206e-13
    },
    "ecSQ3_I_coarse": {
        "average": 1130.667674418604,
        "current size": 43,
        "first": 1130.63,
        "maximum": 1130.69,
        "minimum": 1130.63,
        "most_common": 1130.63,
        "num_of_zeros": 0,
        "standard_deviation": 0.029001780963917617
    },
    "ecSQ3_Set_Current": {
        "average": 1129.669999999999,
        "current size": 43,
        "first": 1129.67,
        "maximum": 1129.67,
        "minimum": 1129.67,
        "most_common": 1129.67,
        "num_of_zeros": 0,
        "standard_deviation": 1.1368683772161603e-12
    },
    "hcBDSPOS": {
        "average": 4030000.0,
        "current size": 43,
        "first": 4030000.0,
        "maximum": 4030000.0,
        "minimum": 4030000.0,
        "most_common": 4030000.0,
        "num_of_zeros": 0,
        "standard_deviation": 0.0
    }
}
