{
    "RunNumber": "24095",
    "ecDI_B_Set_NMR": {
        "average": 0.41913999999999996,
        "current size": 43,
        "first": 0.41914,
        "maximum": 0.41914,
        "minimum": 0.41914,
        "most_common": 0.41914,
        "num_of_zeros": 0,
        "standard_deviation": 5.551115123125783e-17
    },
    "ecDI_B_True_NMR": {
        "average": 1.0556448837209305,
        "current size": 43,
        "first": 1.05565,
        "maximum": 1.05571,
        "minimum": 1.05555,
        "most_common": 1.05564,
        "num_of_zeros": 0,
        "standard_deviation": 3.506618944181953e-05
    },
    "ecDI_I_coarse": {
        "average": 464.650558139535,
        "current size": 43,
        "first": 464.644,
        "maximum": 464.691,
        "minimum": 464.644,
        "most_common": 464.644,
        "num_of_zeros": 0,
        "standard_deviation": 0.016285679721159192
    },
    "ecDI_Set_Current": {
        "average": 467.5370000000002,
        "current size": 43,
        "first": 467.537,
        "maximum": 467.537,
        "minimum": 467.537,
        "most_common": 467.537,
        "num_of_zeros": 0,
        "standard_deviation": 2.2737367544323206e-13
    },
    "ecHMS_Angle": {
        "average": 29.059999999999967,
        "current size": 43,
        "first": 29.06,
        "maximum": 29.06,
        "minimum": 29.06,
        "most_common": 29.06,
        "num_of_zeros": 0,
        "standard_deviation": 3.197442310920451e-14
    },
    "ecQ1_I_coarse": {
        "average": 199.25860465116293,
        "current size": 43,
        "first": 199.26,
        "maximum": 199.26,
        "minimum": 199.24,
        "most_common": 199.24,
        "num_of_zeros": 0,
        "standard_deviation": 0.005095093558182962
    },
    "ecQ1_Set_Current": {
        "average": 199.38000000000005,
        "current size": 43,
        "first": 199.38,
        "maximum": 199.38,
        "minimum": 199.38,
        "most_common": 199.38,
        "num_of_zeros": 0,
        "standard_deviation": 5.684341886080802e-14
    },
    "ecQ2_I_coarse": {
        "average": 158.31588372093017,
        "current size": 43,
        "first": 158.321,
        "maximum": 158.321,
        "minimum": 158.301,
        "most_common": 158.301,
        "num_of_zeros": 0,
        "standard_deviation": 0.008726354902001543
    },
    "ecQ2_Set_Current": {
        "average": 158.4359999999999,
        "current size": 43,
        "first": 158.436,
        "maximum": 158.436,
        "minimum": 158.436,
        "most_common": 158.436,
        "num_of_zeros": 0,
        "standard_deviation": 1.1368683772161603e-13
    },
    "ecQ3_I_coarse": {
        "average": 76.50522558139532,
        "current size": 43,
        "first": 76.5189,
        "maximum": 76.5189,
        "minimum": 76.4993,
        "most_common": 76.4993,
        "num_of_zeros": 0,
        "standard_deviation": 0.009001604327891098
    },
    "ecQ3_Set_Current": {
        "average": 76.96360000000003,
        "current size": 43,
        "first": 76.9636,
        "maximum": 76.9636,
        "minimum": 76.9636,
        "most_common": 76.9636,
        "num_of_zeros": 0,
        "standard_deviation": 2.842170943040401e-14
    },
    "ecSDI_I_coarse": {
        "average": 1158.5823255813955,
        "current size": 43,
        "first": 1158.54,
        "maximum": 1158.67,
        "minimum": 1158.54,
        "most_common": 1158.54,
        "num_of_zeros": 0,
        "standard_deviation": 0.06091691670584847
    },
    "ecSDI_Set_Current": {
        "average": 1158.830000000001,
        "current size": 43,
        "first": 1158.83,
        "maximum": 1158.83,
        "minimum": 1158.83,
        "most_common": 1158.83,
        "num_of_zeros": 0,
        "standard_deviation": 1.1368683772161603e-12
    },
    "ecSHB_I_coarse": {
        "average": 1203.5325581395357,
        "current size": 43,
        "first": 1203.55,
        "maximum": 1203.55,
        "minimum": 1203.4,
        "most_common": 1203.4,
        "num_of_zeros": 0,
        "standard_deviation": 0.04808389099561984
    },
    "ecSHB_Set_Current": {
        "average": 1205.4700000000007,
        "current size": 43,
        "first": 1205.47,
        "maximum": 1205.47,
        "minimum": 1205.47,
        "most_common": 1205.47,
        "num_of_zeros": 0,
        "standard_deviation": 6.821210263296962e-13
    },
    "ecSHMS_Angle": {
        "average": 7.860000000000008,
        "current size": 43,
        "first": 7.86,
        "maximum": 7.86,
        "minimum": 7.86,
        "most_common": 7.86,
        "num_of_zeros": 0,
        "standard_deviation": 7.993605777301127e-15
    },
    "ecSQ1_I_coarse": {
        "average": 762.8642558139541,
        "current size": 43,
        "first": 762.883,
        "maximum": 762.883,
        "minimum": 762.821,
        "most_common": 762.821,
        "num_of_zeros": 0,
        "standard_deviation": 0.02847446266986946
    },
    "ecSQ1_Set_Current": {
        "average": 762.6100000000005,
        "current size": 43,
        "first": 762.61,
        "maximum": 762.61,
        "minimum": 762.61,
        "most_common": 762.61,
        "num_of_zeros": 0,
        "standard_deviation": 4.547473508864641e-13
    },
    "ecSQ2_I_coarse": {
        "average": 1280.211162790697,
        "current size": 43,
        "first": 1280.21,
        "maximum": 1280.27,
        "minimum": 1280.14,
        "most_common": 1280.21,
        "num_of_zeros": 0,
        "standard_deviation": 0.016734493318595042
    },
    "ecSQ2_Set_Current": {
        "average": 1280.9400000000007,
        "current size": 43,
        "first": 1280.94,
        "maximum": 1280.94,
        "minimum": 1280.94,
        "most_common": 1280.94,
        "num_of_zeros": 0,
        "standard_deviation": 6.821210263296962e-13
    },
    "ecSQ3_I_coarse": {
        "average": 843.6177209302325,
        "current size": 43,
        "first": 843.586,
        "maximum": 843.648,
        "minimum": 843.586,
        "most_common": 843.586,
        "num_of_zeros": 0,
        "standard_deviation": 0.03099161595658009
    },
    "ecSQ3_Set_Current": {
        "average": 842.8460000000002,
        "current size": 43,
        "first": 842.846,
        "maximum": 842.846,
        "minimum": 842.846,
        "most_common": 842.846,
        "num_of_zeros": 0,
        "standard_deviation": 2.2737367544323206e-13
    },
    "hcBDSPOS": {
        "average": 24018300.0,
        "current size": 43,
        "first": 24018300.0,
        "maximum": 24018300.0,
        "minimum": 24018300.0,
        "most_common": 24018300.0,
        "num_of_zeros": 0,
        "standard_deviation": 0.0
    }
}
