{
    "RunNumber": "24184",
    "ecDI_B_Set_NMR": {
        "average": 0.41913999999999996,
        "current size": 10,
        "first": 0.41914,
        "maximum": 0.41914,
        "minimum": 0.41914,
        "most_common": 0.41914,
        "num_of_zeros": 0,
        "standard_deviation": 5.551115123125783e-17
    },
    "ecDI_B_True_NMR": {
        "average": 0.42383679999999996,
        "current size": 10,
        "first": 0.3974,
        "maximum": 0.465173,
        "minimum": 0.395978,
        "most_common": 0.418539,
        "num_of_zeros": 0,
        "standard_deviation": 0.023425124118347806
    },
    "ecDI_I_coarse": {
        "average": 464.6016999999999,
        "current size": 10,
        "first": 464.597,
        "maximum": 464.644,
        "minimum": 464.597,
        "most_common": 464.597,
        "num_of_zeros": 0,
        "standard_deviation": 0.014100000000007641
    },
    "ecDI_Set_Current": {
        "average": 467.537,
        "current size": 10,
        "first": 467.537,
        "maximum": 467.537,
        "minimum": 467.537,
        "most_common": 467.537,
        "num_of_zeros": 0,
        "standard_deviation": 0.0
    },
    "ecHMS_Angle": {
        "average": 29.059999999999995,
        "current size": 10,
        "first": 29.06,
        "maximum": 29.06,
        "minimum": 29.06,
        "most_common": 29.06,
        "num_of_zeros": 0,
        "standard_deviation": 3.552713678800501e-15
    },
    "ecQ1_I_coarse": {
        "average": 199.2619,
        "current size": 10,
        "first": 199.26,
        "maximum": 199.279,
        "minimum": 199.26,
        "most_common": 199.26,
        "num_of_zeros": 0,
        "standard_deviation": 0.005700000000001637
    },
    "ecQ1_Set_Current": {
        "average": 199.38000000000002,
        "current size": 10,
        "first": 199.38,
        "maximum": 199.38,
        "minimum": 199.38,
        "most_common": 199.38,
        "num_of_zeros": 0,
        "standard_deviation": 2.842170943040401e-14
    },
    "ecQ2_I_coarse": {
        "average": 158.30699999999996,
        "current size": 10,
        "first": 158.301,
        "maximum": 158.321,
        "minimum": 158.301,
        "most_common": 158.301,
        "num_of_zeros": 0,
        "standard_deviation": 0.009165151389916368
    },
    "ecQ2_Set_Current": {
        "average": 158.43599999999998,
        "current size": 10,
        "first": 158.436,
        "maximum": 158.436,
        "minimum": 158.436,
        "most_common": 158.436,
        "num_of_zeros": 0,
        "standard_deviation": 2.842170943040401e-14
    },
    "ecQ3_I_coarse": {
        "average": 76.49929999999999,
        "current size": 10,
        "first": 76.4993,
        "maximum": 76.4993,
        "minimum": 76.4993,
        "most_common": 76.4993,
        "num_of_zeros": 0,
        "standard_deviation": 1.4210854715202004e-14
    },
    "ecQ3_Set_Current": {
        "average": 76.96360000000001,
        "current size": 10,
        "first": 76.9636,
        "maximum": 76.9636,
        "minimum": 76.9636,
        "most_common": 76.9636,
        "num_of_zeros": 0,
        "standard_deviation": 1.4210854715202004e-14
    },
    "ecSDI_I_coarse": {
        "average": 1158.566,
        "current size": 10,
        "first": 1158.54,
        "maximum": 1158.67,
        "minimum": 1158.54,
        "most_common": 1158.54,
        "num_of_zeros": 0,
        "standard_deviation": 0.05200000000004366
    },
    "ecSDI_Set_Current": {
        "average": 1158.83,
        "current size": 10,
        "first": 1158.83,
        "maximum": 1158.83,
        "minimum": 1158.83,
        "most_common": 1158.83,
        "num_of_zeros": 0,
        "standard_deviation": 0.0
    },
    "ecSHB_I_coarse": {
        "average": 1203.5499999999997,
        "current size": 10,
        "first": 1203.55,
        "maximum": 1203.55,
        "minimum": 1203.55,
        "most_common": 1203.55,
        "num_of_zeros": 0,
        "standard_deviation": 2.2737367544323206e-13
    },
    "ecSHB_Set_Current": {
        "average": 1205.4699999999998,
        "current size": 10,
        "first": 1205.47,
        "maximum": 1205.47,
        "minimum": 1205.47,
        "most_common": 1205.47,
        "num_of_zeros": 0,
        "standard_deviation": 2.2737367544323206e-13
    },
    "ecSHMS_Angle": {
        "average": 7.860000000000001,
        "current size": 10,
        "first": 7.86,
        "maximum": 7.86,
        "minimum": 7.86,
        "most_common": 7.86,
        "num_of_zeros": 0,
        "standard_deviation": 8.881784197001252e-16
    },
    "ecSQ1_I_coarse": {
        "average": 762.8396,
        "current size": 10,
        "first": 762.821,
        "maximum": 762.883,
        "minimum": 762.821,
        "most_common": 762.821,
        "num_of_zeros": 0,
        "standard_deviation": 0.028411969308731626
    },
    "ecSQ1_Set_Current": {
        "average": 762.6099999999999,
        "current size": 10,
        "first": 762.61,
        "maximum": 762.61,
        "minimum": 762.61,
        "most_common": 762.61,
        "num_of_zeros": 0,
        "standard_deviation": 1.1368683772161603e-13
    },
    "ecSQ2_I_coarse": {
        "average": 1280.216,
        "current size": 10,
        "first": 1280.21,
        "maximum": 1280.27,
        "minimum": 1280.21,
        "most_common": 1280.21,
        "num_of_zeros": 0,
        "standard_deviation": 0.01799999999998363
    },
    "ecSQ2_Set_Current": {
        "average": 1280.9400000000003,
        "current size": 10,
        "first": 1280.94,
        "maximum": 1280.94,
        "minimum": 1280.94,
        "most_common": 1280.94,
        "num_of_zeros": 0,
        "standard_deviation": 2.2737367544323206e-13
    },
    "ecSQ3_I_coarse": {
        "average": 843.617,
        "current size": 10,
        "first": 843.648,
        "maximum": 843.648,
        "minimum": 843.586,
        "most_common": 843.586,
        "num_of_zeros": 0,
        "standard_deviation": 0.03100000000000591
    },
    "ecSQ3_Set_Current": {
        "average": 842.8459999999998,
        "current size": 10,
        "first": 842.846,
        "maximum": 842.846,
        "minimum": 842.846,
        "most_common": 842.846,
        "num_of_zeros": 0,
        "standard_deviation": 2.2737367544323206e-13
    },
    "hcBDSPOS": {
        "average": 24018300.0,
        "current size": 10,
        "first": 24018300.0,
        "maximum": 24018300.0,
        "minimum": 24018300.0,
        "most_common": 24018300.0,
        "num_of_zeros": 0,
        "standard_deviation": 0.0
    }
}
