{
    "RunNumber": "24238",
    "ecDI_B_Set_NMR": {
        "average": 0.4191399999999994,
        "current size": 86,
        "first": 0.41914,
        "maximum": 0.41914,
        "minimum": 0.41914,
        "most_common": 0.41914,
        "num_of_zeros": 0,
        "standard_deviation": 6.106226635438361e-16
    },
    "ecDI_B_True_NMR": {
        "average": 0.41851893023255804,
        "current size": 86,
        "first": 0.418519,
        "maximum": 0.418525,
        "minimum": 0.418512,
        "most_common": 0.418519,
        "num_of_zeros": 0,
        "standard_deviation": 1.696718431053524e-06
    },
    "ecDI_I_coarse": {
        "average": 464.6248720930238,
        "current size": 86,
        "first": 464.644,
        "maximum": 464.644,
        "minimum": 464.597,
        "most_common": 464.597,
        "num_of_zeros": 0,
        "standard_deviation": 0.023089712050967093
    },
    "ecDI_Set_Current": {
        "average": 467.5369999999996,
        "current size": 86,
        "first": 467.537,
        "maximum": 467.537,
        "minimum": 467.537,
        "most_common": 467.537,
        "num_of_zeros": 0,
        "standard_deviation": 3.979039320256561e-13
    },
    "ecHMS_Angle": {
        "average": 29.059999999999956,
        "current size": 86,
        "first": 29.06,
        "maximum": 29.06,
        "minimum": 29.06,
        "most_common": 29.06,
        "num_of_zeros": 0,
        "standard_deviation": 4.263256414560601e-14
    },
    "ecQ1_I_coarse": {
        "average": 199.2666279069769,
        "current size": 86,
        "first": 199.26,
        "maximum": 199.279,
        "minimum": 199.26,
        "most_common": 199.26,
        "num_of_zeros": 0,
        "standard_deviation": 0.009055444862943648
    },
    "ecQ1_Set_Current": {
        "average": 199.3799999999997,
        "current size": 86,
        "first": 199.38,
        "maximum": 199.38,
        "minimum": 199.38,
        "most_common": 199.38,
        "num_of_zeros": 0,
        "standard_deviation": 2.8421709430404007e-13
    },
    "ecQ2_I_coarse": {
        "average": 158.31844186046504,
        "current size": 86,
        "first": 158.321,
        "maximum": 158.321,
        "minimum": 158.301,
        "most_common": 158.301,
        "num_of_zeros": 0,
        "standard_deviation": 0.0066797240076057725
    },
    "ecQ2_Set_Current": {
        "average": 158.4359999999998,
        "current size": 86,
        "first": 158.436,
        "maximum": 158.436,
        "minimum": 158.436,
        "most_common": 158.436,
        "num_of_zeros": 0,
        "standard_deviation": 1.9895196601282805e-13
    },
    "ecQ3_I_coarse": {
        "average": 76.50294651162801,
        "current size": 86,
        "first": 76.4993,
        "maximum": 76.5189,
        "minimum": 76.4993,
        "most_common": 76.4993,
        "num_of_zeros": 0,
        "standard_deviation": 0.00762722628840248
    },
    "ecQ3_Set_Current": {
        "average": 76.96360000000003,
        "current size": 86,
        "first": 76.9636,
        "maximum": 76.9636,
        "minimum": 76.9636,
        "most_common": 76.9636,
        "num_of_zeros": 0,
        "standard_deviation": 2.842170943040401e-14
    },
    "ecSDI_I_coarse": {
        "average": 1553.0751162790687,
        "current size": 86,
        "first": 1553.06,
        "maximum": 1553.19,
        "minimum": 1553.06,
        "most_common": 1553.06,
        "num_of_zeros": 0,
        "standard_deviation": 0.04167270552961007
    },
    "ecSDI_Set_Current": {
        "average": 1553.1900000000016,
        "current size": 86,
        "first": 1553.19,
        "maximum": 1553.19,
        "minimum": 1553.19,
        "most_common": 1553.19,
        "num_of_zeros": 0,
        "standard_deviation": 1.5916157281026244e-12
    },
    "ecSHB_I_coarse": {
        "average": 1621.9312790697684,
        "current size": 86,
        "first": 1621.94,
        "maximum": 1621.94,
        "minimum": 1621.79,
        "most_common": 1621.79,
        "num_of_zeros": 0,
        "standard_deviation": 0.035101067088680785
    },
    "ecSHB_Set_Current": {
        "average": 1624.369999999998,
        "current size": 86,
        "first": 1624.37,
        "maximum": 1624.37,
        "minimum": 1624.37,
        "most_common": 1624.37,
        "num_of_zeros": 0,
        "standard_deviation": 1.8189894035458565e-12
    },
    "ecSHMS_Angle": {
        "average": 7.860000000000011,
        "current size": 86,
        "first": 7.86,
        "maximum": 7.86,
        "minimum": 7.86,
        "most_common": 7.86,
        "num_of_zeros": 0,
        "standard_deviation": 1.0658141036401503e-14
    },
    "ecSQ1_I_coarse": {
        "average": 1022.4434883720945,
        "current size": 86,
        "first": 1022.47,
        "maximum": 1022.47,
        "minimum": 1022.41,
        "most_common": 1022.41,
        "num_of_zeros": 0,
        "standard_deviation": 0.029796497447558575
    },
    "ecSQ1_Set_Current": {
        "average": 1022.1300000000002,
        "current size": 86,
        "first": 1022.13,
        "maximum": 1022.13,
        "minimum": 1022.13,
        "most_common": 1022.13,
        "num_of_zeros": 0,
        "standard_deviation": 2.2737367544323206e-13
    },
    "ecSQ2_I_coarse": {
        "average": 1715.7495348837201,
        "current size": 86,
        "first": 1715.76,
        "maximum": 1715.76,
        "minimum": 1715.7,
        "most_common": 1715.7,
        "num_of_zeros": 0,
        "standard_deviation": 0.02276814261218493
    },
    "ecSQ2_Set_Current": {
        "average": 1716.8500000000029,
        "current size": 86,
        "first": 1716.85,
        "maximum": 1716.85,
        "minimum": 1716.85,
        "most_common": 1716.85,
        "num_of_zeros": 0,
        "standard_deviation": 2.9558577807620168e-12
    },
    "ecSQ3_I_coarse": {
        "average": 1130.6918604651173,
        "current size": 86,
        "first": 1130.69,
        "maximum": 1130.76,
        "minimum": 1130.63,
        "most_common": 1130.69,
        "num_of_zeros": 0,
        "standard_deviation": 0.017554673922556704
    },
    "ecSQ3_Set_Current": {
        "average": 1129.6699999999985,
        "current size": 86,
        "first": 1129.67,
        "maximum": 1129.67,
        "minimum": 1129.67,
        "most_common": 1129.67,
        "num_of_zeros": 0,
        "standard_deviation": 1.5916157281026244e-12
    },
    "hcBDSPOS": {
        "average": 5460580.0,
        "current size": 86,
        "first": 5460580.0,
        "maximum": 5460580.0,
        "minimum": 5460580.0,
        "most_common": 5460580.0,
        "num_of_zeros": 0,
        "standard_deviation": 0.0
    }
}
