{
    "RunNumber": "24242",
    "ecDI_B_Set_NMR": {
        "average": 0.41913999999999996,
        "current size": 25,
        "first": 0.41914,
        "maximum": 0.41914,
        "minimum": 0.41914,
        "most_common": 0.41914,
        "num_of_zeros": 0,
        "standard_deviation": 5.551115123125783e-17
    },
    "ecDI_B_True_NMR": {
        "average": 0.41851831999999994,
        "current size": 25,
        "first": 0.418519,
        "maximum": 0.418523,
        "minimum": 0.41851,
        "most_common": 0.418518,
        "num_of_zeros": 0,
        "standard_deviation": 2.092271492894102e-06
    },
    "ecDI_I_coarse": {
        "average": 464.62520000000006,
        "current size": 25,
        "first": 464.644,
        "maximum": 464.644,
        "minimum": 464.597,
        "most_common": 464.597,
        "num_of_zeros": 0,
        "standard_deviation": 0.02302520358217435
    },
    "ecDI_Set_Current": {
        "average": 467.5370000000001,
        "current size": 25,
        "first": 467.537,
        "maximum": 467.537,
        "minimum": 467.537,
        "most_common": 467.537,
        "num_of_zeros": 0,
        "standard_deviation": 1.1368683772161603e-13
    },
    "ecHMS_Angle": {
        "average": 29.05999999999998,
        "current size": 25,
        "first": 29.06,
        "maximum": 29.06,
        "minimum": 29.06,
        "most_common": 29.06,
        "num_of_zeros": 0,
        "standard_deviation": 1.7763568394002505e-14
    },
    "ecQ1_I_coarse": {
        "average": 199.2668400000001,
        "current size": 25,
        "first": 199.279,
        "maximum": 199.279,
        "minimum": 199.26,
        "most_common": 199.26,
        "num_of_zeros": 0,
        "standard_deviation": 0.009120000000002617
    },
    "ecQ1_Set_Current": {
        "average": 199.38000000000008,
        "current size": 25,
        "first": 199.38,
        "maximum": 199.38,
        "minimum": 199.38,
        "most_common": 199.38,
        "num_of_zeros": 0,
        "standard_deviation": 8.526512829121202e-14
    },
    "ecQ2_I_coarse": {
        "average": 158.31859999999995,
        "current size": 25,
        "first": 158.321,
        "maximum": 158.321,
        "minimum": 158.301,
        "most_common": 158.301,
        "num_of_zeros": 0,
        "standard_deviation": 0.006499230723712091
    },
    "ecQ2_Set_Current": {
        "average": 158.43600000000006,
        "current size": 25,
        "first": 158.436,
        "maximum": 158.436,
        "minimum": 158.436,
        "most_common": 158.436,
        "num_of_zeros": 0,
        "standard_deviation": 5.684341886080802e-14
    },
    "ecQ3_I_coarse": {
        "average": 76.50321999999997,
        "current size": 25,
        "first": 76.4993,
        "maximum": 76.5189,
        "minimum": 76.4993,
        "most_common": 76.4993,
        "num_of_zeros": 0,
        "standard_deviation": 0.007839999999998777
    },
    "ecQ3_Set_Current": {
        "average": 76.96360000000003,
        "current size": 25,
        "first": 76.9636,
        "maximum": 76.9636,
        "minimum": 76.9636,
        "most_common": 76.9636,
        "num_of_zeros": 0,
        "standard_deviation": 2.842170943040401e-14
    },
    "ecSDI_I_coarse": {
        "average": 1553.0652000000002,
        "current size": 25,
        "first": 1553.06,
        "maximum": 1553.19,
        "minimum": 1553.06,
        "most_common": 1553.06,
        "num_of_zeros": 0,
        "standard_deviation": 0.025474693324966442
    },
    "ecSDI_Set_Current": {
        "average": 1553.19,
        "current size": 25,
        "first": 1553.19,
        "maximum": 1553.19,
        "minimum": 1553.19,
        "most_common": 1553.19,
        "num_of_zeros": 0,
        "standard_deviation": 0.0
    },
    "ecSHB_I_coarse": {
        "average": 1621.9100000000003,
        "current size": 25,
        "first": 1621.94,
        "maximum": 1621.94,
        "minimum": 1621.79,
        "most_common": 1621.79,
        "num_of_zeros": 0,
        "standard_deviation": 0.06000000000003637
    },
    "ecSHB_Set_Current": {
        "average": 1624.37,
        "current size": 25,
        "first": 1624.37,
        "maximum": 1624.37,
        "minimum": 1624.37,
        "most_common": 1624.37,
        "num_of_zeros": 0,
        "standard_deviation": 0.0
    },
    "ecSHMS_Angle": {
        "average": 7.860000000000005,
        "current size": 25,
        "first": 7.86,
        "maximum": 7.86,
        "minimum": 7.86,
        "most_common": 7.86,
        "num_of_zeros": 0,
        "standard_deviation": 4.440892098500626e-15
    },
    "ecSQ1_I_coarse": {
        "average": 1022.4387999999999,
        "current size": 25,
        "first": 1022.41,
        "maximum": 1022.47,
        "minimum": 1022.41,
        "most_common": 1022.41,
        "num_of_zeros": 0,
        "standard_deviation": 0.02997599039234184
    },
    "ecSQ1_Set_Current": {
        "average": 1022.1300000000001,
        "current size": 25,
        "first": 1022.13,
        "maximum": 1022.13,
        "minimum": 1022.13,
        "most_common": 1022.13,
        "num_of_zeros": 0,
        "standard_deviation": 1.1368683772161603e-13
    },
    "ecSQ2_I_coarse": {
        "average": 1715.7551999999998,
        "current size": 25,
        "first": 1715.76,
        "maximum": 1715.76,
        "minimum": 1715.7,
        "most_common": 1715.7,
        "num_of_zeros": 0,
        "standard_deviation": 0.016277591959485836
    },
    "ecSQ2_Set_Current": {
        "average": 1716.8499999999992,
        "current size": 25,
        "first": 1716.85,
        "maximum": 1716.85,
        "minimum": 1716.85,
        "most_common": 1716.85,
        "num_of_zeros": 0,
        "standard_deviation": 6.821210263296962e-13
    },
    "ecSQ3_I_coarse": {
        "average": 1130.6851999999997,
        "current size": 25,
        "first": 1130.69,
        "maximum": 1130.69,
        "minimum": 1130.63,
        "most_common": 1130.63,
        "num_of_zeros": 0,
        "standard_deviation": 0.01627759195948584
    },
    "ecSQ3_Set_Current": {
        "average": 1129.6699999999994,
        "current size": 25,
        "first": 1129.67,
        "maximum": 1129.67,
        "minimum": 1129.67,
        "most_common": 1129.67,
        "num_of_zeros": 0,
        "standard_deviation": 6.821210263296962e-13
    },
    "hcBDSPOS": {
        "average": 5460580.0,
        "current size": 25,
        "first": 5460580.0,
        "maximum": 5460580.0,
        "minimum": 5460580.0,
        "most_common": 5460580.0,
        "num_of_zeros": 0,
        "standard_deviation": 0.0
    }
}
