{
    "RunNumber": "24252",
    "ecDI_B_Set_NMR": {
        "average": 0.4191399999999997,
        "current size": 58,
        "first": 0.41914,
        "maximum": 0.41914,
        "minimum": 0.41914,
        "most_common": 0.41914,
        "num_of_zeros": 0,
        "standard_deviation": 3.3306690738754696e-16
    },
    "ecDI_B_True_NMR": {
        "average": 0.4185176206896551,
        "current size": 58,
        "first": 0.418519,
        "maximum": 0.418523,
        "minimum": 0.418513,
        "most_common": 0.418518,
        "num_of_zeros": 0,
        "standard_deviation": 1.5955496967221107e-06
    },
    "ecDI_I_coarse": {
        "average": 464.64562068965535,
        "current size": 58,
        "first": 464.644,
        "maximum": 464.691,
        "minimum": 464.644,
        "most_common": 464.644,
        "num_of_zeros": 0,
        "standard_deviation": 0.008575883559996743
    },
    "ecDI_Set_Current": {
        "average": 467.5370000000002,
        "current size": 58,
        "first": 467.537,
        "maximum": 467.537,
        "minimum": 467.537,
        "most_common": 467.537,
        "num_of_zeros": 0,
        "standard_deviation": 2.2737367544323206e-13
    },
    "ecHMS_Angle": {
        "average": 29.05999999999996,
        "current size": 58,
        "first": 29.06,
        "maximum": 29.06,
        "minimum": 29.06,
        "most_common": 29.06,
        "num_of_zeros": 0,
        "standard_deviation": 3.907985046680551e-14
    },
    "ecQ1_I_coarse": {
        "average": 199.26425862068984,
        "current size": 58,
        "first": 199.26,
        "maximum": 199.279,
        "minimum": 199.26,
        "most_common": 199.26,
        "num_of_zeros": 0,
        "standard_deviation": 0.007923253304364643
    },
    "ecQ1_Set_Current": {
        "average": 199.37999999999982,
        "current size": 58,
        "first": 199.38,
        "maximum": 199.38,
        "minimum": 199.38,
        "most_common": 199.38,
        "num_of_zeros": 0,
        "standard_deviation": 1.7053025658242404e-13
    },
    "ecQ2_I_coarse": {
        "average": 158.3203103448275,
        "current size": 58,
        "first": 158.321,
        "maximum": 158.321,
        "minimum": 158.301,
        "most_common": 158.301,
        "num_of_zeros": 0,
        "standard_deviation": 0.0036493121531944103
    },
    "ecQ2_Set_Current": {
        "average": 158.43599999999986,
        "current size": 58,
        "first": 158.436,
        "maximum": 158.436,
        "minimum": 158.436,
        "most_common": 158.436,
        "num_of_zeros": 0,
        "standard_deviation": 1.4210854715202004e-13
    },
    "ecQ3_I_coarse": {
        "average": 76.5030172413793,
        "current size": 58,
        "first": 76.4993,
        "maximum": 76.5189,
        "minimum": 76.4993,
        "most_common": 76.4993,
        "num_of_zeros": 0,
        "standard_deviation": 0.0076837521799188345
    },
    "ecQ3_Set_Current": {
        "average": 76.96360000000003,
        "current size": 58,
        "first": 76.9636,
        "maximum": 76.9636,
        "minimum": 76.9636,
        "most_common": 76.9636,
        "num_of_zeros": 0,
        "standard_deviation": 2.842170943040401e-14
    },
    "ecSDI_I_coarse": {
        "average": 1553.0622413793092,
        "current size": 58,
        "first": 1553.06,
        "maximum": 1553.19,
        "minimum": 1553.06,
        "most_common": 1553.06,
        "num_of_zeros": 0,
        "standard_deviation": 0.01692204269975898
    },
    "ecSDI_Set_Current": {
        "average": 1553.1900000000014,
        "current size": 58,
        "first": 1553.19,
        "maximum": 1553.19,
        "minimum": 1553.19,
        "most_common": 1553.19,
        "num_of_zeros": 0,
        "standard_deviation": 1.3642420526593924e-12
    },
    "ecSHB_I_coarse": {
        "average": 1621.8986206896557,
        "current size": 58,
        "first": 1621.94,
        "maximum": 1621.94,
        "minimum": 1621.79,
        "most_common": 1621.79,
        "num_of_zeros": 0,
        "standard_deviation": 0.06704214515598403
    },
    "ecSHB_Set_Current": {
        "average": 1624.3699999999994,
        "current size": 58,
        "first": 1624.37,
        "maximum": 1624.37,
        "minimum": 1624.37,
        "most_common": 1624.37,
        "num_of_zeros": 0,
        "standard_deviation": 4.547473508864641e-13
    },
    "ecSHMS_Angle": {
        "average": 7.86000000000001,
        "current size": 58,
        "first": 7.86,
        "maximum": 7.86,
        "minimum": 7.86,
        "most_common": 7.86,
        "num_of_zeros": 0,
        "standard_deviation": 9.769962616701378e-15
    },
    "ecSQ1_I_coarse": {
        "average": 1022.4358620689666,
        "current size": 58,
        "first": 1022.47,
        "maximum": 1022.47,
        "minimum": 1022.41,
        "most_common": 1022.41,
        "num_of_zeros": 0,
        "standard_deviation": 0.029713255068329423
    },
    "ecSQ1_Set_Current": {
        "average": 1022.129999999999,
        "current size": 58,
        "first": 1022.13,
        "maximum": 1022.13,
        "minimum": 1022.13,
        "most_common": 1022.13,
        "num_of_zeros": 0,
        "standard_deviation": 1.0231815394945443e-12
    },
    "ecSQ2_I_coarse": {
        "average": 1715.7351724137916,
        "current size": 58,
        "first": 1715.76,
        "maximum": 1715.76,
        "minimum": 1715.7,
        "most_common": 1715.7,
        "num_of_zeros": 0,
        "standard_deviation": 0.02955073832497802
    },
    "ecSQ2_Set_Current": {
        "average": 1716.8500000000013,
        "current size": 58,
        "first": 1716.85,
        "maximum": 1716.85,
        "minimum": 1716.85,
        "most_common": 1716.85,
        "num_of_zeros": 0,
        "standard_deviation": 1.3642420526593924e-12
    },
    "ecSQ3_I_coarse": {
        "average": 1130.6915517241387,
        "current size": 58,
        "first": 1130.69,
        "maximum": 1130.76,
        "minimum": 1130.63,
        "most_common": 1130.69,
        "num_of_zeros": 0,
        "standard_deviation": 0.019369521395626466
    },
    "ecSQ3_Set_Current": {
        "average": 1129.6699999999987,
        "current size": 58,
        "first": 1129.67,
        "maximum": 1129.67,
        "minimum": 1129.67,
        "most_common": 1129.67,
        "num_of_zeros": 0,
        "standard_deviation": 1.3642420526593924e-12
    },
    "hcBDSPOS": {
        "average": 31648900.0,
        "current size": 58,
        "first": 31648900.0,
        "maximum": 31648900.0,
        "minimum": 31648900.0,
        "most_common": 31648900.0,
        "num_of_zeros": 0,
        "standard_deviation": 0.0
    }
}
