{
    "RunNumber": "24290",
    "ecDI_B_Set_NMR": {
        "average": 0.41913999999999974,
        "current size": 52,
        "first": 0.41914,
        "maximum": 0.41914,
        "minimum": 0.41914,
        "most_common": 0.41914,
        "num_of_zeros": 0,
        "standard_deviation": 2.7755575615628914e-16
    },
    "ecDI_B_True_NMR": {
        "average": 0.4185163076923078,
        "current size": 52,
        "first": 0.418518,
        "maximum": 0.41852,
        "minimum": 0.418512,
        "most_common": 0.418516,
        "num_of_zeros": 0,
        "standard_deviation": 1.0291606277072471e-06
    },
    "ecDI_I_coarse": {
        "average": 464.6440000000002,
        "current size": 52,
        "first": 464.644,
        "maximum": 464.644,
        "minimum": 464.644,
        "most_common": 464.644,
        "num_of_zeros": 0,
        "standard_deviation": 1.7053025658242404e-13
    },
    "ecDI_Set_Current": {
        "average": 467.5370000000002,
        "current size": 52,
        "first": 467.537,
        "maximum": 467.537,
        "minimum": 467.537,
        "most_common": 467.537,
        "num_of_zeros": 0,
        "standard_deviation": 2.2737367544323206e-13
    },
    "ecHMS_Angle": {
        "average": 29.059999999999963,
        "current size": 52,
        "first": 29.06,
        "maximum": 29.06,
        "minimum": 29.06,
        "most_common": 29.06,
        "num_of_zeros": 0,
        "standard_deviation": 3.552713678800501e-14
    },
    "ecQ1_I_coarse": {
        "average": 199.26511538461557,
        "current size": 52,
        "first": 199.279,
        "maximum": 199.279,
        "minimum": 199.26,
        "most_common": 199.26,
        "num_of_zeros": 0,
        "standard_deviation": 0.008427641896108003
    },
    "ecQ1_Set_Current": {
        "average": 199.3799999999999,
        "current size": 52,
        "first": 199.38,
        "maximum": 199.38,
        "minimum": 199.38,
        "most_common": 199.38,
        "num_of_zeros": 0,
        "standard_deviation": 8.526512829121202e-14
    },
    "ecQ2_I_coarse": {
        "average": 158.31792307692305,
        "current size": 52,
        "first": 158.321,
        "maximum": 158.321,
        "minimum": 158.301,
        "most_common": 158.301,
        "num_of_zeros": 0,
        "standard_deviation": 0.0072160242458858895
    },
    "ecQ2_Set_Current": {
        "average": 158.43599999999986,
        "current size": 52,
        "first": 158.436,
        "maximum": 158.436,
        "minimum": 158.436,
        "most_common": 158.436,
        "num_of_zeros": 0,
        "standard_deviation": 1.4210854715202004e-13
    },
    "ecQ3_I_coarse": {
        "average": 76.50118461538457,
        "current size": 52,
        "first": 76.4993,
        "maximum": 76.5189,
        "minimum": 76.4993,
        "most_common": 76.4993,
        "num_of_zeros": 0,
        "standard_deviation": 0.005778121354776318
    },
    "ecQ3_Set_Current": {
        "average": 76.96360000000003,
        "current size": 52,
        "first": 76.9636,
        "maximum": 76.9636,
        "minimum": 76.9636,
        "most_common": 76.9636,
        "num_of_zeros": 0,
        "standard_deviation": 2.842170943040401e-14
    },
    "ecSDI_I_coarse": {
        "average": 1553.0774999999992,
        "current size": 52,
        "first": 1553.06,
        "maximum": 1553.19,
        "minimum": 1553.06,
        "most_common": 1553.06,
        "num_of_zeros": 0,
        "standard_deviation": 0.04437059837328437
    },
    "ecSDI_Set_Current": {
        "average": 1553.1900000000012,
        "current size": 52,
        "first": 1553.19,
        "maximum": 1553.19,
        "minimum": 1553.19,
        "most_common": 1553.19,
        "num_of_zeros": 0,
        "standard_deviation": 1.1368683772161603e-12
    },
    "ecSHB_I_coarse": {
        "average": 1621.9371153846164,
        "current size": 52,
        "first": 1621.94,
        "maximum": 1621.94,
        "minimum": 1621.79,
        "most_common": 1621.79,
        "num_of_zeros": 0,
        "standard_deviation": 0.02060027431311686
    },
    "ecSHB_Set_Current": {
        "average": 1624.37,
        "current size": 52,
        "first": 1624.37,
        "maximum": 1624.37,
        "minimum": 1624.37,
        "most_common": 1624.37,
        "num_of_zeros": 0,
        "standard_deviation": 0.0
    },
    "ecSHMS_Angle": {
        "average": 7.860000000000009,
        "current size": 52,
        "first": 7.86,
        "maximum": 7.86,
        "minimum": 7.86,
        "most_common": 7.86,
        "num_of_zeros": 0,
        "standard_deviation": 8.881784197001252e-15
    },
    "ecSQ1_I_coarse": {
        "average": 1022.4688461538468,
        "current size": 52,
        "first": 1022.47,
        "maximum": 1022.53,
        "minimum": 1022.41,
        "most_common": 1022.47,
        "num_of_zeros": 0,
        "standard_deviation": 0.014365268766914917
    },
    "ecSQ1_Set_Current": {
        "average": 1022.1299999999992,
        "current size": 52,
        "first": 1022.13,
        "maximum": 1022.13,
        "minimum": 1022.13,
        "most_common": 1022.13,
        "num_of_zeros": 0,
        "standard_deviation": 7.958078640513122e-13
    },
    "ecSQ2_I_coarse": {
        "average": 1715.7484615384603,
        "current size": 52,
        "first": 1715.7,
        "maximum": 1715.76,
        "minimum": 1715.7,
        "most_common": 1715.7,
        "num_of_zeros": 0,
        "standard_deviation": 0.02364680945988527
    },
    "ecSQ2_Set_Current": {
        "average": 1716.8500000000008,
        "current size": 52,
        "first": 1716.85,
        "maximum": 1716.85,
        "minimum": 1716.85,
        "most_common": 1716.85,
        "num_of_zeros": 0,
        "standard_deviation": 9.094947017729282e-13
    },
    "ecSQ3_I_coarse": {
        "average": 1130.6967307692316,
        "current size": 52,
        "first": 1130.69,
        "maximum": 1130.76,
        "minimum": 1130.69,
        "most_common": 1130.69,
        "num_of_zeros": 0,
        "standard_deviation": 0.020636147695614174
    },
    "ecSQ3_Set_Current": {
        "average": 1129.6699999999987,
        "current size": 52,
        "first": 1129.67,
        "maximum": 1129.67,
        "minimum": 1129.67,
        "most_common": 1129.67,
        "num_of_zeros": 0,
        "standard_deviation": 1.3642420526593924e-12
    },
    "hcBDSPOS": {
        "average": 31648900.0,
        "current size": 52,
        "first": 31648900.0,
        "maximum": 31648900.0,
        "minimum": 31648900.0,
        "most_common": 31648900.0,
        "num_of_zeros": 0,
        "standard_deviation": 0.0
    }
}
