{
    "RunNumber": "24309",
    "ecDI_B_Set_NMR": {
        "average": 0.41914,
        "current size": 29,
        "first": 0.41914,
        "maximum": 0.41914,
        "minimum": 0.41914,
        "most_common": 0.41914,
        "num_of_zeros": 0,
        "standard_deviation": 0.0
    },
    "ecDI_B_True_NMR": {
        "average": 0.4185205172413794,
        "current size": 29,
        "first": 0.41852,
        "maximum": 0.418521,
        "minimum": 0.41852,
        "most_common": 0.41852,
        "num_of_zeros": 0,
        "standard_deviation": 4.997026464069557e-07
    },
    "ecDI_I_coarse": {
        "average": 464.64724137931046,
        "current size": 29,
        "first": 464.644,
        "maximum": 464.691,
        "minimum": 464.644,
        "most_common": 464.644,
        "num_of_zeros": 0,
        "standard_deviation": 0.011909588059730945
    },
    "ecDI_Set_Current": {
        "average": 467.53700000000015,
        "current size": 29,
        "first": 467.537,
        "maximum": 467.537,
        "minimum": 467.537,
        "most_common": 467.537,
        "num_of_zeros": 0,
        "standard_deviation": 1.7053025658242404e-13
    },
    "ecHMS_Angle": {
        "average": 29.059999999999977,
        "current size": 29,
        "first": 29.06,
        "maximum": 29.06,
        "minimum": 29.06,
        "most_common": 29.06,
        "num_of_zeros": 0,
        "standard_deviation": 2.1316282072803006e-14
    },
    "ecQ1_I_coarse": {
        "average": 199.2606551724139,
        "current size": 29,
        "first": 199.26,
        "maximum": 199.279,
        "minimum": 199.26,
        "most_common": 199.26,
        "num_of_zeros": 0,
        "standard_deviation": 0.003466846545533909
    },
    "ecQ1_Set_Current": {
        "average": 199.38000000000008,
        "current size": 29,
        "first": 199.38,
        "maximum": 199.38,
        "minimum": 199.38,
        "most_common": 199.38,
        "num_of_zeros": 0,
        "standard_deviation": 8.526512829121202e-14
    },
    "ecQ2_I_coarse": {
        "average": 158.31065517241376,
        "current size": 29,
        "first": 158.321,
        "maximum": 158.321,
        "minimum": 158.301,
        "most_common": 158.301,
        "num_of_zeros": 0,
        "standard_deviation": 0.009994052928411623
    },
    "ecQ2_Set_Current": {
        "average": 158.436,
        "current size": 29,
        "first": 158.436,
        "maximum": 158.436,
        "minimum": 158.436,
        "most_common": 158.436,
        "num_of_zeros": 0,
        "standard_deviation": 0.0
    },
    "ecQ3_I_coarse": {
        "average": 76.49997586206894,
        "current size": 29,
        "first": 76.4993,
        "maximum": 76.5189,
        "minimum": 76.4993,
        "most_common": 76.4993,
        "num_of_zeros": 0,
        "standard_deviation": 0.003576325910128133
    },
    "ecQ3_Set_Current": {
        "average": 76.96360000000003,
        "current size": 29,
        "first": 76.9636,
        "maximum": 76.9636,
        "minimum": 76.9636,
        "most_common": 76.9636,
        "num_of_zeros": 0,
        "standard_deviation": 2.842170943040401e-14
    },
    "ecSDI_I_coarse": {
        "average": 1158.6520689655167,
        "current size": 29,
        "first": 1158.67,
        "maximum": 1158.67,
        "minimum": 1158.54,
        "most_common": 1158.54,
        "num_of_zeros": 0,
        "standard_deviation": 0.04482758620693417
    },
    "ecSDI_Set_Current": {
        "average": 1158.8300000000008,
        "current size": 29,
        "first": 1158.83,
        "maximum": 1158.83,
        "minimum": 1158.83,
        "most_common": 1158.83,
        "num_of_zeros": 0,
        "standard_deviation": 9.094947017729282e-13
    },
    "ecSHB_I_coarse": {
        "average": 1203.498275862069,
        "current size": 29,
        "first": 1203.55,
        "maximum": 1203.55,
        "minimum": 1203.4,
        "most_common": 1203.4,
        "num_of_zeros": 0,
        "standard_deviation": 0.071296803890057
    },
    "ecSHB_Set_Current": {
        "average": 1205.4700000000005,
        "current size": 29,
        "first": 1205.47,
        "maximum": 1205.47,
        "minimum": 1205.47,
        "most_common": 1205.47,
        "num_of_zeros": 0,
        "standard_deviation": 4.547473508864641e-13
    },
    "ecSHMS_Angle": {
        "average": 7.860000000000006,
        "current size": 29,
        "first": 7.86,
        "maximum": 7.86,
        "minimum": 7.86,
        "most_common": 7.86,
        "num_of_zeros": 0,
        "standard_deviation": 5.3290705182007514e-15
    },
    "ecSQ1_I_coarse": {
        "average": 762.842379310345,
        "current size": 29,
        "first": 762.883,
        "maximum": 762.883,
        "minimum": 762.821,
        "most_common": 762.821,
        "num_of_zeros": 0,
        "standard_deviation": 0.029469345607922644
    },
    "ecSQ1_Set_Current": {
        "average": 762.6100000000004,
        "current size": 29,
        "first": 762.61,
        "maximum": 762.61,
        "minimum": 762.61,
        "most_common": 762.61,
        "num_of_zeros": 0,
        "standard_deviation": 3.410605131648481e-13
    },
    "ecSQ2_I_coarse": {
        "average": 1280.2099999999994,
        "current size": 29,
        "first": 1280.21,
        "maximum": 1280.21,
        "minimum": 1280.21,
        "most_common": 1280.21,
        "num_of_zeros": 0,
        "standard_deviation": 6.821210263296962e-13
    },
    "ecSQ2_Set_Current": {
        "average": 1280.9399999999998,
        "current size": 29,
        "first": 1280.94,
        "maximum": 1280.94,
        "minimum": 1280.94,
        "most_common": 1280.94,
        "num_of_zeros": 0,
        "standard_deviation": 2.2737367544323206e-13
    },
    "ecSQ3_I_coarse": {
        "average": 843.6308965517239,
        "current size": 29,
        "first": 843.586,
        "maximum": 843.648,
        "minimum": 843.586,
        "most_common": 843.586,
        "num_of_zeros": 0,
        "standard_deviation": 0.027710753331128546
    },
    "ecSQ3_Set_Current": {
        "average": 842.8460000000002,
        "current size": 29,
        "first": 842.846,
        "maximum": 842.846,
        "minimum": 842.846,
        "most_common": 842.846,
        "num_of_zeros": 0,
        "standard_deviation": 2.2737367544323206e-13
    },
    "hcBDSPOS": {
        "average": 5460530.0,
        "current size": 29,
        "first": 5460530.0,
        "maximum": 5460530.0,
        "minimum": 5460530.0,
        "most_common": 5460530.0,
        "num_of_zeros": 0,
        "standard_deviation": 0.0
    }
}
