{
    "RunNumber": "24324",
    "ecDI_B_Set_NMR": {
        "average": 0.4191399999999996,
        "current size": 59,
        "first": 0.41914,
        "maximum": 0.41914,
        "minimum": 0.41914,
        "most_common": 0.41914,
        "num_of_zeros": 0,
        "standard_deviation": 3.885780586188048e-16
    },
    "ecDI_B_True_NMR": {
        "average": 0.418518254237288,
        "current size": 59,
        "first": 0.418518,
        "maximum": 0.418523,
        "minimum": 0.418509,
        "most_common": 0.418518,
        "num_of_zeros": 0,
        "standard_deviation": 1.8648689719793369e-06
    },
    "ecDI_I_coarse": {
        "average": 464.61532203389874,
        "current size": 59,
        "first": 464.644,
        "maximum": 464.644,
        "minimum": 464.55,
        "most_common": 464.597,
        "num_of_zeros": 0,
        "standard_deviation": 0.024501428998783433
    },
    "ecDI_Set_Current": {
        "average": 467.5370000000002,
        "current size": 59,
        "first": 467.537,
        "maximum": 467.537,
        "minimum": 467.537,
        "most_common": 467.537,
        "num_of_zeros": 0,
        "standard_deviation": 2.2737367544323206e-13
    },
    "ecHMS_Angle": {
        "average": 29.05999999999996,
        "current size": 59,
        "first": 29.06,
        "maximum": 29.06,
        "minimum": 29.06,
        "most_common": 29.06,
        "num_of_zeros": 0,
        "standard_deviation": 3.907985046680551e-14
    },
    "ecQ1_I_coarse": {
        "average": 199.26386440677985,
        "current size": 59,
        "first": 199.26,
        "maximum": 199.279,
        "minimum": 199.26,
        "most_common": 199.26,
        "num_of_zeros": 0,
        "standard_deviation": 0.007647881344196107
    },
    "ecQ1_Set_Current": {
        "average": 199.37999999999982,
        "current size": 59,
        "first": 199.38,
        "maximum": 199.38,
        "minimum": 199.38,
        "most_common": 199.38,
        "num_of_zeros": 0,
        "standard_deviation": 1.7053025658242404e-13
    },
    "ecQ2_I_coarse": {
        "average": 158.32032203389824,
        "current size": 59,
        "first": 158.321,
        "maximum": 158.321,
        "minimum": 158.301,
        "most_common": 158.301,
        "num_of_zeros": 0,
        "standard_deviation": 0.0036193485600124658
    },
    "ecQ2_Set_Current": {
        "average": 158.43599999999984,
        "current size": 59,
        "first": 158.436,
        "maximum": 158.436,
        "minimum": 158.436,
        "most_common": 158.436,
        "num_of_zeros": 0,
        "standard_deviation": 1.7053025658242404e-13
    },
    "ecQ3_I_coarse": {
        "average": 76.50527966101697,
        "current size": 59,
        "first": 76.4993,
        "maximum": 76.5189,
        "minimum": 76.4993,
        "most_common": 76.4993,
        "num_of_zeros": 0,
        "standard_deviation": 0.009024688917328766
    },
    "ecQ3_Set_Current": {
        "average": 76.96360000000003,
        "current size": 59,
        "first": 76.9636,
        "maximum": 76.9636,
        "minimum": 76.9636,
        "most_common": 76.9636,
        "num_of_zeros": 0,
        "standard_deviation": 2.842170943040401e-14
    },
    "ecSDI_I_coarse": {
        "average": 1158.6016949152538,
        "current size": 59,
        "first": 1158.67,
        "maximum": 1158.67,
        "minimum": 1158.54,
        "most_common": 1158.54,
        "num_of_zeros": 0,
        "standard_deviation": 0.06491591803887863
    },
    "ecSDI_Set_Current": {
        "average": 1158.8300000000013,
        "current size": 59,
        "first": 1158.83,
        "maximum": 1158.83,
        "minimum": 1158.83,
        "most_common": 1158.83,
        "num_of_zeros": 0,
        "standard_deviation": 1.3642420526593924e-12
    },
    "ecSHB_I_coarse": {
        "average": 1203.5296610169503,
        "current size": 59,
        "first": 1203.55,
        "maximum": 1203.55,
        "minimum": 1203.4,
        "most_common": 1203.4,
        "num_of_zeros": 0,
        "standard_deviation": 0.05135341494077738
    },
    "ecSHB_Set_Current": {
        "average": 1205.4700000000007,
        "current size": 59,
        "first": 1205.47,
        "maximum": 1205.47,
        "minimum": 1205.47,
        "most_common": 1205.47,
        "num_of_zeros": 0,
        "standard_deviation": 6.821210263296962e-13
    },
    "ecSHMS_Angle": {
        "average": 7.86000000000001,
        "current size": 59,
        "first": 7.86,
        "maximum": 7.86,
        "minimum": 7.86,
        "most_common": 7.86,
        "num_of_zeros": 0,
        "standard_deviation": 9.769962616701378e-15
    },
    "ecSQ1_I_coarse": {
        "average": 762.8231016949163,
        "current size": 59,
        "first": 762.821,
        "maximum": 762.883,
        "minimum": 762.821,
        "most_common": 762.821,
        "num_of_zeros": 0,
        "standard_deviation": 0.011219980536035045
    },
    "ecSQ1_Set_Current": {
        "average": 762.6100000000005,
        "current size": 59,
        "first": 762.61,
        "maximum": 762.61,
        "minimum": 762.61,
        "most_common": 762.61,
        "num_of_zeros": 0,
        "standard_deviation": 4.547473508864641e-13
    },
    "ecSQ2_I_coarse": {
        "average": 1280.2088135593222,
        "current size": 59,
        "first": 1280.21,
        "maximum": 1280.21,
        "minimum": 1280.14,
        "most_common": 1280.14,
        "num_of_zeros": 0,
        "standard_deviation": 0.009035663006948977
    },
    "ecSQ2_Set_Current": {
        "average": 1280.9400000000012,
        "current size": 59,
        "first": 1280.94,
        "maximum": 1280.94,
        "minimum": 1280.94,
        "most_common": 1280.94,
        "num_of_zeros": 0,
        "standard_deviation": 1.1368683772161603e-12
    },
    "ecSQ3_I_coarse": {
        "average": 843.6332881355937,
        "current size": 59,
        "first": 843.648,
        "maximum": 843.648,
        "minimum": 843.586,
        "most_common": 843.586,
        "num_of_zeros": 0,
        "standard_deviation": 0.02637606185345214
    },
    "ecSQ3_Set_Current": {
        "average": 842.8459999999995,
        "current size": 59,
        "first": 842.846,
        "maximum": 842.846,
        "minimum": 842.846,
        "most_common": 842.846,
        "num_of_zeros": 0,
        "standard_deviation": 4.547473508864641e-13
    },
    "hcBDSPOS": {
        "average": 24018300.0,
        "current size": 59,
        "first": 24018300.0,
        "maximum": 24018300.0,
        "minimum": 24018300.0,
        "most_common": 24018300.0,
        "num_of_zeros": 0,
        "standard_deviation": 0.0
    }
}
