{
    "RunNumber": "24438",
    "ecDI_B_Set_NMR": {
        "average": 0.41914000000000007,
        "current size": 31,
        "first": 0.41914,
        "maximum": 0.41914,
        "minimum": 0.41914,
        "most_common": 0.41914,
        "num_of_zeros": 0,
        "standard_deviation": 5.551115123125783e-17
    },
    "ecDI_B_True_NMR": {
        "average": 0.4182986129032258,
        "current size": 31,
        "first": 0.418298,
        "maximum": 0.4183,
        "minimum": 0.418297,
        "most_common": 0.418299,
        "num_of_zeros": 0,
        "standard_deviation": 6.563545144904015e-07
    },
    "ecDI_I_coarse": {
        "average": 464.64551612903244,
        "current size": 31,
        "first": 464.644,
        "maximum": 464.691,
        "minimum": 464.644,
        "most_common": 464.644,
        "num_of_zeros": 0,
        "standard_deviation": 0.00830418071055665
    },
    "ecDI_Set_Current": {
        "average": 467.53700000000015,
        "current size": 31,
        "first": 467.537,
        "maximum": 467.537,
        "minimum": 467.537,
        "most_common": 467.537,
        "num_of_zeros": 0,
        "standard_deviation": 1.7053025658242404e-13
    },
    "ecHMS_Angle": {
        "average": 29.059999999999974,
        "current size": 31,
        "first": 29.06,
        "maximum": 29.06,
        "minimum": 29.06,
        "most_common": 29.06,
        "num_of_zeros": 0,
        "standard_deviation": 2.4868995751603507e-14
    },
    "ecQ1_I_coarse": {
        "average": 199.26183870967753,
        "current size": 31,
        "first": 199.26,
        "maximum": 199.279,
        "minimum": 199.26,
        "most_common": 199.26,
        "num_of_zeros": 0,
        "standard_deviation": 0.005617350851882967
    },
    "ecQ1_Set_Current": {
        "average": 199.38000000000008,
        "current size": 31,
        "first": 199.38,
        "maximum": 199.38,
        "minimum": 199.38,
        "most_common": 199.38,
        "num_of_zeros": 0,
        "standard_deviation": 8.526512829121202e-14
    },
    "ecQ2_I_coarse": {
        "average": 158.30874193548388,
        "current size": 31,
        "first": 158.321,
        "maximum": 158.321,
        "minimum": 158.301,
        "most_common": 158.301,
        "num_of_zeros": 0,
        "standard_deviation": 0.00974172185196724
    },
    "ecQ2_Set_Current": {
        "average": 158.43599999999998,
        "current size": 31,
        "first": 158.436,
        "maximum": 158.436,
        "minimum": 158.436,
        "most_common": 158.436,
        "num_of_zeros": 0,
        "standard_deviation": 2.842170943040401e-14
    },
    "ecQ3_I_coarse": {
        "average": 76.500564516129,
        "current size": 31,
        "first": 76.4993,
        "maximum": 76.5189,
        "minimum": 76.4993,
        "most_common": 76.4993,
        "num_of_zeros": 0,
        "standard_deviation": 0.004815133963706759
    },
    "ecQ3_Set_Current": {
        "average": 76.96360000000003,
        "current size": 31,
        "first": 76.9636,
        "maximum": 76.9636,
        "minimum": 76.9636,
        "most_common": 76.9636,
        "num_of_zeros": 0,
        "standard_deviation": 2.842170943040401e-14
    },
    "ecSDI_I_coarse": {
        "average": 833.964,
        "current size": 31,
        "first": 833.964,
        "maximum": 833.964,
        "minimum": 833.964,
        "most_common": 833.964,
        "num_of_zeros": 0,
        "standard_deviation": 0.0
    },
    "ecSDI_Set_Current": {
        "average": 834.3430000000005,
        "current size": 31,
        "first": 834.343,
        "maximum": 834.343,
        "minimum": 834.343,
        "most_common": 834.343,
        "num_of_zeros": 0,
        "standard_deviation": 5.684341886080801e-13
    },
    "ecSHB_I_coarse": {
        "average": 863.8359999999996,
        "current size": 31,
        "first": 863.836,
        "maximum": 863.836,
        "minimum": 863.836,
        "most_common": 863.836,
        "num_of_zeros": 0,
        "standard_deviation": 4.547473508864641e-13
    },
    "ecSHB_Set_Current": {
        "average": 865.4680000000005,
        "current size": 31,
        "first": 865.468,
        "maximum": 865.468,
        "minimum": 865.468,
        "most_common": 865.468,
        "num_of_zeros": 0,
        "standard_deviation": 5.684341886080801e-13
    },
    "ecSHMS_Angle": {
        "average": 7.8600000000000065,
        "current size": 31,
        "first": 7.86,
        "maximum": 7.86,
        "minimum": 7.86,
        "most_common": 7.86,
        "num_of_zeros": 0,
        "standard_deviation": 6.217248937900877e-15
    },
    "ecSQ1_I_coarse": {
        "average": 549.2339999999999,
        "current size": 31,
        "first": 549.196,
        "maximum": 549.258,
        "minimum": 549.196,
        "most_common": 549.196,
        "num_of_zeros": 0,
        "standard_deviation": 0.030199337741088746
    },
    "ecSQ1_Set_Current": {
        "average": 549.071,
        "current size": 31,
        "first": 549.071,
        "maximum": 549.071,
        "minimum": 549.071,
        "most_common": 549.071,
        "num_of_zeros": 0,
        "standard_deviation": 0.0
    },
    "ecSQ2_I_coarse": {
        "average": 921.9130000000004,
        "current size": 31,
        "first": 921.913,
        "maximum": 921.913,
        "minimum": 921.913,
        "most_common": 921.913,
        "num_of_zeros": 0,
        "standard_deviation": 3.410605131648481e-13
    },
    "ecSQ2_Set_Current": {
        "average": 922.2619999999996,
        "current size": 31,
        "first": 922.262,
        "maximum": 922.262,
        "minimum": 922.262,
        "most_common": 922.262,
        "num_of_zeros": 0,
        "standard_deviation": 3.410605131648481e-13
    },
    "ecSQ3_I_coarse": {
        "average": 607.4066774193548,
        "current size": 31,
        "first": 607.427,
        "maximum": 607.427,
        "minimum": 607.364,
        "most_common": 607.364,
        "num_of_zeros": 0,
        "standard_deviation": 0.02945021725837947
    },
    "ecSQ3_Set_Current": {
        "average": 606.84,
        "current size": 31,
        "first": 606.84,
        "maximum": 606.84,
        "minimum": 606.84,
        "most_common": 606.84,
        "num_of_zeros": 0,
        "standard_deviation": 0.0
    },
    "hcBDSPOS": {
        "average": 31648900.0,
        "current size": 31,
        "first": 31648900.0,
        "maximum": 31648900.0,
        "minimum": 31648900.0,
        "most_common": 31648900.0,
        "num_of_zeros": 0,
        "standard_deviation": 0.0
    }
}
