{
    "RunNumber": "24864",
    "ecDI_B_Set_NMR": {
        "average": 0.41913999999999957,
        "current size": 63,
        "first": 0.41914,
        "maximum": 0.41914,
        "minimum": 0.41914,
        "most_common": 0.41914,
        "num_of_zeros": 0,
        "standard_deviation": 4.440892098500626e-16
    },
    "ecDI_B_True_NMR": {
        "average": 0.41477828571428577,
        "current size": 63,
        "first": 0.413321,
        "maximum": 0.691449,
        "minimum": 0.319686,
        "most_common": 0.418512,
        "num_of_zeros": 0,
        "standard_deviation": 0.0753996143275532
    },
    "ecDI_I_coarse": {
        "average": 464.6037142857147,
        "current size": 63,
        "first": 464.597,
        "maximum": 464.644,
        "minimum": 464.55,
        "most_common": 464.597,
        "num_of_zeros": 0,
        "standard_deviation": 0.018455806133724526
    },
    "ecDI_Set_Current": {
        "average": 467.5370000000002,
        "current size": 63,
        "first": 467.537,
        "maximum": 467.537,
        "minimum": 467.537,
        "most_common": 467.537,
        "num_of_zeros": 0,
        "standard_deviation": 2.2737367544323206e-13
    },
    "ecHMS_Angle": {
        "average": 29.05999999999996,
        "current size": 63,
        "first": 29.06,
        "maximum": 29.06,
        "minimum": 29.06,
        "most_common": 29.06,
        "num_of_zeros": 0,
        "standard_deviation": 3.907985046680551e-14
    },
    "ecQ1_I_coarse": {
        "average": 199.26060317460335,
        "current size": 63,
        "first": 199.26,
        "maximum": 199.279,
        "minimum": 199.26,
        "most_common": 199.26,
        "num_of_zeros": 0,
        "standard_deviation": 0.003331140624232037
    },
    "ecQ1_Set_Current": {
        "average": 199.37999999999977,
        "current size": 63,
        "first": 199.38,
        "maximum": 199.38,
        "minimum": 199.38,
        "most_common": 199.38,
        "num_of_zeros": 0,
        "standard_deviation": 2.2737367544323206e-13
    },
    "ecQ2_I_coarse": {
        "average": 158.32914285714287,
        "current size": 63,
        "first": 158.34,
        "maximum": 158.34,
        "minimum": 158.321,
        "most_common": 158.321,
        "num_of_zeros": 0,
        "standard_deviation": 0.009402561526805174
    },
    "ecQ2_Set_Current": {
        "average": 158.43599999999984,
        "current size": 63,
        "first": 158.436,
        "maximum": 158.436,
        "minimum": 158.436,
        "most_common": 158.436,
        "num_of_zeros": 0,
        "standard_deviation": 1.7053025658242404e-13
    },
    "ecQ3_I_coarse": {
        "average": 76.50676666666669,
        "current size": 63,
        "first": 76.5189,
        "maximum": 76.5189,
        "minimum": 76.4993,
        "most_common": 76.4993,
        "num_of_zeros": 0,
        "standard_deviation": 0.009518169758705055
    },
    "ecQ3_Set_Current": {
        "average": 76.96360000000003,
        "current size": 63,
        "first": 76.9636,
        "maximum": 76.9636,
        "minimum": 76.9636,
        "most_common": 76.9636,
        "num_of_zeros": 0,
        "standard_deviation": 2.842170943040401e-14
    },
    "ecSDI_I_coarse": {
        "average": 1158.530476190476,
        "current size": 63,
        "first": 1158.42,
        "maximum": 1158.54,
        "minimum": 1158.42,
        "most_common": 1158.42,
        "num_of_zeros": 0,
        "standard_deviation": 0.03243692641125885
    },
    "ecSDI_Set_Current": {
        "average": 1158.8300000000013,
        "current size": 63,
        "first": 1158.83,
        "maximum": 1158.83,
        "minimum": 1158.83,
        "most_common": 1158.83,
        "num_of_zeros": 0,
        "standard_deviation": 1.3642420526593924e-12
    },
    "ecSHB_I_coarse": {
        "average": 1203.402380952381,
        "current size": 63,
        "first": 1203.4,
        "maximum": 1203.55,
        "minimum": 1203.4,
        "most_common": 1203.4,
        "num_of_zeros": 0,
        "standard_deviation": 0.01874763779524917
    },
    "ecSHB_Set_Current": {
        "average": 1205.4700000000007,
        "current size": 63,
        "first": 1205.47,
        "maximum": 1205.47,
        "minimum": 1205.47,
        "most_common": 1205.47,
        "num_of_zeros": 0,
        "standard_deviation": 6.821210263296962e-13
    },
    "ecSHMS_Angle": {
        "average": 11.080000000000007,
        "current size": 63,
        "first": 11.08,
        "maximum": 11.08,
        "minimum": 11.08,
        "most_common": 11.08,
        "num_of_zeros": 0,
        "standard_deviation": 7.105427357601002e-15
    },
    "ecSQ1_I_coarse": {
        "average": 762.811000000001,
        "current size": 63,
        "first": 762.821,
        "maximum": 762.821,
        "minimum": 762.758,
        "most_common": 762.758,
        "num_of_zeros": 0,
        "standard_deviation": 0.023021728866438357
    },
    "ecSQ1_Set_Current": {
        "average": 762.6100000000005,
        "current size": 63,
        "first": 762.61,
        "maximum": 762.61,
        "minimum": 762.61,
        "most_common": 762.61,
        "num_of_zeros": 0,
        "standard_deviation": 4.547473508864641e-13
    },
    "ecSQ2_I_coarse": {
        "average": 1280.2261904761906,
        "current size": 63,
        "first": 1280.27,
        "maximum": 1280.27,
        "minimum": 1280.21,
        "most_common": 1280.21,
        "num_of_zeros": 0,
        "standard_deviation": 0.02663263134113684
    },
    "ecSQ2_Set_Current": {
        "average": 1280.9400000000012,
        "current size": 63,
        "first": 1280.94,
        "maximum": 1280.94,
        "minimum": 1280.94,
        "most_common": 1280.94,
        "num_of_zeros": 0,
        "standard_deviation": 1.1368683772161603e-12
    },
    "ecSQ3_I_coarse": {
        "average": 843.5370000000006,
        "current size": 63,
        "first": 843.523,
        "maximum": 843.586,
        "minimum": 843.46,
        "most_common": 843.523,
        "num_of_zeros": 0,
        "standard_deviation": 0.028495613697544678
    },
    "ecSQ3_Set_Current": {
        "average": 842.8459999999994,
        "current size": 63,
        "first": 842.846,
        "maximum": 842.846,
        "minimum": 842.846,
        "most_common": 842.846,
        "num_of_zeros": 0,
        "standard_deviation": 5.684341886080801e-13
    },
    "hcBDSPOS": {
        "average": 24018300.0,
        "current size": 63,
        "first": 24018300.0,
        "maximum": 24018300.0,
        "minimum": 24018300.0,
        "most_common": 24018300.0,
        "num_of_zeros": 0,
        "standard_deviation": 0.0
    }
}
