{
    "RunNumber": "24888",
    "ecDI_B_Set_NMR": {
        "average": 0.997057,
        "current size": 45,
        "first": 0.997057,
        "maximum": 0.997057,
        "minimum": 0.997057,
        "most_common": 0.997057,
        "num_of_zeros": 0,
        "standard_deviation": 0.0
    },
    "ecDI_B_True_NMR": {
        "average": 0.9970515111111108,
        "current size": 45,
        "first": 0.997051,
        "maximum": 0.997054,
        "minimum": 0.997049,
        "most_common": 0.997052,
        "num_of_zeros": 0,
        "standard_deviation": 9.097550884761675e-07
    },
    "ecDI_I_coarse": {
        "average": 1112.9422222222222,
        "current size": 45,
        "first": 1112.95,
        "maximum": 1112.95,
        "minimum": 1112.9,
        "most_common": 1112.9,
        "num_of_zeros": 0,
        "standard_deviation": 0.018121673811428065
    },
    "ecDI_Set_Current": {
        "average": 1117.0,
        "current size": 45,
        "first": 1117.0,
        "maximum": 1117.0,
        "minimum": 1117.0,
        "most_common": 1117.0,
        "num_of_zeros": 0,
        "standard_deviation": 0.0
    },
    "ecHMS_Angle": {
        "average": 16.759999999999994,
        "current size": 45,
        "first": 16.76,
        "maximum": 16.76,
        "minimum": 16.76,
        "most_common": 16.76,
        "num_of_zeros": 0,
        "standard_deviation": 7.105427357601002e-15
    },
    "ecQ1_I_coarse": {
        "average": 474.1770000000002,
        "current size": 45,
        "first": 474.161,
        "maximum": 474.181,
        "minimum": 474.161,
        "most_common": 474.161,
        "num_of_zeros": 0,
        "standard_deviation": 0.007999999999992721
    },
    "ecQ1_Set_Current": {
        "average": 474.4799999999996,
        "current size": 45,
        "first": 474.48,
        "maximum": 474.48,
        "minimum": 474.48,
        "most_common": 474.48,
        "num_of_zeros": 0,
        "standard_deviation": 3.979039320256561e-13
    },
    "ecQ2_I_coarse": {
        "average": 377.1935555555557,
        "current size": 45,
        "first": 377.19,
        "maximum": 377.21,
        "minimum": 377.19,
        "most_common": 377.19,
        "num_of_zeros": 0,
        "standard_deviation": 0.007646511348475379
    },
    "ecQ2_Set_Current": {
        "average": 377.268,
        "current size": 45,
        "first": 377.268,
        "maximum": 377.268,
        "minimum": 377.268,
        "most_common": 377.268,
        "num_of_zeros": 0,
        "standard_deviation": 0.0
    },
    "ecQ3_I_coarse": {
        "average": 182.97911111111114,
        "current size": 45,
        "first": 182.972,
        "maximum": 182.992,
        "minimum": 182.972,
        "most_common": 182.972,
        "num_of_zeros": 0,
        "standard_deviation": 0.009573626323785965
    },
    "ecQ3_Set_Current": {
        "average": 183.44599999999994,
        "current size": 45,
        "first": 183.446,
        "maximum": 183.446,
        "minimum": 183.446,
        "most_common": 183.446,
        "num_of_zeros": 0,
        "standard_deviation": 5.684341886080802e-14
    },
    "ecSDI_I_coarse": {
        "average": 2086.1506666666673,
        "current size": 45,
        "first": 2086.22,
        "maximum": 2086.22,
        "minimum": 2086.1,
        "most_common": 2086.1,
        "num_of_zeros": 0,
        "standard_deviation": 0.059269628722327064
    },
    "ecSDI_Set_Current": {
        "average": 2086.02,
        "current size": 45,
        "first": 2086.02,
        "maximum": 2086.02,
        "minimum": 2086.02,
        "most_common": 2086.02,
        "num_of_zeros": 0,
        "standard_deviation": 0.0
    },
    "ecSHB_I_coarse": {
        "average": 2203.523333333333,
        "current size": 45,
        "first": 2203.62,
        "maximum": 2203.62,
        "minimum": 2203.47,
        "most_common": 2203.47,
        "num_of_zeros": 0,
        "standard_deviation": 0.07180219742850358
    },
    "ecSHB_Set_Current": {
        "average": 2206.6999999999985,
        "current size": 45,
        "first": 2206.7,
        "maximum": 2206.7,
        "minimum": 2206.7,
        "most_common": 2206.7,
        "num_of_zeros": 0,
        "standard_deviation": 1.3642420526593924e-12
    },
    "ecSHMS_Angle": {
        "average": 7.509999999999996,
        "current size": 45,
        "first": 7.51,
        "maximum": 7.51,
        "minimum": 7.51,
        "most_common": 7.51,
        "num_of_zeros": 0,
        "standard_deviation": 3.552713678800501e-15
    },
    "ecSQ1_I_coarse": {
        "average": 1376.9953333333333,
        "current size": 45,
        "first": 1376.99,
        "maximum": 1377.05,
        "minimum": 1376.93,
        "most_common": 1376.99,
        "num_of_zeros": 0,
        "standard_deviation": 0.021249836600659648
    },
    "ecSQ1_Set_Current": {
        "average": 1376.5800000000013,
        "current size": 45,
        "first": 1376.58,
        "maximum": 1376.58,
        "minimum": 1376.58,
        "most_common": 1376.58,
        "num_of_zeros": 0,
        "standard_deviation": 1.3642420526593924e-12
    },
    "ecSQ2_I_coarse": {
        "average": 2304.2240000000006,
        "current size": 45,
        "first": 2304.22,
        "maximum": 2304.28,
        "minimum": 2304.22,
        "most_common": 2304.22,
        "num_of_zeros": 0,
        "standard_deviation": 0.01496662954719559
    },
    "ecSQ2_Set_Current": {
        "average": 2305.8300000000013,
        "current size": 45,
        "first": 2305.83,
        "maximum": 2305.83,
        "minimum": 2305.83,
        "most_common": 2305.83,
        "num_of_zeros": 0,
        "standard_deviation": 1.3642420526593924e-12
    },
    "ecSQ3_I_coarse": {
        "average": 1518.5208888888897,
        "current size": 45,
        "first": 1518.58,
        "maximum": 1518.58,
        "minimum": 1518.51,
        "most_common": 1518.51,
        "num_of_zeros": 0,
        "standard_deviation": 0.025370343335999287
    },
    "ecSQ3_Set_Current": {
        "average": 1517.220000000001,
        "current size": 45,
        "first": 1517.22,
        "maximum": 1517.22,
        "minimum": 1517.22,
        "most_common": 1517.22,
        "num_of_zeros": 0,
        "standard_deviation": 9.094947017729282e-13
    },
    "hcBDSPOS": {
        "average": 24018300.0,
        "current size": 45,
        "first": 24018300.0,
        "maximum": 24018300.0,
        "minimum": 24018300.0,
        "most_common": 24018300.0,
        "num_of_zeros": 0,
        "standard_deviation": 0.0
    }
}
