{
    "RunNumber": "24890",
    "ecDI_B_Set_NMR": {
        "average": 0.9970569999999999,
        "current size": 48,
        "first": 0.997057,
        "maximum": 0.997057,
        "minimum": 0.997057,
        "most_common": 0.997057,
        "num_of_zeros": 0,
        "standard_deviation": 1.1102230246251565e-16
    },
    "ecDI_B_True_NMR": {
        "average": 0.9970514166666667,
        "current size": 48,
        "first": 0.997051,
        "maximum": 0.997053,
        "minimum": 0.99705,
        "most_common": 0.997052,
        "num_of_zeros": 0,
        "standard_deviation": 9.316949906281198e-07
    },
    "ecDI_I_coarse": {
        "average": 1112.9499999999991,
        "current size": 48,
        "first": 1112.95,
        "maximum": 1112.95,
        "minimum": 1112.95,
        "most_common": 1112.95,
        "num_of_zeros": 0,
        "standard_deviation": 9.094947017729282e-13
    },
    "ecDI_Set_Current": {
        "average": 1117.0,
        "current size": 48,
        "first": 1117.0,
        "maximum": 1117.0,
        "minimum": 1117.0,
        "most_common": 1117.0,
        "num_of_zeros": 0,
        "standard_deviation": 0.0
    },
    "ecHMS_Angle": {
        "average": 16.759999999999994,
        "current size": 48,
        "first": 16.76,
        "maximum": 16.76,
        "minimum": 16.76,
        "most_common": 16.76,
        "num_of_zeros": 0,
        "standard_deviation": 7.105427357601002e-15
    },
    "ecQ1_I_coarse": {
        "average": 474.1785000000002,
        "current size": 48,
        "first": 474.181,
        "maximum": 474.181,
        "minimum": 474.161,
        "most_common": 474.161,
        "num_of_zeros": 0,
        "standard_deviation": 0.006614378277655462
    },
    "ecQ1_Set_Current": {
        "average": 474.4799999999996,
        "current size": 48,
        "first": 474.48,
        "maximum": 474.48,
        "minimum": 474.48,
        "most_common": 474.48,
        "num_of_zeros": 0,
        "standard_deviation": 3.979039320256561e-13
    },
    "ecQ2_I_coarse": {
        "average": 377.1954166666665,
        "current size": 48,
        "first": 377.19,
        "maximum": 377.21,
        "minimum": 377.19,
        "most_common": 377.19,
        "num_of_zeros": 0,
        "standard_deviation": 0.008887803753200895
    },
    "ecQ2_Set_Current": {
        "average": 377.268,
        "current size": 48,
        "first": 377.268,
        "maximum": 377.268,
        "minimum": 377.268,
        "most_common": 377.268,
        "num_of_zeros": 0,
        "standard_deviation": 0.0
    },
    "ecQ3_I_coarse": {
        "average": 182.97574999999998,
        "current size": 48,
        "first": 182.972,
        "maximum": 182.992,
        "minimum": 182.972,
        "most_common": 182.972,
        "num_of_zeros": 0,
        "standard_deviation": 0.007806247497990896
    },
    "ecQ3_Set_Current": {
        "average": 183.44599999999994,
        "current size": 48,
        "first": 183.446,
        "maximum": 183.446,
        "minimum": 183.446,
        "most_common": 183.446,
        "num_of_zeros": 0,
        "standard_deviation": 5.684341886080802e-14
    },
    "ecSDI_I_coarse": {
        "average": 2086.1800000000007,
        "current size": 48,
        "first": 2086.22,
        "maximum": 2086.22,
        "minimum": 2086.1,
        "most_common": 2086.1,
        "num_of_zeros": 0,
        "standard_deviation": 0.05656854249487235
    },
    "ecSDI_Set_Current": {
        "average": 2086.0200000000004,
        "current size": 48,
        "first": 2086.02,
        "maximum": 2086.02,
        "minimum": 2086.02,
        "most_common": 2086.02,
        "num_of_zeros": 0,
        "standard_deviation": 4.547473508864641e-13
    },
    "ecSHB_I_coarse": {
        "average": 2203.4950000000003,
        "current size": 48,
        "first": 2203.47,
        "maximum": 2203.62,
        "minimum": 2203.47,
        "most_common": 2203.47,
        "num_of_zeros": 0,
        "standard_deviation": 0.05590169943752865
    },
    "ecSHB_Set_Current": {
        "average": 2206.6999999999985,
        "current size": 48,
        "first": 2206.7,
        "maximum": 2206.7,
        "minimum": 2206.7,
        "most_common": 2206.7,
        "num_of_zeros": 0,
        "standard_deviation": 1.3642420526593924e-12
    },
    "ecSHMS_Angle": {
        "average": 7.509999999999995,
        "current size": 48,
        "first": 7.51,
        "maximum": 7.51,
        "minimum": 7.51,
        "most_common": 7.51,
        "num_of_zeros": 0,
        "standard_deviation": 4.440892098500626e-15
    },
    "ecSQ1_I_coarse": {
        "average": 1376.9937499999999,
        "current size": 48,
        "first": 1376.99,
        "maximum": 1377.05,
        "minimum": 1376.93,
        "most_common": 1376.99,
        "num_of_zeros": 0,
        "standard_deviation": 0.018998355191946054
    },
    "ecSQ1_Set_Current": {
        "average": 1376.580000000001,
        "current size": 48,
        "first": 1376.58,
        "maximum": 1376.58,
        "minimum": 1376.58,
        "most_common": 1376.58,
        "num_of_zeros": 0,
        "standard_deviation": 1.1368683772161603e-12
    },
    "ecSQ2_I_coarse": {
        "average": 2304.225000000001,
        "current size": 48,
        "first": 2304.22,
        "maximum": 2304.28,
        "minimum": 2304.22,
        "most_common": 2304.22,
        "num_of_zeros": 0,
        "standard_deviation": 0.016583123951887598
    },
    "ecSQ2_Set_Current": {
        "average": 2305.8300000000013,
        "current size": 48,
        "first": 2305.83,
        "maximum": 2305.83,
        "minimum": 2305.83,
        "most_common": 2305.83,
        "num_of_zeros": 0,
        "standard_deviation": 1.3642420526593924e-12
    },
    "ecSQ3_I_coarse": {
        "average": 1518.5100000000002,
        "current size": 48,
        "first": 1518.51,
        "maximum": 1518.51,
        "minimum": 1518.51,
        "most_common": 1518.51,
        "num_of_zeros": 0,
        "standard_deviation": 2.2737367544323206e-13
    },
    "ecSQ3_Set_Current": {
        "average": 1517.220000000001,
        "current size": 48,
        "first": 1517.22,
        "maximum": 1517.22,
        "minimum": 1517.22,
        "most_common": 1517.22,
        "num_of_zeros": 0,
        "standard_deviation": 9.094947017729282e-13
    },
    "hcBDSPOS": {
        "average": 24018300.0,
        "current size": 48,
        "first": 24018300.0,
        "maximum": 24018300.0,
        "minimum": 24018300.0,
        "most_common": 24018300.0,
        "num_of_zeros": 0,
        "standard_deviation": 0.0
    }
}
