{
    "RunNumber": "24906",
    "ecDI_B_Set_NMR": {
        "average": 0.997057,
        "current size": 14,
        "first": 0.997057,
        "maximum": 0.997057,
        "minimum": 0.997057,
        "most_common": 0.997057,
        "num_of_zeros": 0,
        "standard_deviation": 0.0
    },
    "ecDI_B_True_NMR": {
        "average": 0.9970576428571428,
        "current size": 14,
        "first": 0.997059,
        "maximum": 0.997059,
        "minimum": 0.997057,
        "most_common": 0.997057,
        "num_of_zeros": 0,
        "standard_deviation": 8.112726208519392e-07
    },
    "ecDI_I_coarse": {
        "average": 1113.0221428571429,
        "current size": 14,
        "first": 1112.99,
        "maximum": 1113.04,
        "minimum": 1112.99,
        "most_common": 1112.99,
        "num_of_zeros": 0,
        "standard_deviation": 0.023957871187475957
    },
    "ecDI_Set_Current": {
        "average": 1117.07,
        "current size": 14,
        "first": 1117.07,
        "maximum": 1117.07,
        "minimum": 1117.07,
        "most_common": 1117.07,
        "num_of_zeros": 0,
        "standard_deviation": 0.0
    },
    "ecHMS_Angle": {
        "average": 16.759999999999998,
        "current size": 14,
        "first": 16.76,
        "maximum": 16.76,
        "minimum": 16.76,
        "most_common": 16.76,
        "num_of_zeros": 0,
        "standard_deviation": 3.552713678800501e-15
    },
    "ecQ1_I_coarse": {
        "average": 474.1795714285713,
        "current size": 14,
        "first": 474.181,
        "maximum": 474.181,
        "minimum": 474.161,
        "most_common": 474.161,
        "num_of_zeros": 0,
        "standard_deviation": 0.005150787536372443
    },
    "ecQ1_Set_Current": {
        "average": 474.47999999999985,
        "current size": 14,
        "first": 474.48,
        "maximum": 474.48,
        "minimum": 474.48,
        "most_common": 474.48,
        "num_of_zeros": 0,
        "standard_deviation": 1.7053025658242404e-13
    },
    "ecQ2_I_coarse": {
        "average": 377.19142857142845,
        "current size": 14,
        "first": 377.19,
        "maximum": 377.21,
        "minimum": 377.19,
        "most_common": 377.19,
        "num_of_zeros": 0,
        "standard_deviation": 0.005150787536372443
    },
    "ecQ2_Set_Current": {
        "average": 377.268,
        "current size": 14,
        "first": 377.268,
        "maximum": 377.268,
        "minimum": 377.268,
        "most_common": 377.268,
        "num_of_zeros": 0,
        "standard_deviation": 0.0
    },
    "ecQ3_I_coarse": {
        "average": 182.9748571428572,
        "current size": 14,
        "first": 182.972,
        "maximum": 182.992,
        "minimum": 182.972,
        "most_common": 182.972,
        "num_of_zeros": 0,
        "standard_deviation": 0.0069985421222312875
    },
    "ecQ3_Set_Current": {
        "average": 183.44599999999994,
        "current size": 14,
        "first": 183.446,
        "maximum": 183.446,
        "minimum": 183.446,
        "most_common": 183.446,
        "num_of_zeros": 0,
        "standard_deviation": 5.684341886080802e-14
    },
    "ecSDI_I_coarse": {
        "average": 2086.142857142857,
        "current size": 14,
        "first": 2086.1,
        "maximum": 2086.22,
        "minimum": 2086.1,
        "most_common": 2086.1,
        "num_of_zeros": 0,
        "standard_deviation": 0.0574988908499423
    },
    "ecSDI_Set_Current": {
        "average": 2086.02,
        "current size": 14,
        "first": 2086.02,
        "maximum": 2086.02,
        "minimum": 2086.02,
        "most_common": 2086.02,
        "num_of_zeros": 0,
        "standard_deviation": 0.0
    },
    "ecSHB_I_coarse": {
        "average": 2203.5771428571425,
        "current size": 14,
        "first": 2203.62,
        "maximum": 2203.62,
        "minimum": 2203.47,
        "most_common": 2203.47,
        "num_of_zeros": 0,
        "standard_deviation": 0.06776309271793494
    },
    "ecSHB_Set_Current": {
        "average": 2206.7000000000003,
        "current size": 14,
        "first": 2206.7,
        "maximum": 2206.7,
        "minimum": 2206.7,
        "most_common": 2206.7,
        "num_of_zeros": 0,
        "standard_deviation": 4.547473508864641e-13
    },
    "ecSHMS_Angle": {
        "average": 7.510000000000001,
        "current size": 14,
        "first": 7.51,
        "maximum": 7.51,
        "minimum": 7.51,
        "most_common": 7.51,
        "num_of_zeros": 0,
        "standard_deviation": 8.881784197001252e-16
    },
    "ecSQ1_I_coarse": {
        "average": 1376.9985714285715,
        "current size": 14,
        "first": 1376.99,
        "maximum": 1377.05,
        "minimum": 1376.99,
        "most_common": 1376.99,
        "num_of_zeros": 0,
        "standard_deviation": 0.02099562636669386
    },
    "ecSQ1_Set_Current": {
        "average": 1376.5800000000002,
        "current size": 14,
        "first": 1376.58,
        "maximum": 1376.58,
        "minimum": 1376.58,
        "most_common": 1376.58,
        "num_of_zeros": 0,
        "standard_deviation": 2.2737367544323206e-13
    },
    "ecSQ2_I_coarse": {
        "average": 2304.224285714286,
        "current size": 14,
        "first": 2304.22,
        "maximum": 2304.28,
        "minimum": 2304.22,
        "most_common": 2304.22,
        "num_of_zeros": 0,
        "standard_deviation": 0.015452362609234447
    },
    "ecSQ2_Set_Current": {
        "average": 2305.830000000001,
        "current size": 14,
        "first": 2305.83,
        "maximum": 2305.83,
        "minimum": 2305.83,
        "most_common": 2305.83,
        "num_of_zeros": 0,
        "standard_deviation": 9.094947017729282e-13
    },
    "ecSQ3_I_coarse": {
        "average": 1518.5399999999997,
        "current size": 14,
        "first": 1518.58,
        "maximum": 1518.58,
        "minimum": 1518.51,
        "most_common": 1518.51,
        "num_of_zeros": 0,
        "standard_deviation": 0.034641016151346044
    },
    "ecSQ3_Set_Current": {
        "average": 1517.22,
        "current size": 14,
        "first": 1517.22,
        "maximum": 1517.22,
        "minimum": 1517.22,
        "most_common": 1517.22,
        "num_of_zeros": 0,
        "standard_deviation": 0.0
    },
    "hcBDSPOS": {
        "average": 4030050.0,
        "current size": 14,
        "first": 4030050.0,
        "maximum": 4030050.0,
        "minimum": 4030050.0,
        "most_common": 4030050.0,
        "num_of_zeros": 0,
        "standard_deviation": 0.0
    }
}
