{
    "RunNumber": "24922",
    "ecDI_B_Set_NMR": {
        "average": 0.9970570000000005,
        "current size": 25,
        "first": 0.997057,
        "maximum": 0.997057,
        "minimum": 0.997057,
        "most_common": 0.997057,
        "num_of_zeros": 0,
        "standard_deviation": 5.551115123125783e-16
    },
    "ecDI_B_True_NMR": {
        "average": 0.9970549999999999,
        "current size": 25,
        "first": 0.997055,
        "maximum": 0.997057,
        "minimum": 0.997053,
        "most_common": 0.997055,
        "num_of_zeros": 0,
        "standard_deviation": 8.944271910157056e-07
    },
    "ecDI_I_coarse": {
        "average": 1113.0140000000006,
        "current size": 25,
        "first": 1113.04,
        "maximum": 1113.04,
        "minimum": 1112.99,
        "most_common": 1112.99,
        "num_of_zeros": 0,
        "standard_deviation": 0.02497999199357088
    },
    "ecDI_Set_Current": {
        "average": 1117.07,
        "current size": 25,
        "first": 1117.07,
        "maximum": 1117.07,
        "minimum": 1117.07,
        "most_common": 1117.07,
        "num_of_zeros": 0,
        "standard_deviation": 0.0
    },
    "ecHMS_Angle": {
        "average": 16.759999999999994,
        "current size": 25,
        "first": 16.76,
        "maximum": 16.76,
        "minimum": 16.76,
        "most_common": 16.76,
        "num_of_zeros": 0,
        "standard_deviation": 7.105427357601002e-15
    },
    "ecQ1_I_coarse": {
        "average": 474.18176,
        "current size": 25,
        "first": 474.181,
        "maximum": 474.2,
        "minimum": 474.181,
        "most_common": 474.181,
        "num_of_zeros": 0,
        "standard_deviation": 0.0037232244090315
    },
    "ecQ1_Set_Current": {
        "average": 474.47999999999973,
        "current size": 25,
        "first": 474.48,
        "maximum": 474.48,
        "minimum": 474.48,
        "most_common": 474.48,
        "num_of_zeros": 0,
        "standard_deviation": 2.8421709430404007e-13
    },
    "ecQ2_I_coarse": {
        "average": 377.19239999999985,
        "current size": 25,
        "first": 377.19,
        "maximum": 377.21,
        "minimum": 377.19,
        "most_common": 377.19,
        "num_of_zeros": 0,
        "standard_deviation": 0.006499230723702858
    },
    "ecQ2_Set_Current": {
        "average": 377.268,
        "current size": 25,
        "first": 377.268,
        "maximum": 377.268,
        "minimum": 377.268,
        "most_common": 377.268,
        "num_of_zeros": 0,
        "standard_deviation": 0.0
    },
    "ecQ3_I_coarse": {
        "average": 182.9752000000001,
        "current size": 25,
        "first": 182.972,
        "maximum": 182.992,
        "minimum": 182.972,
        "most_common": 182.972,
        "num_of_zeros": 0,
        "standard_deviation": 0.0073321211119226765
    },
    "ecQ3_Set_Current": {
        "average": 183.44599999999994,
        "current size": 25,
        "first": 183.446,
        "maximum": 183.446,
        "minimum": 183.446,
        "most_common": 183.446,
        "num_of_zeros": 0,
        "standard_deviation": 5.684341886080802e-14
    },
    "ecSDI_I_coarse": {
        "average": 1553.0312000000006,
        "current size": 25,
        "first": 1553.06,
        "maximum": 1553.06,
        "minimum": 1552.94,
        "most_common": 1552.94,
        "num_of_zeros": 0,
        "standard_deviation": 0.05124997560970368
    },
    "ecSDI_Set_Current": {
        "average": 1553.19,
        "current size": 25,
        "first": 1553.19,
        "maximum": 1553.19,
        "minimum": 1553.19,
        "most_common": 1553.19,
        "num_of_zeros": 0,
        "standard_deviation": 0.0
    },
    "ecSHB_I_coarse": {
        "average": 1621.7960000000007,
        "current size": 25,
        "first": 1621.79,
        "maximum": 1621.94,
        "minimum": 1621.79,
        "most_common": 1621.79,
        "num_of_zeros": 0,
        "standard_deviation": 0.029393876913415964
    },
    "ecSHB_Set_Current": {
        "average": 1624.37,
        "current size": 25,
        "first": 1624.37,
        "maximum": 1624.37,
        "minimum": 1624.37,
        "most_common": 1624.37,
        "num_of_zeros": 0,
        "standard_deviation": 0.0
    },
    "ecSHMS_Angle": {
        "average": 7.509999999999999,
        "current size": 25,
        "first": 7.51,
        "maximum": 7.51,
        "minimum": 7.51,
        "most_common": 7.51,
        "num_of_zeros": 0,
        "standard_deviation": 8.881784197001252e-16
    },
    "ecSQ1_I_coarse": {
        "average": 1022.4076,
        "current size": 25,
        "first": 1022.41,
        "maximum": 1022.41,
        "minimum": 1022.35,
        "most_common": 1022.35,
        "num_of_zeros": 0,
        "standard_deviation": 0.011757550765348556
    },
    "ecSQ1_Set_Current": {
        "average": 1022.1300000000001,
        "current size": 25,
        "first": 1022.13,
        "maximum": 1022.13,
        "minimum": 1022.13,
        "most_common": 1022.13,
        "num_of_zeros": 0,
        "standard_deviation": 1.1368683772161603e-13
    },
    "ecSQ2_I_coarse": {
        "average": 1715.7576,
        "current size": 25,
        "first": 1715.76,
        "maximum": 1715.76,
        "minimum": 1715.7,
        "most_common": 1715.7,
        "num_of_zeros": 0,
        "standard_deviation": 0.011757550765348566
    },
    "ecSQ2_Set_Current": {
        "average": 1716.8499999999992,
        "current size": 25,
        "first": 1716.85,
        "maximum": 1716.85,
        "minimum": 1716.85,
        "most_common": 1716.85,
        "num_of_zeros": 0,
        "standard_deviation": 6.821210263296962e-13
    },
    "ecSQ3_I_coarse": {
        "average": 1130.6132000000005,
        "current size": 25,
        "first": 1130.63,
        "maximum": 1130.63,
        "minimum": 1130.57,
        "most_common": 1130.57,
        "num_of_zeros": 0,
        "standard_deviation": 0.02693993318484996
    },
    "ecSQ3_Set_Current": {
        "average": 1129.6699999999994,
        "current size": 25,
        "first": 1129.67,
        "maximum": 1129.67,
        "minimum": 1129.67,
        "most_common": 1129.67,
        "num_of_zeros": 0,
        "standard_deviation": 6.821210263296962e-13
    },
    "hcBDSPOS": {
        "average": 24018300.0,
        "current size": 25,
        "first": 24018300.0,
        "maximum": 24018300.0,
        "minimum": 24018300.0,
        "most_common": 24018300.0,
        "num_of_zeros": 0,
        "standard_deviation": 0.0
    }
}
