{
    "RunNumber": "25055",
    "ecDI_B_Set_NMR": {
        "average": 0.9970570000000002,
        "current size": 20,
        "first": 0.997057,
        "maximum": 0.997057,
        "minimum": 0.997057,
        "most_common": 0.997057,
        "num_of_zeros": 0,
        "standard_deviation": 2.220446049250313e-16
    },
    "ecDI_B_True_NMR": {
        "average": 0.9970508499999999,
        "current size": 20,
        "first": 0.997051,
        "maximum": 0.997053,
        "minimum": 0.997049,
        "most_common": 0.997051,
        "num_of_zeros": 0,
        "standard_deviation": 1.013656746653039e-06
    },
    "ecDI_I_coarse": {
        "average": 1113.0425000000005,
        "current size": 20,
        "first": 1113.09,
        "maximum": 1113.09,
        "minimum": 1113.04,
        "most_common": 1113.04,
        "num_of_zeros": 0,
        "standard_deviation": 0.01089724735884178
    },
    "ecDI_Set_Current": {
        "average": 1117.07,
        "current size": 20,
        "first": 1117.07,
        "maximum": 1117.07,
        "minimum": 1117.07,
        "most_common": 1117.07,
        "num_of_zeros": 0,
        "standard_deviation": 0.0
    },
    "ecHMS_Angle": {
        "average": 16.75,
        "current size": 20,
        "first": 16.75,
        "maximum": 16.75,
        "minimum": 16.75,
        "most_common": 16.75,
        "num_of_zeros": 0,
        "standard_deviation": 0.0
    },
    "ecQ1_I_coarse": {
        "average": 474.18099999999987,
        "current size": 20,
        "first": 474.181,
        "maximum": 474.181,
        "minimum": 474.181,
        "most_common": 474.181,
        "num_of_zeros": 0,
        "standard_deviation": 1.1368683772161603e-13
    },
    "ecQ1_Set_Current": {
        "average": 474.47999999999973,
        "current size": 20,
        "first": 474.48,
        "maximum": 474.48,
        "minimum": 474.48,
        "most_common": 474.48,
        "num_of_zeros": 0,
        "standard_deviation": 2.8421709430404007e-13
    },
    "ecQ2_I_coarse": {
        "average": 377.1899999999998,
        "current size": 20,
        "first": 377.19,
        "maximum": 377.19,
        "minimum": 377.19,
        "most_common": 377.19,
        "num_of_zeros": 0,
        "standard_deviation": 1.7053025658242404e-13
    },
    "ecQ2_Set_Current": {
        "average": 377.268,
        "current size": 20,
        "first": 377.268,
        "maximum": 377.268,
        "minimum": 377.268,
        "most_common": 377.268,
        "num_of_zeros": 0,
        "standard_deviation": 0.0
    },
    "ecQ3_I_coarse": {
        "average": 182.9720000000001,
        "current size": 20,
        "first": 182.972,
        "maximum": 182.972,
        "minimum": 182.972,
        "most_common": 182.972,
        "num_of_zeros": 0,
        "standard_deviation": 8.526512829121202e-14
    },
    "ecQ3_Set_Current": {
        "average": 183.44599999999994,
        "current size": 20,
        "first": 183.446,
        "maximum": 183.446,
        "minimum": 183.446,
        "most_common": 183.446,
        "num_of_zeros": 0,
        "standard_deviation": 5.684341886080802e-14
    },
    "ecSDI_I_coarse": {
        "average": 1553.0600000000004,
        "current size": 20,
        "first": 1553.06,
        "maximum": 1553.06,
        "minimum": 1553.06,
        "most_common": 1553.06,
        "num_of_zeros": 0,
        "standard_deviation": 4.547473508864641e-13
    },
    "ecSDI_Set_Current": {
        "average": 1553.1899999999996,
        "current size": 20,
        "first": 1553.19,
        "maximum": 1553.19,
        "minimum": 1553.19,
        "most_common": 1553.19,
        "num_of_zeros": 0,
        "standard_deviation": 4.547473508864641e-13
    },
    "ecSHB_I_coarse": {
        "average": 1621.9324999999994,
        "current size": 20,
        "first": 1621.94,
        "maximum": 1621.94,
        "minimum": 1621.79,
        "most_common": 1621.79,
        "num_of_zeros": 0,
        "standard_deviation": 0.03269174207657488
    },
    "ecSHB_Set_Current": {
        "average": 1624.3699999999994,
        "current size": 20,
        "first": 1624.37,
        "maximum": 1624.37,
        "minimum": 1624.37,
        "most_common": 1624.37,
        "num_of_zeros": 0,
        "standard_deviation": 4.547473508864641e-13
    },
    "ecSHMS_Angle": {
        "average": 7.510000000000001,
        "current size": 20,
        "first": 7.51,
        "maximum": 7.51,
        "minimum": 7.51,
        "most_common": 7.51,
        "num_of_zeros": 0,
        "standard_deviation": 8.881784197001252e-16
    },
    "ecSQ1_I_coarse": {
        "average": 1022.4100000000001,
        "current size": 20,
        "first": 1022.41,
        "maximum": 1022.41,
        "minimum": 1022.41,
        "most_common": 1022.41,
        "num_of_zeros": 0,
        "standard_deviation": 1.1368683772161603e-13
    },
    "ecSQ1_Set_Current": {
        "average": 1022.1299999999999,
        "current size": 20,
        "first": 1022.13,
        "maximum": 1022.13,
        "minimum": 1022.13,
        "most_common": 1022.13,
        "num_of_zeros": 0,
        "standard_deviation": 1.1368683772161603e-13
    },
    "ecSQ2_I_coarse": {
        "average": 1715.7000000000003,
        "current size": 20,
        "first": 1715.7,
        "maximum": 1715.7,
        "minimum": 1715.7,
        "most_common": 1715.7,
        "num_of_zeros": 0,
        "standard_deviation": 2.2737367544323206e-13
    },
    "ecSQ2_Set_Current": {
        "average": 1716.8499999999992,
        "current size": 20,
        "first": 1716.85,
        "maximum": 1716.85,
        "minimum": 1716.85,
        "most_common": 1716.85,
        "num_of_zeros": 0,
        "standard_deviation": 6.821210263296962e-13
    },
    "ecSQ3_I_coarse": {
        "average": 1130.6450000000002,
        "current size": 20,
        "first": 1130.57,
        "maximum": 1130.69,
        "minimum": 1130.57,
        "most_common": 1130.63,
        "num_of_zeros": 0,
        "standard_deviation": 0.032171415884288075
    },
    "ecSQ3_Set_Current": {
        "average": 1129.6699999999996,
        "current size": 20,
        "first": 1129.67,
        "maximum": 1129.67,
        "minimum": 1129.67,
        "most_common": 1129.67,
        "num_of_zeros": 0,
        "standard_deviation": 4.547473508864641e-13
    },
    "hcBDSPOS": {
        "average": 24018300.0,
        "current size": 20,
        "first": 24018300.0,
        "maximum": 24018300.0,
        "minimum": 24018300.0,
        "most_common": 24018300.0,
        "num_of_zeros": 0,
        "standard_deviation": 0.0
    }
}
