{
    "RunNumber": "25061",
    "ecDI_B_Set_NMR": {
        "average": 0.997056999999999,
        "current size": 100,
        "first": 0.997057,
        "maximum": 0.997057,
        "minimum": 0.997057,
        "most_common": 0.997057,
        "num_of_zeros": 0,
        "standard_deviation": 9.992007221626409e-16
    },
    "ecDI_B_True_NMR": {
        "average": 0.9968143499999994,
        "current size": 100,
        "first": 0.997051,
        "maximum": 0.997053,
        "minimum": 0.973382,
        "most_common": 0.997051,
        "num_of_zeros": 0,
        "standard_deviation": 0.0023550399502980887
    },
    "ecDI_I_coarse": {
        "average": 1113.0190000000002,
        "current size": 100,
        "first": 1113.04,
        "maximum": 1113.04,
        "minimum": 1112.99,
        "most_common": 1112.99,
        "num_of_zeros": 0,
        "standard_deviation": 0.024677925358483694
    },
    "ecDI_Set_Current": {
        "average": 1117.0700000000027,
        "current size": 100,
        "first": 1117.07,
        "maximum": 1117.07,
        "minimum": 1117.07,
        "most_common": 1117.07,
        "num_of_zeros": 0,
        "standard_deviation": 2.7284841053187847e-12
    },
    "ecHMS_Angle": {
        "average": 16.75,
        "current size": 100,
        "first": 16.75,
        "maximum": 16.75,
        "minimum": 16.75,
        "most_common": 16.75,
        "num_of_zeros": 0,
        "standard_deviation": 0.0
    },
    "ecQ1_I_coarse": {
        "average": 474.17859999999934,
        "current size": 100,
        "first": 474.181,
        "maximum": 474.181,
        "minimum": 474.161,
        "most_common": 474.161,
        "num_of_zeros": 0,
        "standard_deviation": 0.0064992307237028545
    },
    "ecQ1_Set_Current": {
        "average": 474.4800000000007,
        "current size": 100,
        "first": 474.48,
        "maximum": 474.48,
        "minimum": 474.48,
        "most_common": 474.48,
        "num_of_zeros": 0,
        "standard_deviation": 6.821210263296962e-13
    },
    "ecQ2_I_coarse": {
        "average": 377.18980999999985,
        "current size": 100,
        "first": 377.19,
        "maximum": 377.19,
        "minimum": 377.171,
        "most_common": 377.171,
        "num_of_zeros": 0,
        "standard_deviation": 0.0018904761305031186
    },
    "ecQ2_Set_Current": {
        "average": 377.2679999999995,
        "current size": 100,
        "first": 377.268,
        "maximum": 377.268,
        "minimum": 377.268,
        "most_common": 377.268,
        "num_of_zeros": 0,
        "standard_deviation": 4.547473508864641e-13
    },
    "ecQ3_I_coarse": {
        "average": 182.97200000000004,
        "current size": 100,
        "first": 182.972,
        "maximum": 182.972,
        "minimum": 182.972,
        "most_common": 182.972,
        "num_of_zeros": 0,
        "standard_deviation": 2.842170943040401e-14
    },
    "ecQ3_Set_Current": {
        "average": 183.44599999999994,
        "current size": 100,
        "first": 183.446,
        "maximum": 183.446,
        "minimum": 183.446,
        "most_common": 183.446,
        "num_of_zeros": 0,
        "standard_deviation": 5.684341886080802e-14
    },
    "ecSDI_I_coarse": {
        "average": 1553.0599999999984,
        "current size": 100,
        "first": 1553.06,
        "maximum": 1553.06,
        "minimum": 1553.06,
        "most_common": 1553.06,
        "num_of_zeros": 0,
        "standard_deviation": 1.5916157281026244e-12
    },
    "ecSDI_Set_Current": {
        "average": 1553.1900000000016,
        "current size": 100,
        "first": 1553.19,
        "maximum": 1553.19,
        "minimum": 1553.19,
        "most_common": 1553.19,
        "num_of_zeros": 0,
        "standard_deviation": 1.5916157281026244e-12
    },
    "ecSHB_I_coarse": {
        "average": 1621.9175000000018,
        "current size": 100,
        "first": 1621.94,
        "maximum": 1621.94,
        "minimum": 1621.79,
        "most_common": 1621.79,
        "num_of_zeros": 0,
        "standard_deviation": 0.0535607132141038
    },
    "ecSHB_Set_Current": {
        "average": 1624.3699999999976,
        "current size": 100,
        "first": 1624.37,
        "maximum": 1624.37,
        "minimum": 1624.37,
        "most_common": 1624.37,
        "num_of_zeros": 0,
        "standard_deviation": 2.2737367544323206e-12
    },
    "ecSHMS_Angle": {
        "average": 7.509999999999994,
        "current size": 100,
        "first": 7.51,
        "maximum": 7.51,
        "minimum": 7.51,
        "most_common": 7.51,
        "num_of_zeros": 0,
        "standard_deviation": 6.217248937900877e-15
    },
    "ecSQ1_I_coarse": {
        "average": 1022.4136000000021,
        "current size": 100,
        "first": 1022.41,
        "maximum": 1022.47,
        "minimum": 1022.41,
        "most_common": 1022.41,
        "num_of_zeros": 0,
        "standard_deviation": 0.01424921050445954
    },
    "ecSQ1_Set_Current": {
        "average": 1022.1300000000009,
        "current size": 100,
        "first": 1022.13,
        "maximum": 1022.13,
        "minimum": 1022.13,
        "most_common": 1022.13,
        "num_of_zeros": 0,
        "standard_deviation": 9.094947017729282e-13
    },
    "ecSQ2_I_coarse": {
        "average": 1715.7000000000012,
        "current size": 100,
        "first": 1715.7,
        "maximum": 1715.7,
        "minimum": 1715.7,
        "most_common": 1715.7,
        "num_of_zeros": 0,
        "standard_deviation": 1.1368683772161603e-12
    },
    "ecSQ2_Set_Current": {
        "average": 1716.850000000003,
        "current size": 100,
        "first": 1716.85,
        "maximum": 1716.85,
        "minimum": 1716.85,
        "most_common": 1716.85,
        "num_of_zeros": 0,
        "standard_deviation": 3.183231456205249e-12
    },
    "ecSQ3_I_coarse": {
        "average": 1130.6585000000016,
        "current size": 100,
        "first": 1130.63,
        "maximum": 1130.76,
        "minimum": 1130.63,
        "most_common": 1130.63,
        "num_of_zeros": 0,
        "standard_deviation": 0.03421622422182014
    },
    "ecSQ3_Set_Current": {
        "average": 1129.6699999999985,
        "current size": 100,
        "first": 1129.67,
        "maximum": 1129.67,
        "minimum": 1129.67,
        "most_common": 1129.67,
        "num_of_zeros": 0,
        "standard_deviation": 1.5916157281026244e-12
    },
    "hcBDSPOS": {
        "average": 4030050.0,
        "current size": 100,
        "first": 4030050.0,
        "maximum": 4030050.0,
        "minimum": 4030050.0,
        "most_common": 4030050.0,
        "num_of_zeros": 0,
        "standard_deviation": 0.0
    }
}
