{
    "RunNumber": "25165",
    "ecDI_B_Set_NMR": {
        "average": 0.9970569999999991,
        "current size": 83,
        "first": 0.997057,
        "maximum": 0.997057,
        "minimum": 0.997057,
        "most_common": 0.997057,
        "num_of_zeros": 0,
        "standard_deviation": 8.881784197001252e-16
    },
    "ecDI_B_True_NMR": {
        "average": 0.9969670240963853,
        "current size": 83,
        "first": 0.996967,
        "maximum": 0.996969,
        "minimum": 0.996965,
        "most_common": 0.996967,
        "num_of_zeros": 0,
        "standard_deviation": 9.180375036740831e-07
    },
    "ecDI_I_coarse": {
        "average": 1112.938554216866,
        "current size": 83,
        "first": 1112.95,
        "maximum": 1112.95,
        "minimum": 1112.9,
        "most_common": 1112.9,
        "num_of_zeros": 0,
        "standard_deviation": 0.02100674189656245
    },
    "ecDI_Set_Current": {
        "average": 1117.0,
        "current size": 83,
        "first": 1117.0,
        "maximum": 1117.0,
        "minimum": 1117.0,
        "most_common": 1117.0,
        "num_of_zeros": 0,
        "standard_deviation": 0.0
    },
    "ecHMS_Angle": {
        "average": 16.75,
        "current size": 83,
        "first": 16.75,
        "maximum": 16.75,
        "minimum": 16.75,
        "most_common": 16.75,
        "num_of_zeros": 0,
        "standard_deviation": 0.0
    },
    "ecQ1_I_coarse": {
        "average": 474.18580722891545,
        "current size": 83,
        "first": 474.2,
        "maximum": 474.2,
        "minimum": 474.181,
        "most_common": 474.181,
        "num_of_zeros": 0,
        "standard_deviation": 0.008260018132549502
    },
    "ecQ1_Set_Current": {
        "average": 474.48000000000025,
        "current size": 83,
        "first": 474.48,
        "maximum": 474.48,
        "minimum": 474.48,
        "most_common": 474.48,
        "num_of_zeros": 0,
        "standard_deviation": 2.2737367544323206e-13
    },
    "ecQ2_I_coarse": {
        "average": 377.19096385542116,
        "current size": 83,
        "first": 377.19,
        "maximum": 377.21,
        "minimum": 377.19,
        "most_common": 377.19,
        "num_of_zeros": 0,
        "standard_deviation": 0.004283467189063862
    },
    "ecQ2_Set_Current": {
        "average": 377.268,
        "current size": 83,
        "first": 377.268,
        "maximum": 377.268,
        "minimum": 377.268,
        "most_common": 377.268,
        "num_of_zeros": 0,
        "standard_deviation": 0.0
    },
    "ecQ3_I_coarse": {
        "average": 182.97296385542154,
        "current size": 83,
        "first": 182.972,
        "maximum": 182.992,
        "minimum": 182.972,
        "most_common": 182.972,
        "num_of_zeros": 0,
        "standard_deviation": 0.004283467189063852
    },
    "ecQ3_Set_Current": {
        "average": 183.44599999999994,
        "current size": 83,
        "first": 183.446,
        "maximum": 183.446,
        "minimum": 183.446,
        "most_common": 183.446,
        "num_of_zeros": 0,
        "standard_deviation": 5.684341886080802e-14
    },
    "ecSDI_I_coarse": {
        "average": 1553.0599999999984,
        "current size": 83,
        "first": 1553.06,
        "maximum": 1553.06,
        "minimum": 1553.06,
        "most_common": 1553.06,
        "num_of_zeros": 0,
        "standard_deviation": 1.5916157281026244e-12
    },
    "ecSDI_Set_Current": {
        "average": 1553.1900000000016,
        "current size": 83,
        "first": 1553.19,
        "maximum": 1553.19,
        "minimum": 1553.19,
        "most_common": 1553.19,
        "num_of_zeros": 0,
        "standard_deviation": 1.5916157281026244e-12
    },
    "ecSHB_I_coarse": {
        "average": 1621.864096385542,
        "current size": 83,
        "first": 1621.79,
        "maximum": 1621.94,
        "minimum": 1621.79,
        "most_common": 1621.79,
        "num_of_zeros": 0,
        "standard_deviation": 0.07499455634190008
    },
    "ecSHB_Set_Current": {
        "average": 1624.369999999998,
        "current size": 83,
        "first": 1624.37,
        "maximum": 1624.37,
        "minimum": 1624.37,
        "most_common": 1624.37,
        "num_of_zeros": 0,
        "standard_deviation": 1.8189894035458565e-12
    },
    "ecSHMS_Angle": {
        "average": 10.30999999999998,
        "current size": 83,
        "first": 10.31,
        "maximum": 10.31,
        "minimum": 10.31,
        "most_common": 10.31,
        "num_of_zeros": 0,
        "standard_deviation": 2.1316282072803006e-14
    },
    "ecSQ1_I_coarse": {
        "average": 1022.4049397590379,
        "current size": 83,
        "first": 1022.41,
        "maximum": 1022.47,
        "minimum": 1022.35,
        "most_common": 1022.41,
        "num_of_zeros": 0,
        "standard_deviation": 0.019098570814863776
    },
    "ecSQ1_Set_Current": {
        "average": 1022.1300000000001,
        "current size": 83,
        "first": 1022.13,
        "maximum": 1022.13,
        "minimum": 1022.13,
        "most_common": 1022.13,
        "num_of_zeros": 0,
        "standard_deviation": 1.1368683772161603e-13
    },
    "ecSQ2_I_coarse": {
        "average": 1715.7086746987943,
        "current size": 83,
        "first": 1715.7,
        "maximum": 1715.76,
        "minimum": 1715.7,
        "most_common": 1715.7,
        "num_of_zeros": 0,
        "standard_deviation": 0.02110051014840455
    },
    "ecSQ2_Set_Current": {
        "average": 1716.8500000000026,
        "current size": 83,
        "first": 1716.85,
        "maximum": 1716.85,
        "minimum": 1716.85,
        "most_common": 1716.85,
        "num_of_zeros": 0,
        "standard_deviation": 2.7284841053187847e-12
    },
    "ecSQ3_I_coarse": {
        "average": 1130.6213253012058,
        "current size": 83,
        "first": 1130.63,
        "maximum": 1130.63,
        "minimum": 1130.57,
        "most_common": 1130.57,
        "num_of_zeros": 0,
        "standard_deviation": 0.02110051014848452
    },
    "ecSQ3_Set_Current": {
        "average": 1129.6699999999987,
        "current size": 83,
        "first": 1129.67,
        "maximum": 1129.67,
        "minimum": 1129.67,
        "most_common": 1129.67,
        "num_of_zeros": 0,
        "standard_deviation": 1.3642420526593924e-12
    },
    "hcBDSPOS": {
        "average": 4030050.0,
        "current size": 83,
        "first": 4030050.0,
        "maximum": 4030050.0,
        "minimum": 4030050.0,
        "most_common": 4030050.0,
        "num_of_zeros": 0,
        "standard_deviation": 0.0
    }
}
