{
    "RunNumber": "25193",
    "ecDI_B_Set_NMR": {
        "average": 0.9970569999999995,
        "current size": 59,
        "first": 0.997057,
        "maximum": 0.997057,
        "minimum": 0.997057,
        "most_common": 0.997057,
        "num_of_zeros": 0,
        "standard_deviation": 4.440892098500626e-16
    },
    "ecDI_B_True_NMR": {
        "average": 0.9969686440677966,
        "current size": 59,
        "first": 0.996967,
        "maximum": 0.99697,
        "minimum": 0.996967,
        "most_common": 0.996968,
        "num_of_zeros": 0,
        "standard_deviation": 8.975052403389953e-07
    },
    "ecDI_I_coarse": {
        "average": 1112.9899999999993,
        "current size": 59,
        "first": 1112.99,
        "maximum": 1112.99,
        "minimum": 1112.99,
        "most_common": 1112.99,
        "num_of_zeros": 0,
        "standard_deviation": 6.821210263296962e-13
    },
    "ecDI_Set_Current": {
        "average": 1117.0,
        "current size": 59,
        "first": 1117.0,
        "maximum": 1117.0,
        "minimum": 1117.0,
        "most_common": 1117.0,
        "num_of_zeros": 0,
        "standard_deviation": 0.0
    },
    "ecHMS_Angle": {
        "average": 16.75,
        "current size": 59,
        "first": 16.75,
        "maximum": 16.75,
        "minimum": 16.75,
        "most_common": 16.75,
        "num_of_zeros": 0,
        "standard_deviation": 0.0
    },
    "ecQ1_I_coarse": {
        "average": 474.18454237288165,
        "current size": 59,
        "first": 474.181,
        "maximum": 474.2,
        "minimum": 474.181,
        "most_common": 474.181,
        "num_of_zeros": 0,
        "standard_deviation": 0.007399775612491794
    },
    "ecQ1_Set_Current": {
        "average": 474.4799999999996,
        "current size": 59,
        "first": 474.48,
        "maximum": 474.48,
        "minimum": 474.48,
        "most_common": 474.48,
        "num_of_zeros": 0,
        "standard_deviation": 3.979039320256561e-13
    },
    "ecQ2_I_coarse": {
        "average": 377.19406779660994,
        "current size": 59,
        "first": 377.19,
        "maximum": 377.21,
        "minimum": 377.19,
        "most_common": 377.19,
        "num_of_zeros": 0,
        "standard_deviation": 0.008050401414933636
    },
    "ecQ2_Set_Current": {
        "average": 377.268,
        "current size": 59,
        "first": 377.268,
        "maximum": 377.268,
        "minimum": 377.268,
        "most_common": 377.268,
        "num_of_zeros": 0,
        "standard_deviation": 0.0
    },
    "ecQ3_I_coarse": {
        "average": 182.97403389830504,
        "current size": 59,
        "first": 182.972,
        "maximum": 182.992,
        "minimum": 182.972,
        "most_common": 182.972,
        "num_of_zeros": 0,
        "standard_deviation": 0.006044933728851115
    },
    "ecQ3_Set_Current": {
        "average": 183.44599999999994,
        "current size": 59,
        "first": 183.446,
        "maximum": 183.446,
        "minimum": 183.446,
        "most_common": 183.446,
        "num_of_zeros": 0,
        "standard_deviation": 5.684341886080802e-14
    },
    "ecSDI_I_coarse": {
        "average": 1158.5400000000004,
        "current size": 59,
        "first": 1158.54,
        "maximum": 1158.54,
        "minimum": 1158.54,
        "most_common": 1158.54,
        "num_of_zeros": 0,
        "standard_deviation": 4.547473508864641e-13
    },
    "ecSDI_Set_Current": {
        "average": 1158.8300000000013,
        "current size": 59,
        "first": 1158.83,
        "maximum": 1158.83,
        "minimum": 1158.83,
        "most_common": 1158.83,
        "num_of_zeros": 0,
        "standard_deviation": 1.3642420526593924e-12
    },
    "ecSHB_I_coarse": {
        "average": 1203.4584745762716,
        "current size": 59,
        "first": 1203.55,
        "maximum": 1203.55,
        "minimum": 1203.4,
        "most_common": 1203.4,
        "num_of_zeros": 0,
        "standard_deviation": 0.07315675205046647
    },
    "ecSHB_Set_Current": {
        "average": 1205.4700000000007,
        "current size": 59,
        "first": 1205.47,
        "maximum": 1205.47,
        "minimum": 1205.47,
        "most_common": 1205.47,
        "num_of_zeros": 0,
        "standard_deviation": 6.821210263296962e-13
    },
    "ecSHMS_Angle": {
        "average": 10.309999999999992,
        "current size": 59,
        "first": 10.31,
        "maximum": 10.31,
        "minimum": 10.31,
        "most_common": 10.31,
        "num_of_zeros": 0,
        "standard_deviation": 8.881784197001252e-15
    },
    "ecSQ1_I_coarse": {
        "average": 762.8241525423739,
        "current size": 59,
        "first": 762.821,
        "maximum": 762.883,
        "minimum": 762.821,
        "most_common": 762.821,
        "num_of_zeros": 0,
        "standard_deviation": 0.013620539772927591
    },
    "ecSQ1_Set_Current": {
        "average": 762.6100000000005,
        "current size": 59,
        "first": 762.61,
        "maximum": 762.61,
        "minimum": 762.61,
        "most_common": 762.61,
        "num_of_zeros": 0,
        "standard_deviation": 4.547473508864641e-13
    },
    "ecSQ2_I_coarse": {
        "average": 1280.2100000000003,
        "current size": 59,
        "first": 1280.21,
        "maximum": 1280.21,
        "minimum": 1280.21,
        "most_common": 1280.21,
        "num_of_zeros": 0,
        "standard_deviation": 2.2737367544323206e-13
    },
    "ecSQ2_Set_Current": {
        "average": 1280.9400000000012,
        "current size": 59,
        "first": 1280.94,
        "maximum": 1280.94,
        "minimum": 1280.94,
        "most_common": 1280.94,
        "num_of_zeros": 0,
        "standard_deviation": 1.1368683772161603e-12
    },
    "ecSQ3_I_coarse": {
        "average": 843.5550338983055,
        "current size": 59,
        "first": 843.523,
        "maximum": 843.586,
        "minimum": 843.523,
        "most_common": 843.523,
        "num_of_zeros": 0,
        "standard_deviation": 0.031495475113092926
    },
    "ecSQ3_Set_Current": {
        "average": 842.8459999999995,
        "current size": 59,
        "first": 842.846,
        "maximum": 842.846,
        "minimum": 842.846,
        "most_common": 842.846,
        "num_of_zeros": 0,
        "standard_deviation": 4.547473508864641e-13
    },
    "hcBDSPOS": {
        "average": 5460580.0,
        "current size": 59,
        "first": 5460580.0,
        "maximum": 5460580.0,
        "minimum": 5460580.0,
        "most_common": 5460580.0,
        "num_of_zeros": 0,
        "standard_deviation": 0.0
    }
}
