{
    "RunNumber": "25244",
    "ecDI_B_Set_NMR": {
        "average": 0.9970570000000006,
        "current size": 28,
        "first": 0.997057,
        "maximum": 0.997057,
        "minimum": 0.997057,
        "most_common": 0.997057,
        "num_of_zeros": 0,
        "standard_deviation": 6.661338147750939e-16
    },
    "ecDI_B_True_NMR": {
        "average": 0.9969699285714285,
        "current size": 28,
        "first": 0.99697,
        "maximum": 0.996972,
        "minimum": 0.996968,
        "most_common": 0.99697,
        "num_of_zeros": 0,
        "standard_deviation": 1.0666560373772778e-06
    },
    "ecDI_I_coarse": {
        "average": 1112.9814285714294,
        "current size": 28,
        "first": 1112.99,
        "maximum": 1112.99,
        "minimum": 1112.95,
        "most_common": 1112.95,
        "num_of_zeros": 0,
        "standard_deviation": 0.016413036132950864
    },
    "ecDI_Set_Current": {
        "average": 1117.0,
        "current size": 28,
        "first": 1117.0,
        "maximum": 1117.0,
        "minimum": 1117.0,
        "most_common": 1117.0,
        "num_of_zeros": 0,
        "standard_deviation": 0.0
    },
    "ecHMS_Angle": {
        "average": 16.75,
        "current size": 28,
        "first": 16.75,
        "maximum": 16.75,
        "minimum": 16.75,
        "most_common": 16.75,
        "num_of_zeros": 0,
        "standard_deviation": 0.0
    },
    "ecQ1_I_coarse": {
        "average": 474.1932142857144,
        "current size": 28,
        "first": 474.2,
        "maximum": 474.2,
        "minimum": 474.181,
        "most_common": 474.181,
        "num_of_zeros": 0,
        "standard_deviation": 0.009103991051251759
    },
    "ecQ1_Set_Current": {
        "average": 474.4799999999997,
        "current size": 28,
        "first": 474.48,
        "maximum": 474.48,
        "minimum": 474.48,
        "most_common": 474.48,
        "num_of_zeros": 0,
        "standard_deviation": 3.410605131648481e-13
    },
    "ecQ2_I_coarse": {
        "average": 377.2,
        "current size": 28,
        "first": 377.19,
        "maximum": 377.21,
        "minimum": 377.19,
        "most_common": 377.19,
        "num_of_zeros": 0,
        "standard_deviation": 0.009999999999990905
    },
    "ecQ2_Set_Current": {
        "average": 377.268,
        "current size": 28,
        "first": 377.268,
        "maximum": 377.268,
        "minimum": 377.268,
        "most_common": 377.268,
        "num_of_zeros": 0,
        "standard_deviation": 0.0
    },
    "ecQ3_I_coarse": {
        "average": 182.97628571428575,
        "current size": 28,
        "first": 182.972,
        "maximum": 182.992,
        "minimum": 182.972,
        "most_common": 182.972,
        "num_of_zeros": 0,
        "standard_deviation": 0.008206518066475434
    },
    "ecQ3_Set_Current": {
        "average": 183.44599999999994,
        "current size": 28,
        "first": 183.446,
        "maximum": 183.446,
        "minimum": 183.446,
        "most_common": 183.446,
        "num_of_zeros": 0,
        "standard_deviation": 5.684341886080802e-14
    },
    "ecSDI_I_coarse": {
        "average": 2086.215714285715,
        "current size": 28,
        "first": 2086.22,
        "maximum": 2086.22,
        "minimum": 2086.1,
        "most_common": 2086.1,
        "num_of_zeros": 0,
        "standard_deviation": 0.022269224668722457
    },
    "ecSDI_Set_Current": {
        "average": 2086.0199999999986,
        "current size": 28,
        "first": 2086.02,
        "maximum": 2086.02,
        "minimum": 2086.02,
        "most_common": 2086.02,
        "num_of_zeros": 0,
        "standard_deviation": 1.3642420526593924e-12
    },
    "ecSHB_I_coarse": {
        "average": 2203.6039285714296,
        "current size": 28,
        "first": 2203.62,
        "maximum": 2203.62,
        "minimum": 2203.47,
        "most_common": 2203.47,
        "num_of_zeros": 0,
        "standard_deviation": 0.04639421805990877
    },
    "ecSHB_Set_Current": {
        "average": 2206.699999999999,
        "current size": 28,
        "first": 2206.7,
        "maximum": 2206.7,
        "minimum": 2206.7,
        "most_common": 2206.7,
        "num_of_zeros": 0,
        "standard_deviation": 9.094947017729282e-13
    },
    "ecSHMS_Angle": {
        "average": 10.31,
        "current size": 28,
        "first": 10.31,
        "maximum": 10.31,
        "minimum": 10.31,
        "most_common": 10.31,
        "num_of_zeros": 0,
        "standard_deviation": 0.0
    },
    "ecSQ1_I_coarse": {
        "average": 1377.02,
        "current size": 28,
        "first": 1377.05,
        "maximum": 1377.05,
        "minimum": 1376.99,
        "most_common": 1376.99,
        "num_of_zeros": 0,
        "standard_deviation": 0.02999999999997272
    },
    "ecSQ1_Set_Current": {
        "average": 1376.580000000001,
        "current size": 28,
        "first": 1376.58,
        "maximum": 1376.58,
        "minimum": 1376.58,
        "most_common": 1376.58,
        "num_of_zeros": 0,
        "standard_deviation": 1.1368683772161603e-12
    },
    "ecSQ2_I_coarse": {
        "average": 2304.215714285715,
        "current size": 28,
        "first": 2304.22,
        "maximum": 2304.22,
        "minimum": 2304.16,
        "most_common": 2304.16,
        "num_of_zeros": 0,
        "standard_deviation": 0.015452362609117335
    },
    "ecSQ2_Set_Current": {
        "average": 2305.8300000000013,
        "current size": 28,
        "first": 2305.83,
        "maximum": 2305.83,
        "minimum": 2305.83,
        "most_common": 2305.83,
        "num_of_zeros": 0,
        "standard_deviation": 1.3642420526593924e-12
    },
    "ecSQ3_I_coarse": {
        "average": 1518.5275,
        "current size": 28,
        "first": 1518.51,
        "maximum": 1518.58,
        "minimum": 1518.51,
        "most_common": 1518.51,
        "num_of_zeros": 0,
        "standard_deviation": 0.030310889132427785
    },
    "ecSQ3_Set_Current": {
        "average": 1517.2200000000007,
        "current size": 28,
        "first": 1517.22,
        "maximum": 1517.22,
        "minimum": 1517.22,
        "most_common": 1517.22,
        "num_of_zeros": 0,
        "standard_deviation": 6.821210263296962e-13
    },
    "hcBDSPOS": {
        "average": 9538140.0,
        "current size": 28,
        "first": 9538140.0,
        "maximum": 9538140.0,
        "minimum": 9538140.0,
        "most_common": 9538140.0,
        "num_of_zeros": 0,
        "standard_deviation": 0.0
    }
}
