{
    "RunNumber": "25263",
    "ecDI_B_Set_NMR": {
        "average": 0.9970569999999994,
        "current size": 63,
        "first": 0.997057,
        "maximum": 0.997057,
        "minimum": 0.997057,
        "most_common": 0.997057,
        "num_of_zeros": 1,
        "standard_deviation": 5.551115123125783e-16
    },
    "ecDI_B_True_NMR": {
        "average": 0.9970557777777783,
        "current size": 63,
        "first": 0.997055,
        "maximum": 0.997059,
        "minimum": 0.997054,
        "most_common": 0.997055,
        "num_of_zeros": 1,
        "standard_deviation": 9.991177766194415e-07
    },
    "ecDI_I_coarse": {
        "average": 1113.0925396825378,
        "current size": 63,
        "first": 1113.09,
        "maximum": 1113.13,
        "minimum": 1113.09,
        "most_common": 1113.09,
        "num_of_zeros": 1,
        "standard_deviation": 0.009753835870355916
    },
    "ecDI_Set_Current": {
        "average": 1117.1100000000004,
        "current size": 63,
        "first": 1117.11,
        "maximum": 1117.11,
        "minimum": 1117.11,
        "most_common": 1117.11,
        "num_of_zeros": 1,
        "standard_deviation": 4.547473508864641e-13
    },
    "ecHMS_Angle": {
        "average": 16.75,
        "current size": 63,
        "first": 16.75,
        "maximum": 16.75,
        "minimum": 16.75,
        "most_common": 16.75,
        "num_of_zeros": 1,
        "standard_deviation": 0.0
    },
    "ecQ1_I_coarse": {
        "average": 474.19547619047665,
        "current size": 63,
        "first": 474.181,
        "maximum": 474.2,
        "minimum": 474.181,
        "most_common": 474.181,
        "num_of_zeros": 1,
        "standard_deviation": 0.00809243649000156
    },
    "ecQ1_Set_Current": {
        "average": 474.4799999999996,
        "current size": 63,
        "first": 474.48,
        "maximum": 474.48,
        "minimum": 474.48,
        "most_common": 474.48,
        "num_of_zeros": 1,
        "standard_deviation": 3.979039320256561e-13
    },
    "ecQ2_I_coarse": {
        "average": 377.2046031746027,
        "current size": 63,
        "first": 377.21,
        "maximum": 377.21,
        "minimum": 377.19,
        "most_common": 377.19,
        "num_of_zeros": 1,
        "standard_deviation": 0.00887754378037895
    },
    "ecQ2_Set_Current": {
        "average": 377.268,
        "current size": 63,
        "first": 377.268,
        "maximum": 377.268,
        "minimum": 377.268,
        "most_common": 377.268,
        "num_of_zeros": 1,
        "standard_deviation": 0.0
    },
    "ecQ3_I_coarse": {
        "average": 182.97644444444435,
        "current size": 63,
        "first": 182.972,
        "maximum": 182.992,
        "minimum": 182.972,
        "most_common": 182.972,
        "num_of_zeros": 1,
        "standard_deviation": 0.008314794192823419
    },
    "ecQ3_Set_Current": {
        "average": 183.44599999999994,
        "current size": 63,
        "first": 183.446,
        "maximum": 183.446,
        "minimum": 183.446,
        "most_common": 183.446,
        "num_of_zeros": 1,
        "standard_deviation": 5.684341886080802e-14
    },
    "ecSDI_I_coarse": {
        "average": 1553.0599999999986,
        "current size": 63,
        "first": 1553.06,
        "maximum": 1553.06,
        "minimum": 1553.06,
        "most_common": 1553.06,
        "num_of_zeros": 1,
        "standard_deviation": 1.3642420526593924e-12
    },
    "ecSDI_Set_Current": {
        "average": 1553.1900000000014,
        "current size": 63,
        "first": 1553.19,
        "maximum": 1553.19,
        "minimum": 1553.19,
        "most_common": 1553.19,
        "num_of_zeros": 1,
        "standard_deviation": 1.3642420526593924e-12
    },
    "ecSHB_I_coarse": {
        "average": 1621.8614285714282,
        "current size": 63,
        "first": 1621.94,
        "maximum": 1621.94,
        "minimum": 1621.79,
        "most_common": 1621.79,
        "num_of_zeros": 1,
        "standard_deviation": 0.0749149177264848
    },
    "ecSHB_Set_Current": {
        "average": 1624.369999999999,
        "current size": 63,
        "first": 1624.37,
        "maximum": 1624.37,
        "minimum": 1624.37,
        "most_common": 1624.37,
        "num_of_zeros": 1,
        "standard_deviation": 9.094947017729282e-13
    },
    "ecSHMS_Angle": {
        "average": 10.309999999999988,
        "current size": 63,
        "first": 10.31,
        "maximum": 10.31,
        "minimum": 10.31,
        "most_common": 10.31,
        "num_of_zeros": 1,
        "standard_deviation": 1.2434497875801753e-14
    },
    "ecSQ1_I_coarse": {
        "average": 1022.4176190476206,
        "current size": 63,
        "first": 1022.41,
        "maximum": 1022.47,
        "minimum": 1022.41,
        "most_common": 1022.41,
        "num_of_zeros": 1,
        "standard_deviation": 0.019977311393736867
    },
    "ecSQ1_Set_Current": {
        "average": 1022.1299999999989,
        "current size": 63,
        "first": 1022.13,
        "maximum": 1022.13,
        "minimum": 1022.13,
        "most_common": 1022.13,
        "num_of_zeros": 1,
        "standard_deviation": 1.1368683772161603e-12
    },
    "ecSQ2_I_coarse": {
        "average": 1715.7104761904745,
        "current size": 63,
        "first": 1715.7,
        "maximum": 1715.76,
        "minimum": 1715.7,
        "most_common": 1715.7,
        "num_of_zeros": 1,
        "standard_deviation": 0.022777639510648613
    },
    "ecSQ2_Set_Current": {
        "average": 1716.8500000000017,
        "current size": 63,
        "first": 1716.85,
        "maximum": 1716.85,
        "minimum": 1716.85,
        "most_common": 1716.85,
        "num_of_zeros": 1,
        "standard_deviation": 1.8189894035458565e-12
    },
    "ecSQ3_I_coarse": {
        "average": 1130.6280952380948,
        "current size": 63,
        "first": 1130.69,
        "maximum": 1130.69,
        "minimum": 1130.57,
        "most_common": 1130.63,
        "num_of_zeros": 1,
        "standard_deviation": 0.014998110236241266
    },
    "ecSQ3_Set_Current": {
        "average": 1129.6699999999987,
        "current size": 63,
        "first": 1129.67,
        "maximum": 1129.67,
        "minimum": 1129.67,
        "most_common": 1129.67,
        "num_of_zeros": 1,
        "standard_deviation": 1.3642420526593924e-12
    },
    "hcBDSPOS": {
        "average": 24018300.0,
        "current size": 64,
        "first": 24018300.0,
        "maximum": 24018300.0,
        "minimum": 24018300.0,
        "most_common": 24018300.0,
        "num_of_zeros": 0,
        "standard_deviation": 0.0
    }
}
