{
    "RunNumber": "25264",
    "ecDI_B_Set_NMR": {
        "average": 0.9970569999999996,
        "current size": 54,
        "first": 0.997057,
        "maximum": 0.997057,
        "minimum": 0.997057,
        "most_common": 0.997057,
        "num_of_zeros": 0,
        "standard_deviation": 3.3306690738754696e-16
    },
    "ecDI_B_True_NMR": {
        "average": 0.9970564629629636,
        "current size": 54,
        "first": 0.997058,
        "maximum": 0.997059,
        "minimum": 0.997055,
        "most_common": 0.997056,
        "num_of_zeros": 0,
        "standard_deviation": 9.946702964254234e-07
    },
    "ecDI_I_coarse": {
        "average": 1113.0899999999983,
        "current size": 54,
        "first": 1113.09,
        "maximum": 1113.09,
        "minimum": 1113.09,
        "most_common": 1113.09,
        "num_of_zeros": 0,
        "standard_deviation": 1.5916157281026244e-12
    },
    "ecDI_Set_Current": {
        "average": 1117.1100000000004,
        "current size": 54,
        "first": 1117.11,
        "maximum": 1117.11,
        "minimum": 1117.11,
        "most_common": 1117.11,
        "num_of_zeros": 0,
        "standard_deviation": 4.547473508864641e-13
    },
    "ecHMS_Angle": {
        "average": 16.75,
        "current size": 54,
        "first": 16.75,
        "maximum": 16.75,
        "minimum": 16.75,
        "most_common": 16.75,
        "num_of_zeros": 0,
        "standard_deviation": 0.0
    },
    "ecQ1_I_coarse": {
        "average": 474.19859259259306,
        "current size": 54,
        "first": 474.2,
        "maximum": 474.2,
        "minimum": 474.181,
        "most_common": 474.181,
        "num_of_zeros": 0,
        "standard_deviation": 0.004975936608351208
    },
    "ecQ1_Set_Current": {
        "average": 474.4799999999996,
        "current size": 54,
        "first": 474.48,
        "maximum": 474.48,
        "minimum": 474.48,
        "most_common": 474.48,
        "num_of_zeros": 0,
        "standard_deviation": 3.979039320256561e-13
    },
    "ecQ2_I_coarse": {
        "average": 377.2048148148146,
        "current size": 54,
        "first": 377.19,
        "maximum": 377.21,
        "minimum": 377.19,
        "most_common": 377.19,
        "num_of_zeros": 0,
        "standard_deviation": 0.008764562641621088
    },
    "ecQ2_Set_Current": {
        "average": 377.268,
        "current size": 54,
        "first": 377.268,
        "maximum": 377.268,
        "minimum": 377.268,
        "most_common": 377.268,
        "num_of_zeros": 0,
        "standard_deviation": 0.0
    },
    "ecQ3_I_coarse": {
        "average": 182.97533333333328,
        "current size": 54,
        "first": 182.972,
        "maximum": 182.992,
        "minimum": 182.972,
        "most_common": 182.972,
        "num_of_zeros": 0,
        "standard_deviation": 0.007453559924992522
    },
    "ecQ3_Set_Current": {
        "average": 183.44599999999994,
        "current size": 54,
        "first": 183.446,
        "maximum": 183.446,
        "minimum": 183.446,
        "most_common": 183.446,
        "num_of_zeros": 0,
        "standard_deviation": 5.684341886080802e-14
    },
    "ecSDI_I_coarse": {
        "average": 1553.0599999999988,
        "current size": 54,
        "first": 1553.06,
        "maximum": 1553.06,
        "minimum": 1553.06,
        "most_common": 1553.06,
        "num_of_zeros": 0,
        "standard_deviation": 1.1368683772161603e-12
    },
    "ecSDI_Set_Current": {
        "average": 1553.1900000000012,
        "current size": 54,
        "first": 1553.19,
        "maximum": 1553.19,
        "minimum": 1553.19,
        "most_common": 1553.19,
        "num_of_zeros": 0,
        "standard_deviation": 1.1368683772161603e-12
    },
    "ecSHB_I_coarse": {
        "average": 1621.8538888888895,
        "current size": 54,
        "first": 1621.79,
        "maximum": 1621.94,
        "minimum": 1621.79,
        "most_common": 1621.79,
        "num_of_zeros": 0,
        "standard_deviation": 0.07417238846014883
    },
    "ecSHB_Set_Current": {
        "average": 1624.3699999999997,
        "current size": 54,
        "first": 1624.37,
        "maximum": 1624.37,
        "minimum": 1624.37,
        "most_common": 1624.37,
        "num_of_zeros": 0,
        "standard_deviation": 2.2737367544323206e-13
    },
    "ecSHMS_Angle": {
        "average": 10.309999999999995,
        "current size": 54,
        "first": 10.31,
        "maximum": 10.31,
        "minimum": 10.31,
        "most_common": 10.31,
        "num_of_zeros": 0,
        "standard_deviation": 5.3290705182007514e-15
    },
    "ecSQ1_I_coarse": {
        "average": 1022.4077777777792,
        "current size": 54,
        "first": 1022.41,
        "maximum": 1022.41,
        "minimum": 1022.35,
        "most_common": 1022.35,
        "num_of_zeros": 0,
        "standard_deviation": 0.011331154474640314
    },
    "ecSQ1_Set_Current": {
        "average": 1022.1299999999991,
        "current size": 54,
        "first": 1022.13,
        "maximum": 1022.13,
        "minimum": 1022.13,
        "most_common": 1022.13,
        "num_of_zeros": 0,
        "standard_deviation": 9.094947017729282e-13
    },
    "ecSQ2_I_coarse": {
        "average": 1715.715555555554,
        "current size": 54,
        "first": 1715.7,
        "maximum": 1715.76,
        "minimum": 1715.7,
        "most_common": 1715.7,
        "num_of_zeros": 0,
        "standard_deviation": 0.02629368792486326
    },
    "ecSQ2_Set_Current": {
        "average": 1716.850000000001,
        "current size": 54,
        "first": 1716.85,
        "maximum": 1716.85,
        "minimum": 1716.85,
        "most_common": 1716.85,
        "num_of_zeros": 0,
        "standard_deviation": 1.1368683772161603e-12
    },
    "ecSQ3_I_coarse": {
        "average": 1130.6266666666656,
        "current size": 54,
        "first": 1130.63,
        "maximum": 1130.69,
        "minimum": 1130.57,
        "most_common": 1130.63,
        "num_of_zeros": 0,
        "standard_deviation": 0.024267032964305324
    },
    "ecSQ3_Set_Current": {
        "average": 1129.6699999999987,
        "current size": 54,
        "first": 1129.67,
        "maximum": 1129.67,
        "minimum": 1129.67,
        "most_common": 1129.67,
        "num_of_zeros": 0,
        "standard_deviation": 1.3642420526593924e-12
    },
    "hcBDSPOS": {
        "average": 24018300.0,
        "current size": 54,
        "first": 24018300.0,
        "maximum": 24018300.0,
        "minimum": 24018300.0,
        "most_common": 24018300.0,
        "num_of_zeros": 0,
        "standard_deviation": 0.0
    }
}
