{
    "RunNumber": "25298",
    "ecDI_B_Set_NMR": {
        "average": 0.9970569999999995,
        "current size": 57,
        "first": 0.997057,
        "maximum": 0.997057,
        "minimum": 0.997057,
        "most_common": 0.997057,
        "num_of_zeros": 0,
        "standard_deviation": 4.440892098500626e-16
    },
    "ecDI_B_True_NMR": {
        "average": 0.9970585438596493,
        "current size": 57,
        "first": 0.997058,
        "maximum": 0.997062,
        "minimum": 0.997057,
        "most_common": 0.997058,
        "num_of_zeros": 0,
        "standard_deviation": 1.0933639614630276e-06
    },
    "ecDI_I_coarse": {
        "average": 1113.0768421052617,
        "current size": 57,
        "first": 1113.04,
        "maximum": 1113.09,
        "minimum": 1113.04,
        "most_common": 1113.04,
        "num_of_zeros": 0,
        "standard_deviation": 0.022017369119297775
    },
    "ecDI_Set_Current": {
        "average": 1117.1100000000004,
        "current size": 57,
        "first": 1117.11,
        "maximum": 1117.11,
        "minimum": 1117.11,
        "most_common": 1117.11,
        "num_of_zeros": 0,
        "standard_deviation": 4.547473508864641e-13
    },
    "ecHMS_Angle": {
        "average": 16.75,
        "current size": 57,
        "first": 16.75,
        "maximum": 16.75,
        "minimum": 16.75,
        "most_common": 16.75,
        "num_of_zeros": 0,
        "standard_deviation": 0.0
    },
    "ecQ1_I_coarse": {
        "average": 474.1850000000003,
        "current size": 57,
        "first": 474.2,
        "maximum": 474.2,
        "minimum": 474.181,
        "most_common": 474.181,
        "num_of_zeros": 0,
        "standard_deviation": 0.007745966692417057
    },
    "ecQ1_Set_Current": {
        "average": 474.4799999999996,
        "current size": 57,
        "first": 474.48,
        "maximum": 474.48,
        "minimum": 474.48,
        "most_common": 474.48,
        "num_of_zeros": 0,
        "standard_deviation": 3.979039320256561e-13
    },
    "ecQ2_I_coarse": {
        "average": 377.1966666666664,
        "current size": 57,
        "first": 377.19,
        "maximum": 377.21,
        "minimum": 377.19,
        "most_common": 377.19,
        "num_of_zeros": 0,
        "standard_deviation": 0.00942809041581206
    },
    "ecQ2_Set_Current": {
        "average": 377.268,
        "current size": 57,
        "first": 377.268,
        "maximum": 377.268,
        "minimum": 377.268,
        "most_common": 377.268,
        "num_of_zeros": 0,
        "standard_deviation": 0.0
    },
    "ecQ3_I_coarse": {
        "average": 182.97621052631573,
        "current size": 57,
        "first": 182.972,
        "maximum": 182.992,
        "minimum": 182.972,
        "most_common": 182.972,
        "num_of_zeros": 0,
        "standard_deviation": 0.008153649149902933
    },
    "ecQ3_Set_Current": {
        "average": 183.44599999999994,
        "current size": 57,
        "first": 183.446,
        "maximum": 183.446,
        "minimum": 183.446,
        "most_common": 183.446,
        "num_of_zeros": 0,
        "standard_deviation": 5.684341886080802e-14
    },
    "ecSDI_I_coarse": {
        "average": 1158.5400000000006,
        "current size": 57,
        "first": 1158.54,
        "maximum": 1158.54,
        "minimum": 1158.54,
        "most_common": 1158.54,
        "num_of_zeros": 0,
        "standard_deviation": 6.821210263296962e-13
    },
    "ecSDI_Set_Current": {
        "average": 1158.8300000000013,
        "current size": 57,
        "first": 1158.83,
        "maximum": 1158.83,
        "minimum": 1158.83,
        "most_common": 1158.83,
        "num_of_zeros": 0,
        "standard_deviation": 1.3642420526593924e-12
    },
    "ecSHB_I_coarse": {
        "average": 1203.434210526317,
        "current size": 57,
        "first": 1203.4,
        "maximum": 1203.55,
        "minimum": 1203.4,
        "most_common": 1203.4,
        "num_of_zeros": 0,
        "standard_deviation": 0.06293821443731853
    },
    "ecSHB_Set_Current": {
        "average": 1205.4700000000007,
        "current size": 57,
        "first": 1205.47,
        "maximum": 1205.47,
        "minimum": 1205.47,
        "most_common": 1205.47,
        "num_of_zeros": 0,
        "standard_deviation": 6.821210263296962e-13
    },
    "ecSHMS_Angle": {
        "average": 10.309999999999993,
        "current size": 57,
        "first": 10.31,
        "maximum": 10.31,
        "minimum": 10.31,
        "most_common": 10.31,
        "num_of_zeros": 0,
        "standard_deviation": 7.105427357601002e-15
    },
    "ecSQ1_I_coarse": {
        "average": 762.8143684210532,
        "current size": 57,
        "first": 762.758,
        "maximum": 762.821,
        "minimum": 762.758,
        "most_common": 762.758,
        "num_of_zeros": 0,
        "standard_deviation": 0.019334208914483418
    },
    "ecSQ1_Set_Current": {
        "average": 762.6100000000005,
        "current size": 57,
        "first": 762.61,
        "maximum": 762.61,
        "minimum": 762.61,
        "most_common": 762.61,
        "num_of_zeros": 0,
        "standard_deviation": 4.547473508864641e-13
    },
    "ecSQ2_I_coarse": {
        "average": 1280.2087719298245,
        "current size": 57,
        "first": 1280.21,
        "maximum": 1280.21,
        "minimum": 1280.14,
        "most_common": 1280.14,
        "num_of_zeros": 0,
        "standard_deviation": 0.00919003568680483
    },
    "ecSQ2_Set_Current": {
        "average": 1280.940000000001,
        "current size": 57,
        "first": 1280.94,
        "maximum": 1280.94,
        "minimum": 1280.94,
        "most_common": 1280.94,
        "num_of_zeros": 0,
        "standard_deviation": 9.094947017729282e-13
    },
    "ecSQ3_I_coarse": {
        "average": 843.5373684210532,
        "current size": 57,
        "first": 843.586,
        "maximum": 843.586,
        "minimum": 843.523,
        "most_common": 843.523,
        "num_of_zeros": 0,
        "standard_deviation": 0.026434050063692874
    },
    "ecSQ3_Set_Current": {
        "average": 842.8459999999997,
        "current size": 57,
        "first": 842.846,
        "maximum": 842.846,
        "minimum": 842.846,
        "most_common": 842.846,
        "num_of_zeros": 0,
        "standard_deviation": 3.410605131648481e-13
    },
    "hcBDSPOS": {
        "average": 4030050.0,
        "current size": 57,
        "first": 4030050.0,
        "maximum": 4030050.0,
        "minimum": 4030050.0,
        "most_common": 4030050.0,
        "num_of_zeros": 0,
        "standard_deviation": 0.0
    }
}
