{
    "RunNumber": "25306",
    "ecDI_B_Set_NMR": {
        "average": 0.9970569999999993,
        "current size": 72,
        "first": 0.997057,
        "maximum": 0.997057,
        "minimum": 0.997057,
        "most_common": 0.997057,
        "num_of_zeros": 0,
        "standard_deviation": 6.661338147750939e-16
    },
    "ecDI_B_True_NMR": {
        "average": 0.997059638888888,
        "current size": 72,
        "first": 0.997058,
        "maximum": 0.997062,
        "minimum": 0.997057,
        "most_common": 0.99706,
        "num_of_zeros": 0,
        "standard_deviation": 9.472996058136103e-07
    },
    "ecDI_I_coarse": {
        "average": 1113.1038888888877,
        "current size": 72,
        "first": 1113.09,
        "maximum": 1113.13,
        "minimum": 1113.09,
        "most_common": 1113.09,
        "num_of_zeros": 0,
        "standard_deviation": 0.019043485001204945
    },
    "ecDI_Set_Current": {
        "average": 1117.1100000000004,
        "current size": 72,
        "first": 1117.11,
        "maximum": 1117.11,
        "minimum": 1117.11,
        "most_common": 1117.11,
        "num_of_zeros": 0,
        "standard_deviation": 4.547473508864641e-13
    },
    "ecHMS_Angle": {
        "average": 16.75,
        "current size": 72,
        "first": 16.75,
        "maximum": 16.75,
        "minimum": 16.75,
        "most_common": 16.75,
        "num_of_zeros": 0,
        "standard_deviation": 0.0
    },
    "ecQ1_I_coarse": {
        "average": 474.1907638888892,
        "current size": 72,
        "first": 474.181,
        "maximum": 474.2,
        "minimum": 474.181,
        "most_common": 474.181,
        "num_of_zeros": 0,
        "standard_deviation": 0.009496334169266195
    },
    "ecQ1_Set_Current": {
        "average": 474.4799999999998,
        "current size": 72,
        "first": 474.48,
        "maximum": 474.48,
        "minimum": 474.48,
        "most_common": 474.48,
        "num_of_zeros": 0,
        "standard_deviation": 2.2737367544323206e-13
    },
    "ecQ2_I_coarse": {
        "average": 377.20777777777727,
        "current size": 72,
        "first": 377.19,
        "maximum": 377.21,
        "minimum": 377.19,
        "most_common": 377.19,
        "num_of_zeros": 0,
        "standard_deviation": 0.006285393610541369
    },
    "ecQ2_Set_Current": {
        "average": 377.268,
        "current size": 72,
        "first": 377.268,
        "maximum": 377.268,
        "minimum": 377.268,
        "most_common": 377.268,
        "num_of_zeros": 0,
        "standard_deviation": 0.0
    },
    "ecQ3_I_coarse": {
        "average": 182.9789444444444,
        "current size": 72,
        "first": 182.992,
        "maximum": 182.992,
        "minimum": 182.972,
        "most_common": 182.972,
        "num_of_zeros": 0,
        "standard_deviation": 0.00952174250054835
    },
    "ecQ3_Set_Current": {
        "average": 183.44599999999994,
        "current size": 72,
        "first": 183.446,
        "maximum": 183.446,
        "minimum": 183.446,
        "most_common": 183.446,
        "num_of_zeros": 0,
        "standard_deviation": 5.684341886080802e-14
    },
    "ecSDI_I_coarse": {
        "average": 1158.5399999999993,
        "current size": 72,
        "first": 1158.54,
        "maximum": 1158.54,
        "minimum": 1158.54,
        "most_common": 1158.54,
        "num_of_zeros": 0,
        "standard_deviation": 6.821210263296962e-13
    },
    "ecSDI_Set_Current": {
        "average": 1158.8300000000013,
        "current size": 72,
        "first": 1158.83,
        "maximum": 1158.83,
        "minimum": 1158.83,
        "most_common": 1158.83,
        "num_of_zeros": 0,
        "standard_deviation": 1.3642420526593924e-12
    },
    "ecSHB_I_coarse": {
        "average": 1203.4187499999994,
        "current size": 72,
        "first": 1203.4,
        "maximum": 1203.55,
        "minimum": 1203.4,
        "most_common": 1203.4,
        "num_of_zeros": 0,
        "standard_deviation": 0.04960783708241592
    },
    "ecSHB_Set_Current": {
        "average": 1205.4700000000007,
        "current size": 72,
        "first": 1205.47,
        "maximum": 1205.47,
        "minimum": 1205.47,
        "most_common": 1205.47,
        "num_of_zeros": 0,
        "standard_deviation": 6.821210263296962e-13
    },
    "ecSHMS_Angle": {
        "average": 10.309999999999983,
        "current size": 72,
        "first": 10.31,
        "maximum": 10.31,
        "minimum": 10.31,
        "most_common": 10.31,
        "num_of_zeros": 0,
        "standard_deviation": 1.7763568394002505e-14
    },
    "ecSQ1_I_coarse": {
        "average": 762.8052500000017,
        "current size": 72,
        "first": 762.821,
        "maximum": 762.821,
        "minimum": 762.758,
        "most_common": 762.758,
        "num_of_zeros": 0,
        "standard_deviation": 0.027279800219204682
    },
    "ecSQ1_Set_Current": {
        "average": 762.6100000000005,
        "current size": 72,
        "first": 762.61,
        "maximum": 762.61,
        "minimum": 762.61,
        "most_common": 762.61,
        "num_of_zeros": 0,
        "standard_deviation": 4.547473508864641e-13
    },
    "ecSQ2_I_coarse": {
        "average": 1280.2108333333347,
        "current size": 72,
        "first": 1280.21,
        "maximum": 1280.27,
        "minimum": 1280.21,
        "most_common": 1280.21,
        "num_of_zeros": 0,
        "standard_deviation": 0.0070217914776405784
    },
    "ecSQ2_Set_Current": {
        "average": 1280.9400000000014,
        "current size": 72,
        "first": 1280.94,
        "maximum": 1280.94,
        "minimum": 1280.94,
        "most_common": 1280.94,
        "num_of_zeros": 0,
        "standard_deviation": 1.3642420526593924e-12
    },
    "ecSQ3_I_coarse": {
        "average": 843.5562500000009,
        "current size": 72,
        "first": 843.523,
        "maximum": 843.586,
        "minimum": 843.523,
        "most_common": 843.523,
        "num_of_zeros": 0,
        "standard_deviation": 0.031451351322314094
    },
    "ecSQ3_Set_Current": {
        "average": 842.8459999999992,
        "current size": 72,
        "first": 842.846,
        "maximum": 842.846,
        "minimum": 842.846,
        "most_common": 842.846,
        "num_of_zeros": 0,
        "standard_deviation": 7.958078640513122e-13
    },
    "hcBDSPOS": {
        "average": 3314740.0,
        "current size": 72,
        "first": 3314740.0,
        "maximum": 3314740.0,
        "minimum": 3314740.0,
        "most_common": 3314740.0,
        "num_of_zeros": 0,
        "standard_deviation": 0.0
    }
}
