{
    "RunNumber": "25335",
    "ecDI_B_Set_NMR": {
        "average": 0,
        "first": 0,
        "maximum": 0,
        "minimum": 0,
        "most_common": 0,
        "num_of_zeros": -1,
        "standard_deviation": 0
    },
    "ecDI_B_True_NMR": {
        "average": 0.7660585,
        "current size": 16,
        "first": 0.766046,
        "maximum": 0.766067,
        "minimum": 0.766046,
        "most_common": 0.766064,
        "num_of_zeros": 0,
        "standard_deviation": 6.809919235946456e-06
    },
    "ecDI_I_coarse": {
        "average": 1112.103125,
        "current size": 16,
        "first": 1112.1,
        "maximum": 1112.15,
        "minimum": 1112.1,
        "most_common": 1112.1,
        "num_of_zeros": 0,
        "standard_deviation": 0.012103072956942209
    },
    "ecDI_Set_Current": {
        "average": 1116.1100000000001,
        "current size": 16,
        "first": 1116.11,
        "maximum": 1116.11,
        "minimum": 1116.11,
        "most_common": 1116.11,
        "num_of_zeros": 0,
        "standard_deviation": 2.2737367544323206e-13
    },
    "ecHMS_Angle": {
        "average": 16.75,
        "current size": 16,
        "first": 16.75,
        "maximum": 16.75,
        "minimum": 16.75,
        "most_common": 16.75,
        "num_of_zeros": 0,
        "standard_deviation": 0.0
    },
    "ecQ1_I_coarse": {
        "average": 474.1797499999998,
        "current size": 16,
        "first": 474.161,
        "maximum": 474.181,
        "minimum": 474.161,
        "most_common": 474.161,
        "num_of_zeros": 0,
        "standard_deviation": 0.004841229182754869
    },
    "ecQ1_Set_Current": {
        "average": 474.4799999999998,
        "current size": 16,
        "first": 474.48,
        "maximum": 474.48,
        "minimum": 474.48,
        "most_common": 474.48,
        "num_of_zeros": 0,
        "standard_deviation": 2.2737367544323206e-13
    },
    "ecQ2_I_coarse": {
        "average": 377.21,
        "current size": 16,
        "first": 377.21,
        "maximum": 377.21,
        "minimum": 377.21,
        "most_common": 377.21,
        "num_of_zeros": 0,
        "standard_deviation": 0.0
    },
    "ecQ2_Set_Current": {
        "average": 377.268,
        "current size": 16,
        "first": 377.268,
        "maximum": 377.268,
        "minimum": 377.268,
        "most_common": 377.268,
        "num_of_zeros": 0,
        "standard_deviation": 0.0
    },
    "ecQ3_I_coarse": {
        "average": 182.99075000000005,
        "current size": 16,
        "first": 182.992,
        "maximum": 182.992,
        "minimum": 182.972,
        "most_common": 182.972,
        "num_of_zeros": 0,
        "standard_deviation": 0.004841229182754867
    },
    "ecQ3_Set_Current": {
        "average": 183.44599999999994,
        "current size": 16,
        "first": 183.446,
        "maximum": 183.446,
        "minimum": 183.446,
        "most_common": 183.446,
        "num_of_zeros": 0,
        "standard_deviation": 5.684341886080802e-14
    },
    "ecSDI_I_coarse": {
        "average": 833.964,
        "current size": 16,
        "first": 833.964,
        "maximum": 833.964,
        "minimum": 833.964,
        "most_common": 833.964,
        "num_of_zeros": 0,
        "standard_deviation": 0.0
    },
    "ecSDI_Set_Current": {
        "average": 834.3430000000003,
        "current size": 16,
        "first": 834.343,
        "maximum": 834.343,
        "minimum": 834.343,
        "most_common": 834.343,
        "num_of_zeros": 0,
        "standard_deviation": 3.410605131648481e-13
    },
    "ecSHB_I_coarse": {
        "average": 863.8359999999998,
        "current size": 16,
        "first": 863.836,
        "maximum": 863.836,
        "minimum": 863.836,
        "most_common": 863.836,
        "num_of_zeros": 0,
        "standard_deviation": 2.2737367544323206e-13
    },
    "ecSHB_Set_Current": {
        "average": 865.4680000000003,
        "current size": 16,
        "first": 865.468,
        "maximum": 865.468,
        "minimum": 865.468,
        "most_common": 865.468,
        "num_of_zeros": 0,
        "standard_deviation": 3.410605131648481e-13
    },
    "ecSHMS_Angle": {
        "average": 10.31,
        "current size": 16,
        "first": 10.31,
        "maximum": 10.31,
        "minimum": 10.31,
        "most_common": 10.31,
        "num_of_zeros": 0,
        "standard_deviation": 0.0
    },
    "ecSQ1_I_coarse": {
        "average": 549.1920625,
        "current size": 16,
        "first": 549.133,
        "maximum": 549.196,
        "minimum": 549.133,
        "most_common": 549.133,
        "num_of_zeros": 0,
        "standard_deviation": 0.015249871925688847
    },
    "ecSQ1_Set_Current": {
        "average": 549.071,
        "current size": 16,
        "first": 549.071,
        "maximum": 549.071,
        "minimum": 549.071,
        "most_common": 549.071,
        "num_of_zeros": 0,
        "standard_deviation": 0.0
    },
    "ecSQ2_I_coarse": {
        "average": 921.9130000000004,
        "current size": 16,
        "first": 921.913,
        "maximum": 921.913,
        "minimum": 921.913,
        "most_common": 921.913,
        "num_of_zeros": 0,
        "standard_deviation": 3.410605131648481e-13
    },
    "ecSQ2_Set_Current": {
        "average": 922.2620000000002,
        "current size": 16,
        "first": 922.262,
        "maximum": 922.262,
        "minimum": 922.262,
        "most_common": 922.262,
        "num_of_zeros": 0,
        "standard_deviation": 2.2737367544323206e-13
    },
    "ecSQ3_I_coarse": {
        "average": 607.3601249999998,
        "current size": 16,
        "first": 607.364,
        "maximum": 607.364,
        "minimum": 607.302,
        "most_common": 607.302,
        "num_of_zeros": 0,
        "standard_deviation": 0.015007810466556602
    },
    "ecSQ3_Set_Current": {
        "average": 606.84,
        "current size": 16,
        "first": 606.84,
        "maximum": 606.84,
        "minimum": 606.84,
        "most_common": 606.84,
        "num_of_zeros": 0,
        "standard_deviation": 0.0
    },
    "hcBDSPOS": {
        "average": 24018300.0,
        "current size": 16,
        "first": 24018300.0,
        "maximum": 24018300.0,
        "minimum": 24018300.0,
        "most_common": 24018300.0,
        "num_of_zeros": 0,
        "standard_deviation": 0.0
    }
}
