{
    "RunNumber": "25386",
    "ecDI_B_Set_NMR": {
        "average": 0.9970569999999994,
        "current size": 66,
        "first": 0.997057,
        "maximum": 0.997057,
        "minimum": 0.997057,
        "most_common": 0.997057,
        "num_of_zeros": 0,
        "standard_deviation": 5.551115123125783e-16
    },
    "ecDI_B_True_NMR": {
        "average": 0.997019393939394,
        "current size": 66,
        "first": 0.99702,
        "maximum": 0.997022,
        "minimum": 0.997017,
        "most_common": 0.99702,
        "num_of_zeros": 0,
        "standard_deviation": 9.515344526264964e-07
    },
    "ecDI_I_coarse": {
        "average": 1112.8190909090908,
        "current size": 66,
        "first": 1112.81,
        "maximum": 1112.85,
        "minimum": 1112.76,
        "most_common": 1112.81,
        "num_of_zeros": 0,
        "standard_deviation": 0.023531234737332766
    },
    "ecDI_Set_Current": {
        "average": 1116.85,
        "current size": 66,
        "first": 1116.85,
        "maximum": 1116.85,
        "minimum": 1116.85,
        "most_common": 1116.85,
        "num_of_zeros": 0,
        "standard_deviation": 0.0
    },
    "ecHMS_Angle": {
        "average": 16.75,
        "current size": 66,
        "first": 16.75,
        "maximum": 16.75,
        "minimum": 16.75,
        "most_common": 16.75,
        "num_of_zeros": 0,
        "standard_deviation": 0.0
    },
    "ecQ1_I_coarse": {
        "average": 474.1803939393942,
        "current size": 66,
        "first": 474.181,
        "maximum": 474.181,
        "minimum": 474.161,
        "most_common": 474.161,
        "num_of_zeros": 0,
        "standard_deviation": 0.0034283965148407536
    },
    "ecQ1_Set_Current": {
        "average": 474.4799999999996,
        "current size": 66,
        "first": 474.48,
        "maximum": 474.48,
        "minimum": 474.48,
        "most_common": 474.48,
        "num_of_zeros": 0,
        "standard_deviation": 3.979039320256561e-13
    },
    "ecQ2_I_coarse": {
        "average": 377.20212121212074,
        "current size": 66,
        "first": 377.21,
        "maximum": 377.21,
        "minimum": 377.19,
        "most_common": 377.19,
        "num_of_zeros": 0,
        "standard_deviation": 0.009772433634292381
    },
    "ecQ2_Set_Current": {
        "average": 377.268,
        "current size": 66,
        "first": 377.268,
        "maximum": 377.268,
        "minimum": 377.268,
        "most_common": 377.268,
        "num_of_zeros": 0,
        "standard_deviation": 0.0
    },
    "ecQ3_I_coarse": {
        "average": 182.9813939393939,
        "current size": 66,
        "first": 182.972,
        "maximum": 182.992,
        "minimum": 182.972,
        "most_common": 182.972,
        "num_of_zeros": 0,
        "standard_deviation": 0.009981617631506437
    },
    "ecQ3_Set_Current": {
        "average": 183.44599999999994,
        "current size": 66,
        "first": 183.446,
        "maximum": 183.446,
        "minimum": 183.446,
        "most_common": 183.446,
        "num_of_zeros": 0,
        "standard_deviation": 5.684341886080802e-14
    },
    "ecSDI_I_coarse": {
        "average": 1158.5399999999997,
        "current size": 66,
        "first": 1158.54,
        "maximum": 1158.54,
        "minimum": 1158.54,
        "most_common": 1158.54,
        "num_of_zeros": 0,
        "standard_deviation": 2.2737367544323206e-13
    },
    "ecSDI_Set_Current": {
        "average": 1158.8300000000013,
        "current size": 66,
        "first": 1158.83,
        "maximum": 1158.83,
        "minimum": 1158.83,
        "most_common": 1158.83,
        "num_of_zeros": 0,
        "standard_deviation": 1.3642420526593924e-12
    },
    "ecSHB_I_coarse": {
        "average": 1203.4159090909088,
        "current size": 66,
        "first": 1203.4,
        "maximum": 1203.55,
        "minimum": 1203.4,
        "most_common": 1203.4,
        "num_of_zeros": 0,
        "standard_deviation": 0.046187275983825236
    },
    "ecSHB_Set_Current": {
        "average": 1205.4700000000007,
        "current size": 66,
        "first": 1205.47,
        "maximum": 1205.47,
        "minimum": 1205.47,
        "most_common": 1205.47,
        "num_of_zeros": 0,
        "standard_deviation": 6.821210263296962e-13
    },
    "ecSHMS_Angle": {
        "average": 16.809999999999974,
        "current size": 66,
        "first": 16.81,
        "maximum": 16.81,
        "minimum": 16.81,
        "most_common": 16.81,
        "num_of_zeros": 0,
        "standard_deviation": 2.4868995751603507e-14
    },
    "ecSQ1_I_coarse": {
        "average": 762.6969090909103,
        "current size": 66,
        "first": 762.758,
        "maximum": 762.758,
        "minimum": 762.633,
        "most_common": 762.696,
        "num_of_zeros": 0,
        "standard_deviation": 0.01715148838203346
    },
    "ecSQ1_Set_Current": {
        "average": 762.6100000000005,
        "current size": 66,
        "first": 762.61,
        "maximum": 762.61,
        "minimum": 762.61,
        "most_common": 762.61,
        "num_of_zeros": 0,
        "standard_deviation": 4.547473508864641e-13
    },
    "ecSQ2_I_coarse": {
        "average": 1280.210000000001,
        "current size": 66,
        "first": 1280.21,
        "maximum": 1280.21,
        "minimum": 1280.21,
        "most_common": 1280.21,
        "num_of_zeros": 0,
        "standard_deviation": 9.094947017729282e-13
    },
    "ecSQ2_Set_Current": {
        "average": 1280.9400000000012,
        "current size": 66,
        "first": 1280.94,
        "maximum": 1280.94,
        "minimum": 1280.94,
        "most_common": 1280.94,
        "num_of_zeros": 0,
        "standard_deviation": 1.1368683772161603e-12
    },
    "ecSQ3_I_coarse": {
        "average": 843.5268181818187,
        "current size": 66,
        "first": 843.586,
        "maximum": 843.586,
        "minimum": 843.46,
        "most_common": 843.523,
        "num_of_zeros": 0,
        "standard_deviation": 0.024223648031762718
    },
    "ecSQ3_Set_Current": {
        "average": 842.8459999999994,
        "current size": 66,
        "first": 842.846,
        "maximum": 842.846,
        "minimum": 842.846,
        "most_common": 842.846,
        "num_of_zeros": 0,
        "standard_deviation": 5.684341886080801e-13
    },
    "hcBDSPOS": {
        "average": 24018300.0,
        "current size": 66,
        "first": 24018300.0,
        "maximum": 24018300.0,
        "minimum": 24018300.0,
        "most_common": 24018300.0,
        "num_of_zeros": 0,
        "standard_deviation": 0.0
    }
}
