{
    "RunNumber": "25459",
    "ecDI_B_Set_NMR": {
        "average": 0.9970569999999994,
        "current size": 64,
        "first": 0.997057,
        "maximum": 0.997057,
        "minimum": 0.997057,
        "most_common": 0.997057,
        "num_of_zeros": 0,
        "standard_deviation": 5.551115123125783e-16
    },
    "ecDI_B_True_NMR": {
        "average": 0.9970557812500006,
        "current size": 64,
        "first": 0.997057,
        "maximum": 0.997058,
        "minimum": 0.997054,
        "most_common": 0.997056,
        "num_of_zeros": 0,
        "standard_deviation": 8.56386850368745e-07
    },
    "ecDI_I_coarse": {
        "average": 1113.1049999999987,
        "current size": 64,
        "first": 1113.09,
        "maximum": 1113.13,
        "minimum": 1113.09,
        "most_common": 1113.09,
        "num_of_zeros": 0,
        "standard_deviation": 0.01936491673112954
    },
    "ecDI_Set_Current": {
        "average": 1117.1399999999996,
        "current size": 64,
        "first": 1117.14,
        "maximum": 1117.14,
        "minimum": 1117.14,
        "most_common": 1117.14,
        "num_of_zeros": 0,
        "standard_deviation": 4.547473508864641e-13
    },
    "ecHMS_Angle": {
        "average": 16.75,
        "current size": 64,
        "first": 16.75,
        "maximum": 16.75,
        "minimum": 16.75,
        "most_common": 16.75,
        "num_of_zeros": 0,
        "standard_deviation": 0.0
    },
    "ecQ1_I_coarse": {
        "average": 474.17975000000024,
        "current size": 64,
        "first": 474.181,
        "maximum": 474.181,
        "minimum": 474.161,
        "most_common": 474.161,
        "num_of_zeros": 0,
        "standard_deviation": 0.004841229182754869
    },
    "ecQ1_Set_Current": {
        "average": 474.4799999999996,
        "current size": 64,
        "first": 474.48,
        "maximum": 474.48,
        "minimum": 474.48,
        "most_common": 474.48,
        "num_of_zeros": 0,
        "standard_deviation": 3.979039320256561e-13
    },
    "ecQ2_I_coarse": {
        "average": 377.20312499999943,
        "current size": 64,
        "first": 377.19,
        "maximum": 377.21,
        "minimum": 377.19,
        "most_common": 377.19,
        "num_of_zeros": 0,
        "standard_deviation": 0.009499177595973029
    },
    "ecQ2_Set_Current": {
        "average": 377.268,
        "current size": 64,
        "first": 377.268,
        "maximum": 377.268,
        "minimum": 377.268,
        "most_common": 377.268,
        "num_of_zeros": 0,
        "standard_deviation": 0.0
    },
    "ecQ3_I_coarse": {
        "average": 182.99012500000012,
        "current size": 64,
        "first": 182.992,
        "maximum": 182.992,
        "minimum": 182.972,
        "most_common": 182.972,
        "num_of_zeros": 0,
        "standard_deviation": 0.0058296119081752045
    },
    "ecQ3_Set_Current": {
        "average": 183.44599999999994,
        "current size": 64,
        "first": 183.446,
        "maximum": 183.446,
        "minimum": 183.446,
        "most_common": 183.446,
        "num_of_zeros": 0,
        "standard_deviation": 5.684341886080802e-14
    },
    "ecSDI_I_coarse": {
        "average": 1158.54,
        "current size": 64,
        "first": 1158.54,
        "maximum": 1158.54,
        "minimum": 1158.54,
        "most_common": 1158.54,
        "num_of_zeros": 0,
        "standard_deviation": 0.0
    },
    "ecSDI_Set_Current": {
        "average": 1158.8300000000013,
        "current size": 64,
        "first": 1158.83,
        "maximum": 1158.83,
        "minimum": 1158.83,
        "most_common": 1158.83,
        "num_of_zeros": 0,
        "standard_deviation": 1.3642420526593924e-12
    },
    "ecSHB_I_coarse": {
        "average": 1203.4398437500001,
        "current size": 64,
        "first": 1203.4,
        "maximum": 1203.55,
        "minimum": 1203.4,
        "most_common": 1203.4,
        "num_of_zeros": 0,
        "standard_deviation": 0.06624981574260802
    },
    "ecSHB_Set_Current": {
        "average": 1205.4700000000007,
        "current size": 64,
        "first": 1205.47,
        "maximum": 1205.47,
        "minimum": 1205.47,
        "most_common": 1205.47,
        "num_of_zeros": 0,
        "standard_deviation": 6.821210263296962e-13
    },
    "ecSHMS_Angle": {
        "average": 10.200000000000003,
        "current size": 64,
        "first": 10.2,
        "maximum": 10.2,
        "minimum": 10.2,
        "most_common": 10.2,
        "num_of_zeros": 0,
        "standard_deviation": 3.552713678800501e-15
    },
    "ecSQ1_I_coarse": {
        "average": 762.7085937500013,
        "current size": 64,
        "first": 762.696,
        "maximum": 762.758,
        "minimum": 762.696,
        "most_common": 762.696,
        "num_of_zeros": 0,
        "standard_deviation": 0.024944136804823228
    },
    "ecSQ1_Set_Current": {
        "average": 762.6100000000005,
        "current size": 64,
        "first": 762.61,
        "maximum": 762.61,
        "minimum": 762.61,
        "most_common": 762.61,
        "num_of_zeros": 0,
        "standard_deviation": 4.547473508864641e-13
    },
    "ecSQ2_I_coarse": {
        "average": 1280.2109375000007,
        "current size": 64,
        "first": 1280.21,
        "maximum": 1280.27,
        "minimum": 1280.21,
        "most_common": 1280.21,
        "num_of_zeros": 0,
        "standard_deviation": 0.0074411755623624044
    },
    "ecSQ2_Set_Current": {
        "average": 1280.9400000000012,
        "current size": 64,
        "first": 1280.94,
        "maximum": 1280.94,
        "minimum": 1280.94,
        "most_common": 1280.94,
        "num_of_zeros": 0,
        "standard_deviation": 1.1368683772161603e-12
    },
    "ecSQ3_I_coarse": {
        "average": 843.5170937500005,
        "current size": 64,
        "first": 843.523,
        "maximum": 843.523,
        "minimum": 843.46,
        "most_common": 843.46,
        "num_of_zeros": 0,
        "standard_deviation": 0.018363277510765157
    },
    "ecSQ3_Set_Current": {
        "average": 842.8459999999994,
        "current size": 64,
        "first": 842.846,
        "maximum": 842.846,
        "minimum": 842.846,
        "most_common": 842.846,
        "num_of_zeros": 0,
        "standard_deviation": 5.684341886080801e-13
    },
    "hcBDSPOS": {
        "average": 4030050.0,
        "current size": 64,
        "first": 4030050.0,
        "maximum": 4030050.0,
        "minimum": 4030050.0,
        "most_common": 4030050.0,
        "num_of_zeros": 0,
        "standard_deviation": 0.0
    }
}
