{
    "RunNumber": "25467",
    "ecDI_B_Set_NMR": {
        "average": 0.9970569999999992,
        "current size": 74,
        "first": 0.997057,
        "maximum": 0.997057,
        "minimum": 0.997057,
        "most_common": 0.997057,
        "num_of_zeros": 1,
        "standard_deviation": 7.771561172376096e-16
    },
    "ecDI_B_True_NMR": {
        "average": 0.9970549054054063,
        "current size": 74,
        "first": 0.997056,
        "maximum": 0.997057,
        "minimum": 0.997053,
        "most_common": 0.997055,
        "num_of_zeros": 1,
        "standard_deviation": 9.88705390493574e-07
    },
    "ecDI_I_coarse": {
        "average": 1113.1289189189192,
        "current size": 74,
        "first": 1113.09,
        "maximum": 1113.13,
        "minimum": 1113.09,
        "most_common": 1113.09,
        "num_of_zeros": 1,
        "standard_deviation": 0.006486486486517461
    },
    "ecDI_Set_Current": {
        "average": 1117.1399999999996,
        "current size": 74,
        "first": 1117.14,
        "maximum": 1117.14,
        "minimum": 1117.14,
        "most_common": 1117.14,
        "num_of_zeros": 1,
        "standard_deviation": 4.547473508864641e-13
    },
    "ecHMS_Angle": {
        "average": 16.75,
        "current size": 74,
        "first": 16.75,
        "maximum": 16.75,
        "minimum": 16.75,
        "most_common": 16.75,
        "num_of_zeros": 1,
        "standard_deviation": 0.0
    },
    "ecQ1_I_coarse": {
        "average": 474.18072972972976,
        "current size": 74,
        "first": 474.181,
        "maximum": 474.181,
        "minimum": 474.161,
        "most_common": 474.161,
        "num_of_zeros": 1,
        "standard_deviation": 0.0023091902014350674
    },
    "ecQ1_Set_Current": {
        "average": 474.47999999999985,
        "current size": 74,
        "first": 474.48,
        "maximum": 474.48,
        "minimum": 474.48,
        "most_common": 474.48,
        "num_of_zeros": 1,
        "standard_deviation": 1.7053025658242404e-13
    },
    "ecQ2_I_coarse": {
        "average": 377.20945945945886,
        "current size": 74,
        "first": 377.21,
        "maximum": 377.21,
        "minimum": 377.19,
        "most_common": 377.19,
        "num_of_zeros": 1,
        "standard_deviation": 0.0032432432432402893
    },
    "ecQ2_Set_Current": {
        "average": 377.268,
        "current size": 74,
        "first": 377.268,
        "maximum": 377.268,
        "minimum": 377.268,
        "most_common": 377.268,
        "num_of_zeros": 1,
        "standard_deviation": 0.0
    },
    "ecQ3_I_coarse": {
        "average": 182.99064864864877,
        "current size": 74,
        "first": 182.992,
        "maximum": 182.992,
        "minimum": 182.972,
        "most_common": 182.972,
        "num_of_zeros": 1,
        "standard_deviation": 0.005020047465132389
    },
    "ecQ3_Set_Current": {
        "average": 183.44599999999994,
        "current size": 74,
        "first": 183.446,
        "maximum": 183.446,
        "minimum": 183.446,
        "most_common": 183.446,
        "num_of_zeros": 1,
        "standard_deviation": 5.684341886080802e-14
    },
    "ecSDI_I_coarse": {
        "average": 1158.535135135134,
        "current size": 74,
        "first": 1158.54,
        "maximum": 1158.54,
        "minimum": 1158.42,
        "most_common": 1158.42,
        "num_of_zeros": 1,
        "standard_deviation": 0.02366678840969702
    },
    "ecSDI_Set_Current": {
        "average": 1158.8300000000013,
        "current size": 74,
        "first": 1158.83,
        "maximum": 1158.83,
        "minimum": 1158.83,
        "most_common": 1158.83,
        "num_of_zeros": 1,
        "standard_deviation": 1.3642420526593924e-12
    },
    "ecSHB_I_coarse": {
        "average": 1203.42027027027,
        "current size": 74,
        "first": 1203.4,
        "maximum": 1203.55,
        "minimum": 1203.4,
        "most_common": 1203.4,
        "num_of_zeros": 1,
        "standard_deviation": 0.05128017827295409
    },
    "ecSHB_Set_Current": {
        "average": 1205.4700000000007,
        "current size": 74,
        "first": 1205.47,
        "maximum": 1205.47,
        "minimum": 1205.47,
        "most_common": 1205.47,
        "num_of_zeros": 1,
        "standard_deviation": 6.821210263296962e-13
    },
    "ecSHMS_Angle": {
        "average": 10.210000000000008,
        "current size": 74,
        "first": 10.21,
        "maximum": 10.21,
        "minimum": 10.21,
        "most_common": 10.21,
        "num_of_zeros": 1,
        "standard_deviation": 7.105427357601002e-15
    },
    "ecSQ1_I_coarse": {
        "average": 762.709405405407,
        "current size": 74,
        "first": 762.696,
        "maximum": 762.758,
        "minimum": 762.696,
        "most_common": 762.696,
        "num_of_zeros": 1,
        "standard_deviation": 0.025523131489927152
    },
    "ecSQ1_Set_Current": {
        "average": 762.6100000000005,
        "current size": 74,
        "first": 762.61,
        "maximum": 762.61,
        "minimum": 762.61,
        "most_common": 762.61,
        "num_of_zeros": 1,
        "standard_deviation": 4.547473508864641e-13
    },
    "ecSQ2_I_coarse": {
        "average": 1280.2100000000014,
        "current size": 74,
        "first": 1280.21,
        "maximum": 1280.21,
        "minimum": 1280.21,
        "most_common": 1280.21,
        "num_of_zeros": 1,
        "standard_deviation": 1.3642420526593924e-12
    },
    "ecSQ2_Set_Current": {
        "average": 1280.9400000000014,
        "current size": 74,
        "first": 1280.94,
        "maximum": 1280.94,
        "minimum": 1280.94,
        "most_common": 1280.94,
        "num_of_zeros": 1,
        "standard_deviation": 1.3642420526593924e-12
    },
    "ecSQ3_I_coarse": {
        "average": 843.5247027027033,
        "current size": 74,
        "first": 843.523,
        "maximum": 843.586,
        "minimum": 843.523,
        "most_common": 843.523,
        "num_of_zeros": 1,
        "standard_deviation": 0.010216216216214307
    },
    "ecSQ3_Set_Current": {
        "average": 842.8459999999992,
        "current size": 74,
        "first": 842.846,
        "maximum": 842.846,
        "minimum": 842.846,
        "most_common": 842.846,
        "num_of_zeros": 1,
        "standard_deviation": 7.958078640513122e-13
    },
    "hcBDSPOS": {
        "average": 24018300.0,
        "current size": 75,
        "first": 24018300.0,
        "maximum": 24018300.0,
        "minimum": 24018300.0,
        "most_common": 24018300.0,
        "num_of_zeros": 0,
        "standard_deviation": 0.0
    }
}
