{
    "RunNumber": "25482",
    "ecDI_B_Set_NMR": {
        "average": 1.2921800000000008,
        "current size": 18,
        "first": 1.29218,
        "maximum": 1.29218,
        "minimum": 1.29218,
        "most_common": 1.29218,
        "num_of_zeros": 0,
        "standard_deviation": 6.661338147750939e-16
    },
    "ecDI_B_True_NMR": {
        "average": 1.2921694444444443,
        "current size": 18,
        "first": 1.29217,
        "maximum": 1.29217,
        "minimum": 1.29216,
        "most_common": 1.29216,
        "num_of_zeros": 0,
        "standard_deviation": 2.290614236469262e-06
    },
    "ecDI_I_coarse": {
        "average": 1451.8655555555551,
        "current size": 18,
        "first": 1451.89,
        "maximum": 1451.89,
        "minimum": 1451.85,
        "most_common": 1451.85,
        "num_of_zeros": 0,
        "standard_deviation": 0.01949992086096449
    },
    "ecDI_Set_Current": {
        "average": 1456.4700000000003,
        "current size": 18,
        "first": 1456.47,
        "maximum": 1456.47,
        "minimum": 1456.47,
        "most_common": 1456.47,
        "num_of_zeros": 0,
        "standard_deviation": 2.2737367544323206e-13
    },
    "ecHMS_Angle": {
        "average": 26.39999999999999,
        "current size": 18,
        "first": 26.4,
        "maximum": 26.4,
        "minimum": 26.4,
        "most_common": 26.4,
        "num_of_zeros": 0,
        "standard_deviation": 7.105427357601002e-15
    },
    "ecQ1_I_coarse": {
        "average": 614.5487222222223,
        "current size": 18,
        "first": 614.535,
        "maximum": 614.554,
        "minimum": 614.535,
        "most_common": 614.535,
        "num_of_zeros": 0,
        "standard_deviation": 0.008510160956539801
    },
    "ecQ1_Set_Current": {
        "average": 614.9619999999998,
        "current size": 18,
        "first": 614.962,
        "maximum": 614.962,
        "minimum": 614.962,
        "most_common": 614.962,
        "num_of_zeros": 0,
        "standard_deviation": 2.2737367544323206e-13
    },
    "ecQ2_I_coarse": {
        "average": 489.07483333333323,
        "current size": 18,
        "first": 489.078,
        "maximum": 489.078,
        "minimum": 489.059,
        "most_common": 489.059,
        "num_of_zeros": 0,
        "standard_deviation": 0.007080881928730183
    },
    "ecQ2_Set_Current": {
        "average": 489.1260000000001,
        "current size": 18,
        "first": 489.126,
        "maximum": 489.126,
        "minimum": 489.126,
        "most_common": 489.126,
        "num_of_zeros": 0,
        "standard_deviation": 1.1368683772161603e-13
    },
    "ecQ3_I_coarse": {
        "average": 237.3596666666666,
        "current size": 18,
        "first": 237.343,
        "maximum": 237.363,
        "minimum": 237.343,
        "most_common": 237.343,
        "num_of_zeros": 0,
        "standard_deviation": 0.007453559925003112
    },
    "ecQ3_Set_Current": {
        "average": 237.82200000000006,
        "current size": 18,
        "first": 237.822,
        "maximum": 237.822,
        "minimum": 237.822,
        "most_common": 237.822,
        "num_of_zeros": 0,
        "standard_deviation": 5.684341886080802e-14
    },
    "ecSDI_I_coarse": {
        "average": 1607.9500000000007,
        "current size": 18,
        "first": 1607.87,
        "maximum": 1607.99,
        "minimum": 1607.87,
        "most_common": 1607.87,
        "num_of_zeros": 0,
        "standard_deviation": 0.05656854249497955
    },
    "ecSDI_Set_Current": {
        "average": 1608.0600000000004,
        "current size": 18,
        "first": 1608.06,
        "maximum": 1608.06,
        "minimum": 1608.06,
        "most_common": 1608.06,
        "num_of_zeros": 0,
        "standard_deviation": 4.547473508864641e-13
    },
    "ecSHB_I_coarse": {
        "average": 1680.91,
        "current size": 18,
        "first": 1680.91,
        "maximum": 1680.91,
        "minimum": 1680.91,
        "most_common": 1680.91,
        "num_of_zeros": 0,
        "standard_deviation": 0.0
    },
    "ecSHB_Set_Current": {
        "average": 1683.4199999999994,
        "current size": 18,
        "first": 1683.42,
        "maximum": 1683.42,
        "minimum": 1683.42,
        "most_common": 1683.42,
        "num_of_zeros": 0,
        "standard_deviation": 6.821210263296962e-13
    },
    "ecSHMS_Angle": {
        "average": 18.550000000000004,
        "current size": 18,
        "first": 18.55,
        "maximum": 18.55,
        "minimum": 18.55,
        "most_common": 18.55,
        "num_of_zeros": 0,
        "standard_deviation": 3.552713678800501e-15
    },
    "ecSQ1_I_coarse": {
        "average": 1058.4333333333334,
        "current size": 18,
        "first": 1058.49,
        "maximum": 1058.49,
        "minimum": 1058.43,
        "most_common": 1058.43,
        "num_of_zeros": 0,
        "standard_deviation": 0.013743685418713042
    },
    "ecSQ1_Set_Current": {
        "average": 1058.25,
        "current size": 18,
        "first": 1058.25,
        "maximum": 1058.25,
        "minimum": 1058.25,
        "most_common": 1058.25,
        "num_of_zeros": 0,
        "standard_deviation": 0.0
    },
    "ecSQ2_I_coarse": {
        "average": 1776.3549999999998,
        "current size": 18,
        "first": 1776.32,
        "maximum": 1776.39,
        "minimum": 1776.32,
        "most_common": 1776.32,
        "num_of_zeros": 0,
        "standard_deviation": 0.035000000000081855
    },
    "ecSQ2_Set_Current": {
        "average": 1777.5200000000002,
        "current size": 18,
        "first": 1777.52,
        "maximum": 1777.52,
        "minimum": 1777.52,
        "most_common": 1777.52,
        "num_of_zeros": 0,
        "standard_deviation": 2.2737367544323206e-13
    },
    "ecSQ3_I_coarse": {
        "average": 1170.5166666666669,
        "current size": 18,
        "first": 1170.5,
        "maximum": 1170.56,
        "minimum": 1170.5,
        "most_common": 1170.5,
        "num_of_zeros": 0,
        "standard_deviation": 0.026874192494304058
    },
    "ecSQ3_Set_Current": {
        "average": 1169.59,
        "current size": 18,
        "first": 1169.59,
        "maximum": 1169.59,
        "minimum": 1169.59,
        "most_common": 1169.59,
        "num_of_zeros": 0,
        "standard_deviation": 0.0
    },
    "hcBDSPOS": {
        "average": 24018300.0,
        "current size": 18,
        "first": 24018300.0,
        "maximum": 24018300.0,
        "minimum": 24018300.0,
        "most_common": 24018300.0,
        "num_of_zeros": 0,
        "standard_deviation": 0.0
    }
}
