{
    "RunNumber": "25480",
    "ecDI_B_Set_NMR": {
        "average": 1.2921800000000014,
        "current size": 49,
        "first": 1.29218,
        "maximum": 1.29218,
        "minimum": 1.29218,
        "most_common": 1.29218,
        "num_of_zeros": 0,
        "standard_deviation": 1.3322676295501878e-15
    },
    "ecDI_B_True_NMR": {
        "average": 1.2921683673469382,
        "current size": 49,
        "first": 1.29217,
        "maximum": 1.29217,
        "minimum": 1.29216,
        "most_common": 1.29216,
        "num_of_zeros": 0,
        "standard_deviation": 3.6960755666109138e-06
    },
    "ecDI_I_coarse": {
        "average": 1451.891020408163,
        "current size": 49,
        "first": 1451.89,
        "maximum": 1451.94,
        "minimum": 1451.89,
        "most_common": 1451.89,
        "num_of_zeros": 0,
        "standard_deviation": 0.007069595132927763
    },
    "ecDI_Set_Current": {
        "average": 1456.4700000000005,
        "current size": 49,
        "first": 1456.47,
        "maximum": 1456.47,
        "minimum": 1456.47,
        "most_common": 1456.47,
        "num_of_zeros": 0,
        "standard_deviation": 4.547473508864641e-13
    },
    "ecHMS_Angle": {
        "average": 26.400000000000006,
        "current size": 49,
        "first": 26.4,
        "maximum": 26.4,
        "minimum": 26.4,
        "most_common": 26.4,
        "num_of_zeros": 0,
        "standard_deviation": 7.105427357601002e-15
    },
    "ecQ1_I_coarse": {
        "average": 614.5443061224489,
        "current size": 49,
        "first": 614.554,
        "maximum": 614.554,
        "minimum": 614.535,
        "most_common": 614.535,
        "num_of_zeros": 0,
        "standard_deviation": 0.009498021451610971
    },
    "ecQ1_Set_Current": {
        "average": 614.9619999999996,
        "current size": 49,
        "first": 614.962,
        "maximum": 614.962,
        "minimum": 614.962,
        "most_common": 614.962,
        "num_of_zeros": 0,
        "standard_deviation": 3.410605131648481e-13
    },
    "ecQ2_I_coarse": {
        "average": 489.0776122448981,
        "current size": 49,
        "first": 489.078,
        "maximum": 489.078,
        "minimum": 489.059,
        "most_common": 489.059,
        "num_of_zeros": 0,
        "standard_deviation": 0.0026864461505077277
    },
    "ecQ2_Set_Current": {
        "average": 489.12600000000015,
        "current size": 49,
        "first": 489.126,
        "maximum": 489.126,
        "minimum": 489.126,
        "most_common": 489.126,
        "num_of_zeros": 0,
        "standard_deviation": 1.7053025658242404e-13
    },
    "ecQ3_I_coarse": {
        "average": 237.35279591836738,
        "current size": 49,
        "first": 237.343,
        "maximum": 237.363,
        "minimum": 237.343,
        "most_common": 237.343,
        "num_of_zeros": 0,
        "standard_deviation": 0.009997917317487474
    },
    "ecQ3_Set_Current": {
        "average": 237.8220000000001,
        "current size": 49,
        "first": 237.822,
        "maximum": 237.822,
        "minimum": 237.822,
        "most_common": 237.822,
        "num_of_zeros": 0,
        "standard_deviation": 8.526512829121202e-14
    },
    "ecSDI_I_coarse": {
        "average": 1715.2300000000005,
        "current size": 49,
        "first": 1715.23,
        "maximum": 1715.23,
        "minimum": 1715.23,
        "most_common": 1715.23,
        "num_of_zeros": 0,
        "standard_deviation": 4.547473508864641e-13
    },
    "ecSDI_Set_Current": {
        "average": 1715.2699999999995,
        "current size": 49,
        "first": 1715.27,
        "maximum": 1715.27,
        "minimum": 1715.27,
        "most_common": 1715.27,
        "num_of_zeros": 0,
        "standard_deviation": 4.547473508864641e-13
    },
    "ecSHB_I_coarse": {
        "average": 1796.663061224489,
        "current size": 49,
        "first": 1796.65,
        "maximum": 1796.81,
        "minimum": 1796.65,
        "most_common": 1796.65,
        "num_of_zeros": 0,
        "standard_deviation": 0.043808678742813204
    },
    "ecSHB_Set_Current": {
        "average": 1799.3600000000004,
        "current size": 49,
        "first": 1799.36,
        "maximum": 1799.36,
        "minimum": 1799.36,
        "most_common": 1799.36,
        "num_of_zeros": 0,
        "standard_deviation": 4.547473508864641e-13
    },
    "ecSHMS_Angle": {
        "average": 18.549999999999983,
        "current size": 49,
        "first": 18.55,
        "maximum": 18.55,
        "minimum": 18.55,
        "most_common": 18.55,
        "num_of_zeros": 0,
        "standard_deviation": 1.7763568394002505e-14
    },
    "ecSQ1_I_coarse": {
        "average": 1129.0263265306116,
        "current size": 49,
        "first": 1129.03,
        "maximum": 1129.03,
        "minimum": 1128.97,
        "most_common": 1128.97,
        "num_of_zeros": 0,
        "standard_deviation": 0.01438449811158373
    },
    "ecSQ1_Set_Current": {
        "average": 1128.8000000000009,
        "current size": 49,
        "first": 1128.8,
        "maximum": 1128.8,
        "minimum": 1128.8,
        "most_common": 1128.8,
        "num_of_zeros": 0,
        "standard_deviation": 9.094947017729282e-13
    },
    "ecSQ2_I_coarse": {
        "average": 1894.7536734693876,
        "current size": 49,
        "first": 1894.81,
        "maximum": 1894.81,
        "minimum": 1894.75,
        "most_common": 1894.75,
        "num_of_zeros": 0,
        "standard_deviation": 0.014384498111583726
    },
    "ecSQ2_Set_Current": {
        "average": 1896.0200000000002,
        "current size": 49,
        "first": 1896.02,
        "maximum": 1896.02,
        "minimum": 1896.02,
        "most_common": 1896.02,
        "num_of_zeros": 0,
        "standard_deviation": 2.2737367544323206e-13
    },
    "ecSQ3_I_coarse": {
        "average": 1248.5842857142868,
        "current size": 49,
        "first": 1248.62,
        "maximum": 1248.62,
        "minimum": 1248.55,
        "most_common": 1248.55,
        "num_of_zeros": 0,
        "standard_deviation": 0.034992710611156434
    },
    "ecSQ3_Set_Current": {
        "average": 1247.5599999999993,
        "current size": 49,
        "first": 1247.56,
        "maximum": 1247.56,
        "minimum": 1247.56,
        "most_common": 1247.56,
        "num_of_zeros": 0,
        "standard_deviation": 6.821210263296962e-13
    },
    "hcBDSPOS": {
        "average": 24018300.0,
        "current size": 49,
        "first": 24018300.0,
        "maximum": 24018300.0,
        "minimum": 24018300.0,
        "most_common": 24018300.0,
        "num_of_zeros": 0,
        "standard_deviation": 0.0
    }
}
