{
    "RunNumber": "25500",
    "ecDI_B_Set_NMR": {
        "average": 0.9970569999999999,
        "current size": 49,
        "first": 0.997057,
        "maximum": 0.997057,
        "minimum": 0.997057,
        "most_common": 0.997057,
        "num_of_zeros": 0,
        "standard_deviation": 1.1102230246251565e-16
    },
    "ecDI_B_True_NMR": {
        "average": 0.9970567346938779,
        "current size": 49,
        "first": 0.997057,
        "maximum": 0.997059,
        "minimum": 0.997055,
        "most_common": 0.997057,
        "num_of_zeros": 0,
        "standard_deviation": 1.0454080387475901e-06
    },
    "ecDI_I_coarse": {
        "average": 1113.0114285714285,
        "current size": 49,
        "first": 1113.04,
        "maximum": 1113.04,
        "minimum": 1112.99,
        "most_common": 1112.99,
        "num_of_zeros": 0,
        "standard_deviation": 0.02474358296524716
    },
    "ecDI_Set_Current": {
        "average": 1117.0199999999988,
        "current size": 49,
        "first": 1117.02,
        "maximum": 1117.02,
        "minimum": 1117.02,
        "most_common": 1117.02,
        "num_of_zeros": 0,
        "standard_deviation": 1.1368683772161603e-12
    },
    "ecHMS_Angle": {
        "average": 16.75,
        "current size": 49,
        "first": 16.75,
        "maximum": 16.75,
        "minimum": 16.75,
        "most_common": 16.75,
        "num_of_zeros": 0,
        "standard_deviation": 0.0
    },
    "ecQ1_I_coarse": {
        "average": 474.1769183673471,
        "current size": 49,
        "first": 474.181,
        "maximum": 474.181,
        "minimum": 474.161,
        "most_common": 474.161,
        "num_of_zeros": 0,
        "standard_deviation": 0.008060578635964707
    },
    "ecQ1_Set_Current": {
        "average": 474.4799999999996,
        "current size": 49,
        "first": 474.48,
        "maximum": 474.48,
        "minimum": 474.48,
        "most_common": 474.48,
        "num_of_zeros": 0,
        "standard_deviation": 3.979039320256561e-13
    },
    "ecQ2_I_coarse": {
        "average": 377.2038775510199,
        "current size": 49,
        "first": 377.21,
        "maximum": 377.21,
        "minimum": 377.19,
        "most_common": 377.19,
        "num_of_zeros": 0,
        "standard_deviation": 0.009217624318878318
    },
    "ecQ2_Set_Current": {
        "average": 377.268,
        "current size": 49,
        "first": 377.268,
        "maximum": 377.268,
        "minimum": 377.268,
        "most_common": 377.268,
        "num_of_zeros": 0,
        "standard_deviation": 0.0
    },
    "ecQ3_I_coarse": {
        "average": 182.98914285714298,
        "current size": 49,
        "first": 182.992,
        "maximum": 182.992,
        "minimum": 182.972,
        "most_common": 182.972,
        "num_of_zeros": 0,
        "standard_deviation": 0.006998542122231288
    },
    "ecQ3_Set_Current": {
        "average": 183.44599999999994,
        "current size": 49,
        "first": 183.446,
        "maximum": 183.446,
        "minimum": 183.446,
        "most_common": 183.446,
        "num_of_zeros": 0,
        "standard_deviation": 5.684341886080802e-14
    },
    "ecSDI_I_coarse": {
        "average": 1158.5400000000006,
        "current size": 49,
        "first": 1158.54,
        "maximum": 1158.54,
        "minimum": 1158.54,
        "most_common": 1158.54,
        "num_of_zeros": 0,
        "standard_deviation": 6.821210263296962e-13
    },
    "ecSDI_Set_Current": {
        "average": 1158.830000000001,
        "current size": 49,
        "first": 1158.83,
        "maximum": 1158.83,
        "minimum": 1158.83,
        "most_common": 1158.83,
        "num_of_zeros": 0,
        "standard_deviation": 1.1368683772161603e-12
    },
    "ecSHB_I_coarse": {
        "average": 1203.430612244899,
        "current size": 49,
        "first": 1203.4,
        "maximum": 1203.55,
        "minimum": 1203.4,
        "most_common": 1203.4,
        "num_of_zeros": 0,
        "standard_deviation": 0.060454339769735285
    },
    "ecSHB_Set_Current": {
        "average": 1205.4700000000007,
        "current size": 49,
        "first": 1205.47,
        "maximum": 1205.47,
        "minimum": 1205.47,
        "most_common": 1205.47,
        "num_of_zeros": 0,
        "standard_deviation": 6.821210263296962e-13
    },
    "ecSHMS_Angle": {
        "average": 8.100000000000005,
        "current size": 49,
        "first": 8.1,
        "maximum": 8.1,
        "minimum": 8.1,
        "most_common": 8.1,
        "num_of_zeros": 0,
        "standard_deviation": 5.3290705182007514e-15
    },
    "ecSQ1_I_coarse": {
        "average": 762.697265306123,
        "current size": 49,
        "first": 762.696,
        "maximum": 762.758,
        "minimum": 762.696,
        "most_common": 762.696,
        "num_of_zeros": 0,
        "standard_deviation": 0.008766297964840072
    },
    "ecSQ1_Set_Current": {
        "average": 762.6100000000005,
        "current size": 49,
        "first": 762.61,
        "maximum": 762.61,
        "minimum": 762.61,
        "most_common": 762.61,
        "num_of_zeros": 0,
        "standard_deviation": 4.547473508864641e-13
    },
    "ecSQ2_I_coarse": {
        "average": 1280.227142857142,
        "current size": 49,
        "first": 1280.27,
        "maximum": 1280.27,
        "minimum": 1280.21,
        "most_common": 1280.21,
        "num_of_zeros": 0,
        "standard_deviation": 0.027105237087132878
    },
    "ecSQ2_Set_Current": {
        "average": 1280.9400000000007,
        "current size": 49,
        "first": 1280.94,
        "maximum": 1280.94,
        "minimum": 1280.94,
        "most_common": 1280.94,
        "num_of_zeros": 0,
        "standard_deviation": 6.821210263296962e-13
    },
    "ecSQ3_I_coarse": {
        "average": 843.515285714286,
        "current size": 49,
        "first": 843.523,
        "maximum": 843.523,
        "minimum": 843.46,
        "most_common": 843.46,
        "num_of_zeros": 0,
        "standard_deviation": 0.020651629376836275
    },
    "ecSQ3_Set_Current": {
        "average": 842.846,
        "current size": 49,
        "first": 842.846,
        "maximum": 842.846,
        "minimum": 842.846,
        "most_common": 842.846,
        "num_of_zeros": 0,
        "standard_deviation": 0.0
    },
    "hcBDSPOS": {
        "average": 31648900.0,
        "current size": 49,
        "first": 31648900.0,
        "maximum": 31648900.0,
        "minimum": 31648900.0,
        "most_common": 31648900.0,
        "num_of_zeros": 0,
        "standard_deviation": 0.0
    }
}
