{
    "RunNumber": "25518",
    "ecDI_B_Set_NMR": {
        "average": 0.9970570000000002,
        "current size": 41,
        "first": 0.997057,
        "maximum": 0.997057,
        "minimum": 0.997057,
        "most_common": 0.997057,
        "num_of_zeros": 0,
        "standard_deviation": 2.220446049250313e-16
    },
    "ecDI_B_True_NMR": {
        "average": 0.9970713414634145,
        "current size": 41,
        "first": 0.997071,
        "maximum": 0.997073,
        "minimum": 0.99707,
        "most_common": 0.997071,
        "num_of_zeros": 0,
        "standard_deviation": 9.268292682729449e-07
    },
    "ecDI_I_coarse": {
        "average": 1114.2392682926825,
        "current size": 41,
        "first": 1114.26,
        "maximum": 1114.26,
        "minimum": 1114.21,
        "most_common": 1114.21,
        "num_of_zeros": 0,
        "standard_deviation": 0.024632938874031438
    },
    "ecDI_Set_Current": {
        "average": 1118.25,
        "current size": 41,
        "first": 1118.25,
        "maximum": 1118.25,
        "minimum": 1118.25,
        "most_common": 1118.25,
        "num_of_zeros": 0,
        "standard_deviation": 0.0
    },
    "ecHMS_Angle": {
        "average": 16.75,
        "current size": 41,
        "first": 16.75,
        "maximum": 16.75,
        "minimum": 16.75,
        "most_common": 16.75,
        "num_of_zeros": 0,
        "standard_deviation": 0.0
    },
    "ecQ1_I_coarse": {
        "average": 474.17221951219517,
        "current size": 41,
        "first": 474.161,
        "maximum": 474.181,
        "minimum": 474.161,
        "most_common": 474.161,
        "num_of_zeros": 0,
        "standard_deviation": 0.009925360950906
    },
    "ecQ1_Set_Current": {
        "average": 474.4799999999997,
        "current size": 41,
        "first": 474.48,
        "maximum": 474.48,
        "minimum": 474.48,
        "most_common": 474.48,
        "num_of_zeros": 0,
        "standard_deviation": 3.410605131648481e-13
    },
    "ecQ2_I_coarse": {
        "average": 377.1929268292684,
        "current size": 41,
        "first": 377.19,
        "maximum": 377.21,
        "minimum": 377.19,
        "most_common": 377.19,
        "num_of_zeros": 0,
        "standard_deviation": 0.007068964266427444
    },
    "ecQ2_Set_Current": {
        "average": 377.268,
        "current size": 41,
        "first": 377.268,
        "maximum": 377.268,
        "minimum": 377.268,
        "most_common": 377.268,
        "num_of_zeros": 0,
        "standard_deviation": 0.0
    },
    "ecQ3_I_coarse": {
        "average": 182.99004878048794,
        "current size": 41,
        "first": 182.992,
        "maximum": 182.992,
        "minimum": 182.972,
        "most_common": 182.972,
        "num_of_zeros": 0,
        "standard_deviation": 0.005934402468578228
    },
    "ecQ3_Set_Current": {
        "average": 183.44599999999994,
        "current size": 41,
        "first": 183.446,
        "maximum": 183.446,
        "minimum": 183.446,
        "most_common": 183.446,
        "num_of_zeros": 0,
        "standard_deviation": 5.684341886080802e-14
    },
    "ecSDI_I_coarse": {
        "average": 1158.534146341464,
        "current size": 41,
        "first": 1158.54,
        "maximum": 1158.54,
        "minimum": 1158.42,
        "most_common": 1158.42,
        "num_of_zeros": 0,
        "standard_deviation": 0.025849056194106764
    },
    "ecSDI_Set_Current": {
        "average": 1158.830000000001,
        "current size": 41,
        "first": 1158.83,
        "maximum": 1158.83,
        "minimum": 1158.83,
        "most_common": 1158.83,
        "num_of_zeros": 0,
        "standard_deviation": 1.1368683772161603e-12
    },
    "ecSHB_I_coarse": {
        "average": 1203.400000000001,
        "current size": 41,
        "first": 1203.4,
        "maximum": 1203.4,
        "minimum": 1203.4,
        "most_common": 1203.4,
        "num_of_zeros": 0,
        "standard_deviation": 9.094947017729282e-13
    },
    "ecSHB_Set_Current": {
        "average": 1205.4700000000007,
        "current size": 41,
        "first": 1205.47,
        "maximum": 1205.47,
        "minimum": 1205.47,
        "most_common": 1205.47,
        "num_of_zeros": 0,
        "standard_deviation": 6.821210263296962e-13
    },
    "ecSHMS_Angle": {
        "average": 8.100000000000001,
        "current size": 41,
        "first": 8.1,
        "maximum": 8.1,
        "minimum": 8.1,
        "most_common": 8.1,
        "num_of_zeros": 0,
        "standard_deviation": 1.7763568394002505e-15
    },
    "ecSQ1_I_coarse": {
        "average": 762.700536585366,
        "current size": 41,
        "first": 762.696,
        "maximum": 762.758,
        "minimum": 762.696,
        "most_common": 762.696,
        "num_of_zeros": 0,
        "standard_deviation": 0.016145825649416284
    },
    "ecSQ1_Set_Current": {
        "average": 762.6100000000004,
        "current size": 41,
        "first": 762.61,
        "maximum": 762.61,
        "minimum": 762.61,
        "most_common": 762.61,
        "num_of_zeros": 0,
        "standard_deviation": 3.410605131648481e-13
    },
    "ecSQ2_I_coarse": {
        "average": 1280.2217073170725,
        "current size": 41,
        "first": 1280.27,
        "maximum": 1280.27,
        "minimum": 1280.21,
        "most_common": 1280.21,
        "num_of_zeros": 0,
        "standard_deviation": 0.023777673379400687
    },
    "ecSQ2_Set_Current": {
        "average": 1280.9400000000005,
        "current size": 41,
        "first": 1280.94,
        "maximum": 1280.94,
        "minimum": 1280.94,
        "most_common": 1280.94,
        "num_of_zeros": 0,
        "standard_deviation": 4.547473508864641e-13
    },
    "ecSQ3_I_coarse": {
        "average": 843.5199268292686,
        "current size": 41,
        "first": 843.523,
        "maximum": 843.523,
        "minimum": 843.46,
        "most_common": 843.46,
        "num_of_zeros": 0,
        "standard_deviation": 0.013570754501915852
    },
    "ecSQ3_Set_Current": {
        "average": 842.8460000000003,
        "current size": 41,
        "first": 842.846,
        "maximum": 842.846,
        "minimum": 842.846,
        "most_common": 842.846,
        "num_of_zeros": 0,
        "standard_deviation": 3.410605131648481e-13
    },
    "hcBDSPOS": {
        "average": 31648900.0,
        "current size": 41,
        "first": 31648900.0,
        "maximum": 31648900.0,
        "minimum": 31648900.0,
        "most_common": 31648900.0,
        "num_of_zeros": 0,
        "standard_deviation": 0.0
    }
}
