{
    "RunNumber": "25530",
    "ecDI_B_Set_NMR": {
        "average": 1.4452,
        "current size": 42,
        "first": 1.4452,
        "maximum": 1.4452,
        "minimum": 1.4452,
        "most_common": 1.4452,
        "num_of_zeros": 0,
        "standard_deviation": 0.0
    },
    "ecDI_B_True_NMR": {
        "average": 1.4452100000000012,
        "current size": 42,
        "first": 1.44521,
        "maximum": 1.44521,
        "minimum": 1.44521,
        "most_common": 1.44521,
        "num_of_zeros": 0,
        "standard_deviation": 1.1102230246251565e-15
    },
    "ecDI_I_coarse": {
        "average": 1646.3507142857138,
        "current size": 42,
        "first": 1646.35,
        "maximum": 1646.39,
        "minimum": 1646.3,
        "most_common": 1646.35,
        "num_of_zeros": 0,
        "standard_deviation": 0.011627728997240077
    },
    "ecDI_Set_Current": {
        "average": 1651.0999999999992,
        "current size": 42,
        "first": 1651.1,
        "maximum": 1651.1,
        "minimum": 1651.1,
        "most_common": 1651.1,
        "num_of_zeros": 0,
        "standard_deviation": 6.821210263296962e-13
    },
    "ecHMS_Angle": {
        "average": 14.019999999999992,
        "current size": 42,
        "first": 14.02,
        "maximum": 14.02,
        "minimum": 14.02,
        "most_common": 14.02,
        "num_of_zeros": 0,
        "standard_deviation": 7.105427357601002e-15
    },
    "ecQ1_I_coarse": {
        "average": 686.2809285714285,
        "current size": 42,
        "first": 686.285,
        "maximum": 686.285,
        "minimum": 686.266,
        "most_common": 686.266,
        "num_of_zeros": 0,
        "standard_deviation": 0.00779619216316099
    },
    "ecQ1_Set_Current": {
        "average": 686.7299999999997,
        "current size": 42,
        "first": 686.73,
        "maximum": 686.73,
        "minimum": 686.73,
        "most_common": 686.73,
        "num_of_zeros": 0,
        "standard_deviation": 3.410605131648481e-13
    },
    "ecQ2_I_coarse": {
        "average": 547.7254761904759,
        "current size": 42,
        "first": 547.73,
        "maximum": 547.73,
        "minimum": 547.711,
        "most_common": 547.711,
        "num_of_zeros": 0,
        "standard_deviation": 0.008092436490001565
    },
    "ecQ2_Set_Current": {
        "average": 547.7479999999997,
        "current size": 42,
        "first": 547.748,
        "maximum": 547.748,
        "minimum": 547.748,
        "most_common": 547.748,
        "num_of_zeros": 0,
        "standard_deviation": 3.410605131648481e-13
    },
    "ecQ3_I_coarse": {
        "average": 265.1059999999998,
        "current size": 42,
        "first": 265.106,
        "maximum": 265.106,
        "minimum": 265.106,
        "most_common": 265.106,
        "num_of_zeros": 0,
        "standard_deviation": 1.7053025658242404e-13
    },
    "ecQ3_Set_Current": {
        "average": 265.5640000000002,
        "current size": 42,
        "first": 265.564,
        "maximum": 265.564,
        "minimum": 265.564,
        "most_common": 265.564,
        "num_of_zeros": 0,
        "standard_deviation": 1.7053025658242404e-13
    },
    "ecSDI_I_coarse": {
        "average": 1681.3285714285719,
        "current size": 42,
        "first": 1681.32,
        "maximum": 1681.44,
        "minimum": 1681.32,
        "most_common": 1681.32,
        "num_of_zeros": 0,
        "standard_deviation": 0.03090472521829321
    },
    "ecSDI_Set_Current": {
        "average": 1681.449999999999,
        "current size": 42,
        "first": 1681.45,
        "maximum": 1681.45,
        "minimum": 1681.45,
        "most_common": 1681.45,
        "num_of_zeros": 0,
        "standard_deviation": 1.1368683772161603e-12
    },
    "ecSHB_I_coarse": {
        "average": 1760.0919047619059,
        "current size": 42,
        "first": 1760.05,
        "maximum": 1760.21,
        "minimum": 1760.05,
        "most_common": 1760.05,
        "num_of_zeros": 0,
        "standard_deviation": 0.07034737261953838
    },
    "ecSHB_Set_Current": {
        "average": 1762.699999999999,
        "current size": 42,
        "first": 1762.7,
        "maximum": 1762.7,
        "minimum": 1762.7,
        "most_common": 1762.7,
        "num_of_zeros": 0,
        "standard_deviation": 1.1368683772161603e-12
    },
    "ecSHMS_Angle": {
        "average": 13.5,
        "current size": 42,
        "first": 13.5,
        "maximum": 13.5,
        "minimum": 13.5,
        "most_common": 13.5,
        "num_of_zeros": 0,
        "standard_deviation": 0.0
    },
    "ecSQ1_I_coarse": {
        "average": 1106.767142857143,
        "current size": 42,
        "first": 1106.71,
        "maximum": 1106.83,
        "minimum": 1106.71,
        "most_common": 1106.71,
        "num_of_zeros": 0,
        "standard_deviation": 0.053908463611702984
    },
    "ecSQ1_Set_Current": {
        "average": 1106.5400000000006,
        "current size": 42,
        "first": 1106.54,
        "maximum": 1106.54,
        "minimum": 1106.54,
        "most_common": 1106.54,
        "num_of_zeros": 0,
        "standard_deviation": 6.821210263296962e-13
    },
    "ecSQ2_I_coarse": {
        "average": 1857.4,
        "current size": 42,
        "first": 1857.4,
        "maximum": 1857.4,
        "minimum": 1857.4,
        "most_common": 1857.4,
        "num_of_zeros": 0,
        "standard_deviation": 0.0
    },
    "ecSQ2_Set_Current": {
        "average": 1858.6299999999999,
        "current size": 42,
        "first": 1858.63,
        "maximum": 1858.63,
        "minimum": 1858.63,
        "most_common": 1858.63,
        "num_of_zeros": 0,
        "standard_deviation": 2.2737367544323206e-13
    },
    "ecSQ3_I_coarse": {
        "average": 1223.9614285714279,
        "current size": 42,
        "first": 1223.96,
        "maximum": 1224.02,
        "minimum": 1223.96,
        "most_common": 1223.96,
        "num_of_zeros": 0,
        "standard_deviation": 0.009147320339181465
    },
    "ecSQ3_Set_Current": {
        "average": 1222.9599999999994,
        "current size": 42,
        "first": 1222.96,
        "maximum": 1222.96,
        "minimum": 1222.96,
        "most_common": 1222.96,
        "num_of_zeros": 0,
        "standard_deviation": 6.821210263296962e-13
    },
    "hcBDSPOS": {
        "average": 8237620.0,
        "current size": 42,
        "first": 8237620.0,
        "maximum": 8237620.0,
        "minimum": 8237620.0,
        "most_common": 8237620.0,
        "num_of_zeros": 0,
        "standard_deviation": 0.0
    }
}
