{
    "RunNumber": "25539",
    "ecDI_B_Set_NMR": {
        "average": 0.9970570000000004,
        "current size": 37,
        "first": 0.997057,
        "maximum": 0.997057,
        "minimum": 0.997057,
        "most_common": 0.997057,
        "num_of_zeros": 0,
        "standard_deviation": 4.440892098500626e-16
    },
    "ecDI_B_True_NMR": {
        "average": 0.9969892162162164,
        "current size": 37,
        "first": 0.996989,
        "maximum": 0.996992,
        "minimum": 0.996987,
        "most_common": 0.996989,
        "num_of_zeros": 0,
        "standard_deviation": 1.1421917086076212e-06
    },
    "ecDI_I_coarse": {
        "average": 1112.8810810810814,
        "current size": 37,
        "first": 1112.9,
        "maximum": 1112.9,
        "minimum": 1112.85,
        "most_common": 1112.85,
        "num_of_zeros": 0,
        "standard_deviation": 0.024249133033772487
    },
    "ecDI_Set_Current": {
        "average": 1116.9000000000008,
        "current size": 37,
        "first": 1116.9,
        "maximum": 1116.9,
        "minimum": 1116.9,
        "most_common": 1116.9,
        "num_of_zeros": 0,
        "standard_deviation": 6.821210263296962e-13
    },
    "ecHMS_Angle": {
        "average": 16.769999999999992,
        "current size": 37,
        "first": 16.77,
        "maximum": 16.77,
        "minimum": 16.77,
        "most_common": 16.77,
        "num_of_zeros": 0,
        "standard_deviation": 7.105427357601002e-15
    },
    "ecQ1_I_coarse": {
        "average": 474.1825405405407,
        "current size": 37,
        "first": 474.181,
        "maximum": 474.2,
        "minimum": 474.181,
        "most_common": 474.181,
        "num_of_zeros": 0,
        "standard_deviation": 0.005186232265646884
    },
    "ecQ1_Set_Current": {
        "average": 474.4799999999997,
        "current size": 37,
        "first": 474.48,
        "maximum": 474.48,
        "minimum": 474.48,
        "most_common": 474.48,
        "num_of_zeros": 0,
        "standard_deviation": 3.410605131648481e-13
    },
    "ecQ2_I_coarse": {
        "average": 377.20783783783753,
        "current size": 37,
        "first": 377.21,
        "maximum": 377.21,
        "minimum": 377.19,
        "most_common": 377.19,
        "num_of_zeros": 0,
        "standard_deviation": 0.006210337996251677
    },
    "ecQ2_Set_Current": {
        "average": 377.268,
        "current size": 37,
        "first": 377.268,
        "maximum": 377.268,
        "minimum": 377.268,
        "most_common": 377.268,
        "num_of_zeros": 0,
        "standard_deviation": 0.0
    },
    "ecQ3_I_coarse": {
        "average": 182.99091891891902,
        "current size": 37,
        "first": 182.992,
        "maximum": 182.992,
        "minimum": 182.972,
        "most_common": 182.972,
        "num_of_zeros": 0,
        "standard_deviation": 0.004522486629909808
    },
    "ecQ3_Set_Current": {
        "average": 183.44599999999994,
        "current size": 37,
        "first": 183.446,
        "maximum": 183.446,
        "minimum": 183.446,
        "most_common": 183.446,
        "num_of_zeros": 0,
        "standard_deviation": 5.684341886080802e-14
    },
    "ecSDI_I_coarse": {
        "average": 1158.5367567567573,
        "current size": 37,
        "first": 1158.54,
        "maximum": 1158.54,
        "minimum": 1158.42,
        "most_common": 1158.42,
        "num_of_zeros": 0,
        "standard_deviation": 0.01945945945944177
    },
    "ecSDI_Set_Current": {
        "average": 1158.830000000001,
        "current size": 37,
        "first": 1158.83,
        "maximum": 1158.83,
        "minimum": 1158.83,
        "most_common": 1158.83,
        "num_of_zeros": 0,
        "standard_deviation": 1.1368683772161603e-12
    },
    "ecSHB_I_coarse": {
        "average": 1203.4243243243252,
        "current size": 37,
        "first": 1203.4,
        "maximum": 1203.55,
        "minimum": 1203.4,
        "most_common": 1203.4,
        "num_of_zeros": 0,
        "standard_deviation": 0.055289925798541015
    },
    "ecSHB_Set_Current": {
        "average": 1205.4700000000005,
        "current size": 37,
        "first": 1205.47,
        "maximum": 1205.47,
        "minimum": 1205.47,
        "most_common": 1205.47,
        "num_of_zeros": 0,
        "standard_deviation": 4.547473508864641e-13
    },
    "ecSHMS_Angle": {
        "average": 8.1,
        "current size": 37,
        "first": 8.1,
        "maximum": 8.1,
        "minimum": 8.1,
        "most_common": 8.1,
        "num_of_zeros": 0,
        "standard_deviation": 0.0
    },
    "ecSQ1_I_coarse": {
        "average": 762.7043783783784,
        "current size": 37,
        "first": 762.758,
        "maximum": 762.758,
        "minimum": 762.696,
        "most_common": 762.696,
        "num_of_zeros": 0,
        "standard_deviation": 0.021195807019511025
    },
    "ecSQ1_Set_Current": {
        "average": 762.6100000000004,
        "current size": 37,
        "first": 762.61,
        "maximum": 762.61,
        "minimum": 762.61,
        "most_common": 762.61,
        "num_of_zeros": 0,
        "standard_deviation": 3.410605131648481e-13
    },
    "ecSQ2_I_coarse": {
        "average": 1280.2245945945942,
        "current size": 37,
        "first": 1280.21,
        "maximum": 1280.27,
        "minimum": 1280.21,
        "most_common": 1280.21,
        "num_of_zeros": 0,
        "standard_deviation": 0.025742445188713138
    },
    "ecSQ2_Set_Current": {
        "average": 1280.9400000000003,
        "current size": 37,
        "first": 1280.94,
        "maximum": 1280.94,
        "minimum": 1280.94,
        "most_common": 1280.94,
        "num_of_zeros": 0,
        "standard_deviation": 2.2737367544323206e-13
    },
    "ecSQ3_I_coarse": {
        "average": 843.5195945945948,
        "current size": 37,
        "first": 843.523,
        "maximum": 843.586,
        "minimum": 843.46,
        "most_common": 843.523,
        "num_of_zeros": 0,
        "standard_deviation": 0.020432432432428604
    },
    "ecSQ3_Set_Current": {
        "average": 842.8460000000005,
        "current size": 37,
        "first": 842.846,
        "maximum": 842.846,
        "minimum": 842.846,
        "most_common": 842.846,
        "num_of_zeros": 0,
        "standard_deviation": 4.547473508864641e-13
    },
    "hcBDSPOS": {
        "average": 24018300.0,
        "current size": 37,
        "first": 24018300.0,
        "maximum": 24018300.0,
        "minimum": 24018300.0,
        "most_common": 24018300.0,
        "num_of_zeros": 0,
        "standard_deviation": 0.0
    }
}
