{
    "RunNumber": "25594",
    "ecDI_B_Set_NMR": {
        "average": 0.47170299999999993,
        "current size": 6,
        "first": 0.471703,
        "maximum": 0.471703,
        "minimum": 0.471703,
        "most_common": 0.471703,
        "num_of_zeros": 0,
        "standard_deviation": 5.551115123125783e-17
    },
    "ecDI_B_True_NMR": {
        "average": 0.4717203333333333,
        "current size": 6,
        "first": 0.47172,
        "maximum": 0.471721,
        "minimum": 0.47172,
        "most_common": 0.47172,
        "num_of_zeros": 0,
        "standard_deviation": 4.7140452080458726e-07
    },
    "ecDI_I_coarse": {
        "average": 523.5146666666668,
        "current size": 6,
        "first": 523.499,
        "maximum": 523.546,
        "minimum": 523.499,
        "most_common": 523.499,
        "num_of_zeros": 0,
        "standard_deviation": 0.022156012477190495
    },
    "ecDI_Set_Current": {
        "average": 526.544,
        "current size": 6,
        "first": 526.544,
        "maximum": 526.544,
        "minimum": 526.544,
        "most_common": 526.544,
        "num_of_zeros": 0,
        "standard_deviation": 0.0
    },
    "ecHMS_Angle": {
        "average": 19.0,
        "current size": 6,
        "first": 19.0,
        "maximum": 19.0,
        "minimum": 19.0,
        "most_common": 19.0,
        "num_of_zeros": 0,
        "standard_deviation": 0.0
    },
    "ecQ1_I_coarse": {
        "average": 224.26183333333333,
        "current size": 6,
        "first": 224.265,
        "maximum": 224.265,
        "minimum": 224.246,
        "most_common": 224.246,
        "num_of_zeros": 0,
        "standard_deviation": 0.007080881928740776
    },
    "ecQ1_Set_Current": {
        "average": 224.40100000000004,
        "current size": 6,
        "first": 224.401,
        "maximum": 224.401,
        "minimum": 224.401,
        "most_common": 224.401,
        "num_of_zeros": 0,
        "standard_deviation": 2.842170943040401e-14
    },
    "ecQ2_I_coarse": {
        "average": 178.24299999999997,
        "current size": 6,
        "first": 178.243,
        "maximum": 178.243,
        "minimum": 178.243,
        "most_common": 178.243,
        "num_of_zeros": 0,
        "standard_deviation": 2.842170943040401e-14
    },
    "ecQ2_Set_Current": {
        "average": 178.33899999999997,
        "current size": 6,
        "first": 178.339,
        "maximum": 178.339,
        "minimum": 178.339,
        "most_common": 178.339,
        "num_of_zeros": 0,
        "standard_deviation": 2.842170943040401e-14
    },
    "ecQ3_I_coarse": {
        "average": 86.19053333333333,
        "current size": 6,
        "first": 86.184,
        "maximum": 86.2036,
        "minimum": 86.184,
        "most_common": 86.184,
        "num_of_zeros": 0,
        "standard_deviation": 0.009239528607502785
    },
    "ecQ3_Set_Current": {
        "average": 86.6483,
        "current size": 6,
        "first": 86.6483,
        "maximum": 86.6483,
        "minimum": 86.6483,
        "most_common": 86.6483,
        "num_of_zeros": 0,
        "standard_deviation": 0.0
    },
    "ecSDI_I_coarse": {
        "average": 695.0749999999999,
        "current size": 6,
        "first": 695.075,
        "maximum": 695.075,
        "minimum": 695.075,
        "most_common": 695.075,
        "num_of_zeros": 0,
        "standard_deviation": 1.1368683772161603e-13
    },
    "ecSDI_Set_Current": {
        "average": 695.552,
        "current size": 6,
        "first": 695.552,
        "maximum": 695.552,
        "minimum": 695.552,
        "most_common": 695.552,
        "num_of_zeros": 0,
        "standard_deviation": 0.0
    },
    "ecSHB_I_coarse": {
        "average": 719.3159999999999,
        "current size": 6,
        "first": 719.316,
        "maximum": 719.316,
        "minimum": 719.316,
        "most_common": 719.316,
        "num_of_zeros": 0,
        "standard_deviation": 1.1368683772161603e-13
    },
    "ecSHB_Set_Current": {
        "average": 720.781,
        "current size": 6,
        "first": 720.781,
        "maximum": 720.781,
        "minimum": 720.781,
        "most_common": 720.781,
        "num_of_zeros": 0,
        "standard_deviation": 0.0
    },
    "ecSHMS_Angle": {
        "average": 18.5,
        "current size": 6,
        "first": 18.5,
        "maximum": 18.5,
        "minimum": 18.5,
        "most_common": 18.5,
        "num_of_zeros": 0,
        "standard_deviation": 0.0
    },
    "ecSQ1_I_coarse": {
        "average": 457.768,
        "current size": 6,
        "first": 457.768,
        "maximum": 457.768,
        "minimum": 457.768,
        "most_common": 457.768,
        "num_of_zeros": 0,
        "standard_deviation": 0.0
    },
    "ecSQ1_Set_Current": {
        "average": 457.734,
        "current size": 6,
        "first": 457.734,
        "maximum": 457.734,
        "minimum": 457.734,
        "most_common": 457.734,
        "num_of_zeros": 0,
        "standard_deviation": 0.0
    },
    "ecSQ2_I_coarse": {
        "average": 768.6886666666666,
        "current size": 6,
        "first": 768.699,
        "maximum": 768.699,
        "minimum": 768.637,
        "most_common": 768.637,
        "num_of_zeros": 0,
        "standard_deviation": 0.023106035767502236
    },
    "ecSQ2_Set_Current": {
        "average": 768.846,
        "current size": 6,
        "first": 768.846,
        "maximum": 768.846,
        "minimum": 768.846,
        "most_common": 768.846,
        "num_of_zeros": 0,
        "standard_deviation": 0.0
    },
    "ecSQ3_I_coarse": {
        "average": 506.3203333333333,
        "current size": 6,
        "first": 506.279,
        "maximum": 506.341,
        "minimum": 506.279,
        "most_common": 506.279,
        "num_of_zeros": 0,
        "standard_deviation": 0.029227080289049537
    },
    "ecSQ3_Set_Current": {
        "average": 505.89400000000006,
        "current size": 6,
        "first": 505.894,
        "maximum": 505.894,
        "minimum": 505.894,
        "most_common": 505.894,
        "num_of_zeros": 0,
        "standard_deviation": 5.684341886080802e-14
    },
    "hcBDSPOS": {
        "average": 24018300.0,
        "current size": 6,
        "first": 24018300.0,
        "maximum": 24018300.0,
        "minimum": 24018300.0,
        "most_common": 24018300.0,
        "num_of_zeros": 0,
        "standard_deviation": 0.0
    }
}
