{
    "RunNumber": "24295",
    "ecDI_B_Set_NMR": {
        "average": 0.41913999999999985,
        "current size": 18,
        "first": 0.41914,
        "maximum": 0.41914,
        "minimum": 0.41914,
        "most_common": 0.41914,
        "num_of_zeros": 0,
        "standard_deviation": 1.6653345369377348e-16
    },
    "ecDI_B_True_NMR": {
        "average": 0.4185158333333334,
        "current size": 18,
        "first": 0.418515,
        "maximum": 0.418517,
        "minimum": 0.418512,
        "most_common": 0.418516,
        "num_of_zeros": 0,
        "standard_deviation": 1.0137937550459008e-06
    },
    "ecDI_I_coarse": {
        "average": 464.6022222222221,
        "current size": 18,
        "first": 464.644,
        "maximum": 464.644,
        "minimum": 464.597,
        "most_common": 464.597,
        "num_of_zeros": 0,
        "standard_deviation": 0.014770674984793666
    },
    "ecDI_Set_Current": {
        "average": 467.53700000000003,
        "current size": 18,
        "first": 467.537,
        "maximum": 467.537,
        "minimum": 467.537,
        "most_common": 467.537,
        "num_of_zeros": 0,
        "standard_deviation": 5.684341886080802e-14
    },
    "ecQ1_I_coarse": {
        "average": 199.27372222222223,
        "current size": 18,
        "first": 199.279,
        "maximum": 199.279,
        "minimum": 199.26,
        "most_common": 199.26,
        "num_of_zeros": 0,
        "standard_deviation": 0.008510160956539801
    },
    "ecQ1_Set_Current": {
        "average": 199.38000000000005,
        "current size": 18,
        "first": 199.38,
        "maximum": 199.38,
        "minimum": 199.38,
        "most_common": 199.38,
        "num_of_zeros": 0,
        "standard_deviation": 5.684341886080802e-14
    },
    "ecQ2_I_coarse": {
        "average": 158.31988888888884,
        "current size": 18,
        "first": 158.321,
        "maximum": 158.321,
        "minimum": 158.301,
        "most_common": 158.301,
        "num_of_zeros": 0,
        "standard_deviation": 0.004581228472910854
    },
    "ecQ2_Set_Current": {
        "average": 158.43600000000004,
        "current size": 18,
        "first": 158.436,
        "maximum": 158.436,
        "minimum": 158.436,
        "most_common": 158.436,
        "num_of_zeros": 0,
        "standard_deviation": 2.842170943040401e-14
    },
    "ecQ3_I_coarse": {
        "average": 76.50365555555555,
        "current size": 18,
        "first": 76.4993,
        "maximum": 76.5189,
        "minimum": 76.4993,
        "most_common": 76.4993,
        "num_of_zeros": 0,
        "standard_deviation": 0.008148498308973096
    },
    "ecQ3_Set_Current": {
        "average": 76.96360000000001,
        "current size": 18,
        "first": 76.9636,
        "maximum": 76.9636,
        "minimum": 76.9636,
        "most_common": 76.9636,
        "num_of_zeros": 0,
        "standard_deviation": 1.4210854715202004e-14
    },
    "ecSDI_I_coarse": {
        "average": 1553.0744444444445,
        "current size": 18,
        "first": 1553.06,
        "maximum": 1553.19,
        "minimum": 1553.06,
        "most_common": 1553.06,
        "num_of_zeros": 0,
        "standard_deviation": 0.04085505846859038
    },
    "ecSDI_Set_Current": {
        "average": 1377.9188888888898,
        "current size": 18,
        "first": 1553.19,
        "maximum": 1553.19,
        "minimum": 1158.83,
        "most_common": 1158.83,
        "num_of_zeros": 0,
        "standard_deviation": 195.95905946818164
    },
    "ecSHB_I_coarse": {
        "average": 1463.6477777777777,
        "current size": 18,
        "first": 1621.94,
        "maximum": 1621.94,
        "minimum": 1203.55,
        "most_common": 1203.55,
        "num_of_zeros": 0,
        "standard_deviation": 181.86519035188786
    },
    "ecSHB_Set_Current": {
        "average": 1414.9200000000003,
        "current size": 18,
        "first": 1624.37,
        "maximum": 1624.37,
        "minimum": 1205.47,
        "most_common": 1205.47,
        "num_of_zeros": 0,
        "standard_deviation": 209.4499999999999
    },
    "ecSQ1_I_coarse": {
        "average": 924.1537777777778,
        "current size": 18,
        "first": 1022.41,
        "maximum": 1022.47,
        "minimum": 762.821,
        "most_common": 762.883,
        "num_of_zeros": 0,
        "standard_deviation": 114.17303523091388
    },
    "ecSQ1_Set_Current": {
        "average": 892.3700000000003,
        "current size": 18,
        "first": 1022.13,
        "maximum": 1022.13,
        "minimum": 762.61,
        "most_common": 762.61,
        "num_of_zeros": 0,
        "standard_deviation": 129.76
    },
    "ecSQ2_I_coarse": {
        "average": 1556.0383333333334,
        "current size": 18,
        "first": 1715.76,
        "maximum": 1715.76,
        "minimum": 1280.21,
        "most_common": 1280.21,
        "num_of_zeros": 0,
        "standard_deviation": 192.52020676772835
    },
    "ecSQ2_Set_Current": {
        "average": 1498.8949999999995,
        "current size": 18,
        "first": 1716.85,
        "maximum": 1716.85,
        "minimum": 1280.94,
        "most_common": 1280.94,
        "num_of_zeros": 0,
        "standard_deviation": 217.95499999999996
    },
    "ecSQ3_I_coarse": {
        "average": 1026.0946111111114,
        "current size": 18,
        "first": 1130.69,
        "maximum": 1130.76,
        "minimum": 843.648,
        "most_common": 1130.69,
        "num_of_zeros": 0,
        "standard_deviation": 128.59883592705344
    },
    "ecSQ3_Set_Current": {
        "average": 1002.1926666666667,
        "current size": 18,
        "first": 1129.67,
        "maximum": 1129.67,
        "minimum": 842.846,
        "most_common": 842.846,
        "num_of_zeros": 0,
        "standard_deviation": 142.52399146186661
    },
    "hcBDSPOS": {
        "average": 24018300.0,
        "current size": 18,
        "first": 24018300.0,
        "maximum": 24018300.0,
        "minimum": 24018300.0,
        "most_common": 24018300.0,
        "num_of_zeros": 0,
        "standard_deviation": 0.0
    }
}
