{
    "RunNumber": "23908",
    "ecDI_B_Set_NMR": {
        "average": 0.41913999999999996,
        "current size": 43,
        "first": 0.41914,
        "maximum": 0.41914,
        "minimum": 0.41914,
        "most_common": 0.41914,
        "num_of_zeros": 0,
        "standard_deviation": 5.551115123125783e-17
    },
    "ecDI_B_True_NMR": {
        "average": 1.0555874418604647,
        "current size": 43,
        "first": 1.05557,
        "maximum": 1.05566,
        "minimum": 1.05551,
        "most_common": 1.05554,
        "num_of_zeros": 0,
        "standard_deviation": 4.075411368912855e-05
    },
    "ecDI_I_coarse": {
        "average": 464.63525581395373,
        "current size": 43,
        "first": 464.644,
        "maximum": 464.644,
        "minimum": 464.597,
        "most_common": 464.597,
        "num_of_zeros": 0,
        "standard_deviation": 0.018289777324243185
    },
    "ecDI_Set_Current": {
        "average": 467.5370000000002,
        "current size": 43,
        "first": 467.537,
        "maximum": 467.537,
        "minimum": 467.537,
        "most_common": 467.537,
        "num_of_zeros": 0,
        "standard_deviation": 2.2737367544323206e-13
    },
    "ecQ1_I_coarse": {
        "average": 199.2710465116281,
        "current size": 43,
        "first": 199.279,
        "maximum": 199.279,
        "minimum": 199.26,
        "most_common": 199.26,
        "num_of_zeros": 0,
        "standard_deviation": 0.009373275936661577
    },
    "ecQ1_Set_Current": {
        "average": 199.38000000000005,
        "current size": 43,
        "first": 199.38,
        "maximum": 199.38,
        "minimum": 199.38,
        "most_common": 199.38,
        "num_of_zeros": 0,
        "standard_deviation": 5.684341886080802e-14
    },
    "ecQ2_I_coarse": {
        "average": 158.3186744186046,
        "current size": 43,
        "first": 158.321,
        "maximum": 158.321,
        "minimum": 158.301,
        "most_common": 158.301,
        "num_of_zeros": 0,
        "standard_deviation": 0.00641118546609176
    },
    "ecQ2_Set_Current": {
        "average": 158.4359999999999,
        "current size": 43,
        "first": 158.436,
        "maximum": 158.436,
        "minimum": 158.436,
        "most_common": 158.436,
        "num_of_zeros": 0,
        "standard_deviation": 1.1368683772161603e-13
    },
    "ecQ3_I_coarse": {
        "average": 76.51753255813956,
        "current size": 43,
        "first": 76.4993,
        "maximum": 76.5189,
        "minimum": 76.4993,
        "most_common": 76.4993,
        "num_of_zeros": 0,
        "standard_deviation": 0.004993191687023066
    },
    "ecQ3_Set_Current": {
        "average": 76.96360000000003,
        "current size": 43,
        "first": 76.9636,
        "maximum": 76.9636,
        "minimum": 76.9636,
        "most_common": 76.9636,
        "num_of_zeros": 0,
        "standard_deviation": 2.842170943040401e-14
    },
    "ecSDI_I_coarse": {
        "average": 833.9785348837211,
        "current size": 43,
        "first": 834.089,
        "maximum": 834.089,
        "minimum": 833.964,
        "most_common": 833.964,
        "num_of_zeros": 0,
        "standard_deviation": 0.04006990916305297
    },
    "ecSDI_Set_Current": {
        "average": 834.3430000000006,
        "current size": 43,
        "first": 834.343,
        "maximum": 834.343,
        "minimum": 834.343,
        "most_common": 834.343,
        "num_of_zeros": 0,
        "standard_deviation": 6.821210263296962e-13
    },
    "ecSHB_I_coarse": {
        "average": 863.9309302325579,
        "current size": 43,
        "first": 863.993,
        "maximum": 863.993,
        "minimum": 863.836,
        "most_common": 863.836,
        "num_of_zeros": 0,
        "standard_deviation": 0.07676130182643069
    },
    "ecSHB_Set_Current": {
        "average": 865.4680000000006,
        "current size": 43,
        "first": 865.468,
        "maximum": 865.468,
        "minimum": 865.468,
        "most_common": 865.468,
        "num_of_zeros": 0,
        "standard_deviation": 6.821210263296962e-13
    },
    "ecSQ1_I_coarse": {
        "average": 549.2770465116283,
        "current size": 43,
        "first": 549.258,
        "maximum": 549.321,
        "minimum": 549.258,
        "most_common": 549.258,
        "num_of_zeros": 0,
        "standard_deviation": 0.028933728196791887
    },
    "ecSQ1_Set_Current": {
        "average": 549.071,
        "current size": 43,
        "first": 549.071,
        "maximum": 549.071,
        "minimum": 549.071,
        "most_common": 549.071,
        "num_of_zeros": 0,
        "standard_deviation": 0.0
    },
    "ecSQ2_I_coarse": {
        "average": 921.9115581395353,
        "current size": 43,
        "first": 921.913,
        "maximum": 921.913,
        "minimum": 921.851,
        "most_common": 921.851,
        "num_of_zeros": 0,
        "standard_deviation": 0.009344323797706144
    },
    "ecSQ2_Set_Current": {
        "average": 922.2620000000001,
        "current size": 43,
        "first": 922.262,
        "maximum": 922.262,
        "minimum": 922.262,
        "most_common": 922.262,
        "num_of_zeros": 0,
        "standard_deviation": 1.1368683772161603e-13
    },
    "ecSQ3_I_coarse": {
        "average": 607.4760232558143,
        "current size": 43,
        "first": 607.489,
        "maximum": 607.489,
        "minimum": 607.427,
        "most_common": 607.427,
        "num_of_zeros": 0,
        "standard_deviation": 0.025222257033521697
    },
    "ecSQ3_Set_Current": {
        "average": 606.84,
        "current size": 43,
        "first": 606.84,
        "maximum": 606.84,
        "minimum": 606.84,
        "most_common": 606.84,
        "num_of_zeros": 0,
        "standard_deviation": 0.0
    },
    "hcBDSPOS": {
        "average": 24018300.0,
        "current size": 43,
        "first": 24018300.0,
        "maximum": 24018300.0,
        "minimum": 24018300.0,
        "most_common": 24018300.0,
        "num_of_zeros": 0,
        "standard_deviation": 0.0
    }
}
