{
    "RunNumber": "24307",
    "ecDI_B_Set_NMR": {
        "average": 0.41913999999999985,
        "current size": 22,
        "first": 0.41914,
        "maximum": 0.41914,
        "minimum": 0.41914,
        "most_common": 0.41914,
        "num_of_zeros": 0,
        "standard_deviation": 1.6653345369377348e-16
    },
    "ecDI_B_True_NMR": {
        "average": 0.4185205909090909,
        "current size": 22,
        "first": 0.418521,
        "maximum": 0.418522,
        "minimum": 0.418518,
        "most_common": 0.418521,
        "num_of_zeros": 0,
        "standard_deviation": 7.780564894750497e-07
    },
    "ecDI_I_coarse": {
        "average": 464.65254545454553,
        "current size": 22,
        "first": 464.691,
        "maximum": 464.691,
        "minimum": 464.644,
        "most_common": 464.644,
        "num_of_zeros": 0,
        "standard_deviation": 0.01812764657222485
    },
    "ecDI_Set_Current": {
        "average": 467.5370000000001,
        "current size": 22,
        "first": 467.537,
        "maximum": 467.537,
        "minimum": 467.537,
        "most_common": 467.537,
        "num_of_zeros": 0,
        "standard_deviation": 1.1368683772161603e-13
    },
    "ecQ1_I_coarse": {
        "average": 199.26172727272734,
        "current size": 22,
        "first": 199.26,
        "maximum": 199.279,
        "minimum": 199.26,
        "most_common": 199.26,
        "num_of_zeros": 0,
        "standard_deviation": 0.005462115958474224
    },
    "ecQ1_Set_Current": {
        "average": 199.38000000000008,
        "current size": 22,
        "first": 199.38,
        "maximum": 199.38,
        "minimum": 199.38,
        "most_common": 199.38,
        "num_of_zeros": 0,
        "standard_deviation": 8.526512829121202e-14
    },
    "ecQ2_I_coarse": {
        "average": 158.31009090909086,
        "current size": 22,
        "first": 158.321,
        "maximum": 158.321,
        "minimum": 158.301,
        "most_common": 158.301,
        "num_of_zeros": 0,
        "standard_deviation": 0.009958591954644479
    },
    "ecQ2_Set_Current": {
        "average": 158.43600000000004,
        "current size": 22,
        "first": 158.436,
        "maximum": 158.436,
        "minimum": 158.436,
        "most_common": 158.436,
        "num_of_zeros": 0,
        "standard_deviation": 2.842170943040401e-14
    },
    "ecQ3_I_coarse": {
        "average": 76.49929999999996,
        "current size": 22,
        "first": 76.4993,
        "maximum": 76.4993,
        "minimum": 76.4993,
        "most_common": 76.4993,
        "num_of_zeros": 0,
        "standard_deviation": 4.263256414560601e-14
    },
    "ecQ3_Set_Current": {
        "average": 76.96360000000003,
        "current size": 22,
        "first": 76.9636,
        "maximum": 76.9636,
        "minimum": 76.9636,
        "most_common": 76.9636,
        "num_of_zeros": 0,
        "standard_deviation": 2.842170943040401e-14
    },
    "ecSDI_I_coarse": {
        "average": 1158.6049999999996,
        "current size": 22,
        "first": 1158.54,
        "maximum": 1158.67,
        "minimum": 1158.54,
        "most_common": 1158.54,
        "num_of_zeros": 0,
        "standard_deviation": 0.06500000000005458
    },
    "ecSDI_Set_Current": {
        "average": 1158.8300000000004,
        "current size": 22,
        "first": 1158.83,
        "maximum": 1158.83,
        "minimum": 1158.83,
        "most_common": 1158.83,
        "num_of_zeros": 0,
        "standard_deviation": 4.547473508864641e-13
    },
    "ecSHB_I_coarse": {
        "average": 1203.5363636363634,
        "current size": 22,
        "first": 1203.55,
        "maximum": 1203.55,
        "minimum": 1203.4,
        "most_common": 1203.4,
        "num_of_zeros": 0,
        "standard_deviation": 0.04312196809316596
    },
    "ecSHB_Set_Current": {
        "average": 1205.4700000000003,
        "current size": 22,
        "first": 1205.47,
        "maximum": 1205.47,
        "minimum": 1205.47,
        "most_common": 1205.47,
        "num_of_zeros": 0,
        "standard_deviation": 2.2737367544323206e-13
    },
    "ecSQ1_I_coarse": {
        "average": 762.8604545454546,
        "current size": 22,
        "first": 762.821,
        "maximum": 762.883,
        "minimum": 762.821,
        "most_common": 762.821,
        "num_of_zeros": 0,
        "standard_deviation": 0.029824832961097433
    },
    "ecSQ1_Set_Current": {
        "average": 762.6100000000002,
        "current size": 22,
        "first": 762.61,
        "maximum": 762.61,
        "minimum": 762.61,
        "most_common": 762.61,
        "num_of_zeros": 0,
        "standard_deviation": 2.2737367544323206e-13
    },
    "ecSQ2_I_coarse": {
        "average": 1280.2099999999994,
        "current size": 22,
        "first": 1280.21,
        "maximum": 1280.21,
        "minimum": 1280.21,
        "most_common": 1280.21,
        "num_of_zeros": 0,
        "standard_deviation": 6.821210263296962e-13
    },
    "ecSQ2_Set_Current": {
        "average": 1280.9399999999996,
        "current size": 22,
        "first": 1280.94,
        "maximum": 1280.94,
        "minimum": 1280.94,
        "most_common": 1280.94,
        "num_of_zeros": 0,
        "standard_deviation": 4.547473508864641e-13
    },
    "ecSQ3_I_coarse": {
        "average": 843.6367272727271,
        "current size": 22,
        "first": 843.586,
        "maximum": 843.648,
        "minimum": 843.586,
        "most_common": 843.586,
        "num_of_zeros": 0,
        "standard_deviation": 0.023913065691040524
    },
    "ecSQ3_Set_Current": {
        "average": 842.8459999999999,
        "current size": 22,
        "first": 842.846,
        "maximum": 842.846,
        "minimum": 842.846,
        "most_common": 842.846,
        "num_of_zeros": 0,
        "standard_deviation": 1.1368683772161603e-13
    },
    "hcBDSPOS": {
        "average": 5460530.0,
        "current size": 22,
        "first": 5460530.0,
        "maximum": 5460530.0,
        "minimum": 5460530.0,
        "most_common": 5460530.0,
        "num_of_zeros": 0,
        "standard_deviation": 0.0
    }
}
