{
    "RunNumber": "24093",
    "ecDI_B_Set_NMR": {
        "average": 0.4191400000000001,
        "current size": 39,
        "first": 0.41914,
        "maximum": 0.41914,
        "minimum": 0.41914,
        "most_common": 0.41914,
        "num_of_zeros": 1,
        "standard_deviation": 1.1102230246251565e-16
    },
    "ecDI_B_True_NMR": {
        "average": 1.055651282051282,
        "current size": 39,
        "first": 1.05563,
        "maximum": 1.05573,
        "minimum": 1.0556,
        "most_common": 1.05563,
        "num_of_zeros": 1,
        "standard_deviation": 3.367868436277734e-05
    },
    "ecDI_I_coarse": {
        "average": 464.64279487179505,
        "current size": 39,
        "first": 464.644,
        "maximum": 464.644,
        "minimum": 464.597,
        "most_common": 464.597,
        "num_of_zeros": 1,
        "standard_deviation": 0.007428909183069198
    },
    "ecDI_Set_Current": {
        "average": 467.53700000000015,
        "current size": 39,
        "first": 467.537,
        "maximum": 467.537,
        "minimum": 467.537,
        "most_common": 467.537,
        "num_of_zeros": 1,
        "standard_deviation": 1.7053025658242404e-13
    },
    "ecQ1_I_coarse": {
        "average": 199.25897435897448,
        "current size": 39,
        "first": 199.26,
        "maximum": 199.26,
        "minimum": 199.24,
        "most_common": 199.24,
        "num_of_zeros": 1,
        "standard_deviation": 0.004411448854889644
    },
    "ecQ1_Set_Current": {
        "average": 199.38000000000008,
        "current size": 39,
        "first": 199.38,
        "maximum": 199.38,
        "minimum": 199.38,
        "most_common": 199.38,
        "num_of_zeros": 1,
        "standard_deviation": 8.526512829121202e-14
    },
    "ecQ2_I_coarse": {
        "average": 158.3199743589743,
        "current size": 39,
        "first": 158.321,
        "maximum": 158.321,
        "minimum": 158.301,
        "most_common": 158.301,
        "num_of_zeros": 1,
        "standard_deviation": 0.004411448854895914
    },
    "ecQ2_Set_Current": {
        "average": 158.43599999999992,
        "current size": 39,
        "first": 158.436,
        "maximum": 158.436,
        "minimum": 158.436,
        "most_common": 158.436,
        "num_of_zeros": 1,
        "standard_deviation": 8.526512829121202e-14
    },
    "ecQ3_I_coarse": {
        "average": 76.50834615384613,
        "current size": 39,
        "first": 76.4993,
        "maximum": 76.5189,
        "minimum": 76.4993,
        "most_common": 76.4993,
        "num_of_zeros": 1,
        "standard_deviation": 0.009770962899136483
    },
    "ecQ3_Set_Current": {
        "average": 76.96360000000003,
        "current size": 39,
        "first": 76.9636,
        "maximum": 76.9636,
        "minimum": 76.9636,
        "most_common": 76.9636,
        "num_of_zeros": 1,
        "standard_deviation": 2.842170943040401e-14
    },
    "ecSDI_I_coarse": {
        "average": 1158.613333333333,
        "current size": 39,
        "first": 1158.67,
        "maximum": 1158.67,
        "minimum": 1158.54,
        "most_common": 1158.54,
        "num_of_zeros": 1,
        "standard_deviation": 0.06446359868609983
    },
    "ecSDI_Set_Current": {
        "average": 1158.830000000001,
        "current size": 39,
        "first": 1158.83,
        "maximum": 1158.83,
        "minimum": 1158.83,
        "most_common": 1158.83,
        "num_of_zeros": 1,
        "standard_deviation": 1.1368683772161603e-12
    },
    "ecSHB_I_coarse": {
        "average": 1203.5230769230775,
        "current size": 39,
        "first": 1203.55,
        "maximum": 1203.55,
        "minimum": 1203.4,
        "most_common": 1203.4,
        "num_of_zeros": 1,
        "standard_deviation": 0.05756395979646983
    },
    "ecSHB_Set_Current": {
        "average": 1205.4700000000007,
        "current size": 39,
        "first": 1205.47,
        "maximum": 1205.47,
        "minimum": 1205.47,
        "most_common": 1205.47,
        "num_of_zeros": 1,
        "standard_deviation": 6.821210263296962e-13
    },
    "ecSQ1_I_coarse": {
        "average": 762.8702820512826,
        "current size": 39,
        "first": 762.883,
        "maximum": 762.883,
        "minimum": 762.821,
        "most_common": 762.821,
        "num_of_zeros": 1,
        "standard_deviation": 0.025035307086606437
    },
    "ecSQ1_Set_Current": {
        "average": 762.6100000000004,
        "current size": 39,
        "first": 762.61,
        "maximum": 762.61,
        "minimum": 762.61,
        "most_common": 762.61,
        "num_of_zeros": 1,
        "standard_deviation": 3.410605131648481e-13
    },
    "ecSQ2_I_coarse": {
        "average": 1280.2176923076913,
        "current size": 39,
        "first": 1280.21,
        "maximum": 1280.27,
        "minimum": 1280.21,
        "most_common": 1280.21,
        "num_of_zeros": 1,
        "standard_deviation": 0.020059084323682214
    },
    "ecSQ2_Set_Current": {
        "average": 1280.9400000000005,
        "current size": 39,
        "first": 1280.94,
        "maximum": 1280.94,
        "minimum": 1280.94,
        "most_common": 1280.94,
        "num_of_zeros": 1,
        "standard_deviation": 4.547473508864641e-13
    },
    "ecSQ3_I_coarse": {
        "average": 843.6225641025638,
        "current size": 39,
        "first": 843.648,
        "maximum": 843.648,
        "minimum": 843.586,
        "most_common": 843.586,
        "num_of_zeros": 1,
        "standard_deviation": 0.030496569686712337
    },
    "ecSQ3_Set_Current": {
        "average": 842.8460000000006,
        "current size": 39,
        "first": 842.846,
        "maximum": 842.846,
        "minimum": 842.846,
        "most_common": 842.846,
        "num_of_zeros": 1,
        "standard_deviation": 5.684341886080801e-13
    },
    "hcBDSPOS": {
        "average": 24018300.0,
        "current size": 40,
        "first": 24018300.0,
        "maximum": 24018300.0,
        "minimum": 24018300.0,
        "most_common": 24018300.0,
        "num_of_zeros": 0,
        "standard_deviation": 0.0
    }
}
