{
    "RunNumber": "24881",
    "ecDI_B_Set_NMR": {
        "average": 0.9970569999999999,
        "current size": 48,
        "first": 0.997057,
        "maximum": 0.997057,
        "minimum": 0.997057,
        "most_common": 0.997057,
        "num_of_zeros": 0,
        "standard_deviation": 1.1102230246251565e-16
    },
    "ecDI_B_True_NMR": {
        "average": 0.9983786458333332,
        "current size": 48,
        "first": 0.997052,
        "maximum": 1.06077,
        "minimum": 0.997042,
        "most_common": 0.997051,
        "num_of_zeros": 0,
        "standard_deviation": 0.009100714478567008
    },
    "ecDI_I_coarse": {
        "average": 1112.9489583333327,
        "current size": 48,
        "first": 1112.95,
        "maximum": 1112.95,
        "minimum": 1112.9,
        "most_common": 1112.9,
        "num_of_zeros": 0,
        "standard_deviation": 0.00714130687541126
    },
    "ecDI_Set_Current": {
        "average": 1117.0,
        "current size": 48,
        "first": 1117.0,
        "maximum": 1117.0,
        "minimum": 1117.0,
        "most_common": 1117.0,
        "num_of_zeros": 0,
        "standard_deviation": 0.0
    },
    "ecQ1_I_coarse": {
        "average": 474.1805833333335,
        "current size": 48,
        "first": 474.181,
        "maximum": 474.181,
        "minimum": 474.161,
        "most_common": 474.161,
        "num_of_zeros": 0,
        "standard_deviation": 0.002856522750164504
    },
    "ecQ1_Set_Current": {
        "average": 474.4799999999996,
        "current size": 48,
        "first": 474.48,
        "maximum": 474.48,
        "minimum": 474.48,
        "most_common": 474.48,
        "num_of_zeros": 0,
        "standard_deviation": 3.979039320256561e-13
    },
    "ecQ2_I_coarse": {
        "average": 377.19416666666666,
        "current size": 48,
        "first": 377.19,
        "maximum": 377.21,
        "minimum": 377.19,
        "most_common": 377.19,
        "num_of_zeros": 0,
        "standard_deviation": 0.00812232862066675
    },
    "ecQ2_Set_Current": {
        "average": 377.268,
        "current size": 48,
        "first": 377.268,
        "maximum": 377.268,
        "minimum": 377.268,
        "most_common": 377.268,
        "num_of_zeros": 0,
        "standard_deviation": 0.0
    },
    "ecQ3_I_coarse": {
        "average": 182.98325000000003,
        "current size": 48,
        "first": 182.992,
        "maximum": 182.992,
        "minimum": 182.972,
        "most_common": 182.972,
        "num_of_zeros": 0,
        "standard_deviation": 0.009921567416483193
    },
    "ecQ3_Set_Current": {
        "average": 183.44599999999994,
        "current size": 48,
        "first": 183.446,
        "maximum": 183.446,
        "minimum": 183.446,
        "most_common": 183.446,
        "num_of_zeros": 0,
        "standard_deviation": 5.684341886080802e-14
    },
    "ecSDI_I_coarse": {
        "average": 2086.1850000000013,
        "current size": 48,
        "first": 2086.1,
        "maximum": 2086.22,
        "minimum": 2086.1,
        "most_common": 2086.1,
        "num_of_zeros": 0,
        "standard_deviation": 0.054543560573128945
    },
    "ecSDI_Set_Current": {
        "average": 2086.0200000000004,
        "current size": 48,
        "first": 2086.02,
        "maximum": 2086.02,
        "minimum": 2086.02,
        "most_common": 2086.02,
        "num_of_zeros": 0,
        "standard_deviation": 4.547473508864641e-13
    },
    "ecSHB_I_coarse": {
        "average": 2203.5387499999997,
        "current size": 48,
        "first": 2203.47,
        "maximum": 2203.62,
        "minimum": 2203.47,
        "most_common": 2203.47,
        "num_of_zeros": 0,
        "standard_deviation": 0.07473912964442904
    },
    "ecSHB_Set_Current": {
        "average": 2206.6999999999985,
        "current size": 48,
        "first": 2206.7,
        "maximum": 2206.7,
        "minimum": 2206.7,
        "most_common": 2206.7,
        "num_of_zeros": 0,
        "standard_deviation": 1.3642420526593924e-12
    },
    "ecSQ1_I_coarse": {
        "average": 1376.9987499999995,
        "current size": 48,
        "first": 1376.99,
        "maximum": 1377.05,
        "minimum": 1376.99,
        "most_common": 1376.99,
        "num_of_zeros": 0,
        "standard_deviation": 0.021176342932602506
    },
    "ecSQ1_Set_Current": {
        "average": 1376.580000000001,
        "current size": 48,
        "first": 1376.58,
        "maximum": 1376.58,
        "minimum": 1376.58,
        "most_common": 1376.58,
        "num_of_zeros": 0,
        "standard_deviation": 1.1368683772161603e-12
    },
    "ecSQ2_I_coarse": {
        "average": 2304.2325000000005,
        "current size": 48,
        "first": 2304.22,
        "maximum": 2304.28,
        "minimum": 2304.22,
        "most_common": 2304.22,
        "num_of_zeros": 0,
        "standard_deviation": 0.024366985862184932
    },
    "ecSQ2_Set_Current": {
        "average": 2305.8300000000013,
        "current size": 48,
        "first": 2305.83,
        "maximum": 2305.83,
        "minimum": 2305.83,
        "most_common": 2305.83,
        "num_of_zeros": 0,
        "standard_deviation": 1.3642420526593924e-12
    },
    "ecSQ3_I_coarse": {
        "average": 1518.5104166666667,
        "current size": 48,
        "first": 1518.51,
        "maximum": 1518.58,
        "minimum": 1518.45,
        "most_common": 1518.51,
        "num_of_zeros": 0,
        "standard_deviation": 0.018814703174775613
    },
    "ecSQ3_Set_Current": {
        "average": 1517.220000000001,
        "current size": 48,
        "first": 1517.22,
        "maximum": 1517.22,
        "minimum": 1517.22,
        "most_common": 1517.22,
        "num_of_zeros": 0,
        "standard_deviation": 9.094947017729282e-13
    },
    "hcBDSPOS": {
        "average": 31648900.0,
        "current size": 48,
        "first": 31648900.0,
        "maximum": 31648900.0,
        "minimum": 31648900.0,
        "most_common": 31648900.0,
        "num_of_zeros": 0,
        "standard_deviation": 0.0
    }
}
