{
    "RunNumber": "24346",
    "ecDI_B_Set_NMR": {
        "average": 0.4191399999999997,
        "current size": 56,
        "first": 0.41914,
        "maximum": 0.41914,
        "minimum": 0.41914,
        "most_common": 0.41914,
        "num_of_zeros": 0,
        "standard_deviation": 3.3306690738754696e-16
    },
    "ecDI_B_True_NMR": {
        "average": 0.41851867857142844,
        "current size": 56,
        "first": 0.418519,
        "maximum": 0.418523,
        "minimum": 0.418515,
        "most_common": 0.418519,
        "num_of_zeros": 0,
        "standard_deviation": 1.1355795068191638e-06
    },
    "ecDI_I_coarse": {
        "average": 464.6238571428575,
        "current size": 56,
        "first": 464.644,
        "maximum": 464.644,
        "minimum": 464.597,
        "most_common": 464.597,
        "num_of_zeros": 0,
        "standard_deviation": 0.023258967987366107
    },
    "ecDI_Set_Current": {
        "average": 467.5370000000002,
        "current size": 56,
        "first": 467.537,
        "maximum": 467.537,
        "minimum": 467.537,
        "most_common": 467.537,
        "num_of_zeros": 0,
        "standard_deviation": 2.2737367544323206e-13
    },
    "ecQ1_I_coarse": {
        "average": 199.2623750000002,
        "current size": 56,
        "first": 199.26,
        "maximum": 199.279,
        "minimum": 199.26,
        "most_common": 199.26,
        "num_of_zeros": 0,
        "standard_deviation": 0.006283659363780208
    },
    "ecQ1_Set_Current": {
        "average": 199.37999999999985,
        "current size": 56,
        "first": 199.38,
        "maximum": 199.38,
        "minimum": 199.38,
        "most_common": 199.38,
        "num_of_zeros": 0,
        "standard_deviation": 1.4210854715202004e-13
    },
    "ecQ2_I_coarse": {
        "average": 158.31421428571431,
        "current size": 56,
        "first": 158.301,
        "maximum": 158.321,
        "minimum": 158.301,
        "most_common": 158.301,
        "num_of_zeros": 0,
        "standard_deviation": 0.009469338273978311
    },
    "ecQ2_Set_Current": {
        "average": 158.43599999999986,
        "current size": 56,
        "first": 158.436,
        "maximum": 158.436,
        "minimum": 158.436,
        "most_common": 158.436,
        "num_of_zeros": 0,
        "standard_deviation": 1.4210854715202004e-13
    },
    "ecQ3_I_coarse": {
        "average": 76.50279999999998,
        "current size": 56,
        "first": 76.4993,
        "maximum": 76.5189,
        "minimum": 76.4993,
        "most_common": 76.4993,
        "num_of_zeros": 0,
        "standard_deviation": 0.007506663706333355
    },
    "ecQ3_Set_Current": {
        "average": 76.96360000000003,
        "current size": 56,
        "first": 76.9636,
        "maximum": 76.9636,
        "minimum": 76.9636,
        "most_common": 76.9636,
        "num_of_zeros": 0,
        "standard_deviation": 2.842170943040401e-14
    },
    "ecSDI_I_coarse": {
        "average": 1158.558571428572,
        "current size": 56,
        "first": 1158.67,
        "maximum": 1158.67,
        "minimum": 1158.54,
        "most_common": 1158.54,
        "num_of_zeros": 0,
        "standard_deviation": 0.04549052379458293
    },
    "ecSDI_Set_Current": {
        "average": 1158.8300000000013,
        "current size": 56,
        "first": 1158.83,
        "maximum": 1158.83,
        "minimum": 1158.83,
        "most_common": 1158.83,
        "num_of_zeros": 0,
        "standard_deviation": 1.3642420526593924e-12
    },
    "ecSHB_I_coarse": {
        "average": 1203.5232142857153,
        "current size": 56,
        "first": 1203.55,
        "maximum": 1203.55,
        "minimum": 1203.4,
        "most_common": 1203.4,
        "num_of_zeros": 0,
        "standard_deviation": 0.05744895693618137
    },
    "ecSHB_Set_Current": {
        "average": 1205.4700000000007,
        "current size": 56,
        "first": 1205.47,
        "maximum": 1205.47,
        "minimum": 1205.47,
        "most_common": 1205.47,
        "num_of_zeros": 0,
        "standard_deviation": 6.821210263296962e-13
    },
    "ecSQ1_I_coarse": {
        "average": 762.8409285714296,
        "current size": 56,
        "first": 762.821,
        "maximum": 762.883,
        "minimum": 762.821,
        "most_common": 762.821,
        "num_of_zeros": 0,
        "standard_deviation": 0.028955542982097137
    },
    "ecSQ1_Set_Current": {
        "average": 762.6100000000005,
        "current size": 56,
        "first": 762.61,
        "maximum": 762.61,
        "minimum": 762.61,
        "most_common": 762.61,
        "num_of_zeros": 0,
        "standard_deviation": 4.547473508864641e-13
    },
    "ecSQ2_I_coarse": {
        "average": 1280.2099999999998,
        "current size": 56,
        "first": 1280.21,
        "maximum": 1280.21,
        "minimum": 1280.21,
        "most_common": 1280.21,
        "num_of_zeros": 0,
        "standard_deviation": 2.2737367544323206e-13
    },
    "ecSQ2_Set_Current": {
        "average": 1280.940000000001,
        "current size": 56,
        "first": 1280.94,
        "maximum": 1280.94,
        "minimum": 1280.94,
        "most_common": 1280.94,
        "num_of_zeros": 0,
        "standard_deviation": 9.094947017729282e-13
    },
    "ecSQ3_I_coarse": {
        "average": 843.6280714285718,
        "current size": 56,
        "first": 843.586,
        "maximum": 843.648,
        "minimum": 843.586,
        "most_common": 843.586,
        "num_of_zeros": 0,
        "standard_deviation": 0.02895554298209714
    },
    "ecSQ3_Set_Current": {
        "average": 842.8459999999997,
        "current size": 56,
        "first": 842.846,
        "maximum": 842.846,
        "minimum": 842.846,
        "most_common": 842.846,
        "num_of_zeros": 0,
        "standard_deviation": 3.410605131648481e-13
    },
    "hcBDSPOS": {
        "average": 5460580.0,
        "current size": 56,
        "first": 5460580.0,
        "maximum": 5460580.0,
        "minimum": 5460580.0,
        "most_common": 5460580.0,
        "num_of_zeros": 0,
        "standard_deviation": 0.0
    }
}
