{
    "RunNumber": "24408",
    "ecDI_B_Set_NMR": {
        "average": 0.4191399999999997,
        "current size": 57,
        "first": 0.41914,
        "maximum": 0.41914,
        "minimum": 0.41914,
        "most_common": 0.41914,
        "num_of_zeros": 0,
        "standard_deviation": 3.3306690738754696e-16
    },
    "ecDI_B_True_NMR": {
        "average": 0.4182969473684211,
        "current size": 57,
        "first": 0.418296,
        "maximum": 0.418299,
        "minimum": 0.418295,
        "most_common": 0.418297,
        "num_of_zeros": 0,
        "standard_deviation": 8.669578316226841e-07
    },
    "ecDI_I_coarse": {
        "average": 464.6242105263163,
        "current size": 57,
        "first": 464.644,
        "maximum": 464.644,
        "minimum": 464.597,
        "most_common": 464.597,
        "num_of_zeros": 0,
        "standard_deviation": 0.023205214811770597
    },
    "ecDI_Set_Current": {
        "average": 467.5370000000002,
        "current size": 57,
        "first": 467.537,
        "maximum": 467.537,
        "minimum": 467.537,
        "most_common": 467.537,
        "num_of_zeros": 0,
        "standard_deviation": 2.2737367544323206e-13
    },
    "ecQ1_I_coarse": {
        "average": 199.26400000000018,
        "current size": 57,
        "first": 199.26,
        "maximum": 199.279,
        "minimum": 199.26,
        "most_common": 199.26,
        "num_of_zeros": 0,
        "standard_deviation": 0.007745966692417057
    },
    "ecQ1_Set_Current": {
        "average": 199.37999999999982,
        "current size": 57,
        "first": 199.38,
        "maximum": 199.38,
        "minimum": 199.38,
        "most_common": 199.38,
        "num_of_zeros": 0,
        "standard_deviation": 1.7053025658242404e-13
    },
    "ecQ2_I_coarse": {
        "average": 158.3115263157895,
        "current size": 57,
        "first": 158.301,
        "maximum": 158.321,
        "minimum": 158.301,
        "most_common": 158.301,
        "num_of_zeros": 0,
        "standard_deviation": 0.009986139979484205
    },
    "ecQ2_Set_Current": {
        "average": 158.43599999999986,
        "current size": 57,
        "first": 158.436,
        "maximum": 158.436,
        "minimum": 158.436,
        "most_common": 158.436,
        "num_of_zeros": 0,
        "standard_deviation": 1.4210854715202004e-13
    },
    "ecQ3_I_coarse": {
        "average": 76.50067543859649,
        "current size": 57,
        "first": 76.4993,
        "maximum": 76.5189,
        "minimum": 76.4993,
        "most_common": 76.4993,
        "num_of_zeros": 0,
        "standard_deviation": 0.005006672064206169
    },
    "ecQ3_Set_Current": {
        "average": 76.96360000000003,
        "current size": 57,
        "first": 76.9636,
        "maximum": 76.9636,
        "minimum": 76.9636,
        "most_common": 76.9636,
        "num_of_zeros": 0,
        "standard_deviation": 2.842170943040401e-14
    },
    "ecSDI_I_coarse": {
        "average": 1158.5400000000006,
        "current size": 57,
        "first": 1158.54,
        "maximum": 1158.54,
        "minimum": 1158.54,
        "most_common": 1158.54,
        "num_of_zeros": 0,
        "standard_deviation": 6.821210263296962e-13
    },
    "ecSDI_Set_Current": {
        "average": 1158.8300000000013,
        "current size": 57,
        "first": 1158.83,
        "maximum": 1158.83,
        "minimum": 1158.83,
        "most_common": 1158.83,
        "num_of_zeros": 0,
        "standard_deviation": 1.3642420526593924e-12
    },
    "ecSHB_I_coarse": {
        "average": 1203.402631578948,
        "current size": 57,
        "first": 1203.4,
        "maximum": 1203.55,
        "minimum": 1203.4,
        "most_common": 1203.4,
        "num_of_zeros": 0,
        "standard_deviation": 0.01969293361458176
    },
    "ecSHB_Set_Current": {
        "average": 1205.4700000000007,
        "current size": 57,
        "first": 1205.47,
        "maximum": 1205.47,
        "minimum": 1205.47,
        "most_common": 1205.47,
        "num_of_zeros": 0,
        "standard_deviation": 6.821210263296962e-13
    },
    "ecSQ1_I_coarse": {
        "average": 762.8242280701763,
        "current size": 57,
        "first": 762.821,
        "maximum": 762.883,
        "minimum": 762.758,
        "most_common": 762.821,
        "num_of_zeros": 0,
        "standard_deviation": 0.021587860090647882
    },
    "ecSQ1_Set_Current": {
        "average": 762.6100000000005,
        "current size": 57,
        "first": 762.61,
        "maximum": 762.61,
        "minimum": 762.61,
        "most_common": 762.61,
        "num_of_zeros": 0,
        "standard_deviation": 4.547473508864641e-13
    },
    "ecSQ2_I_coarse": {
        "average": 1280.2142105263156,
        "current size": 57,
        "first": 1280.21,
        "maximum": 1280.27,
        "minimum": 1280.21,
        "most_common": 1280.21,
        "num_of_zeros": 0,
        "standard_deviation": 0.01532654713531347
    },
    "ecSQ2_Set_Current": {
        "average": 1280.940000000001,
        "current size": 57,
        "first": 1280.94,
        "maximum": 1280.94,
        "minimum": 1280.94,
        "most_common": 1280.94,
        "num_of_zeros": 0,
        "standard_deviation": 9.094947017729282e-13
    },
    "ecSQ3_I_coarse": {
        "average": 843.5848771929832,
        "current size": 57,
        "first": 843.586,
        "maximum": 843.648,
        "minimum": 843.523,
        "most_common": 843.586,
        "num_of_zeros": 0,
        "standard_deviation": 0.014333215228527544
    },
    "ecSQ3_Set_Current": {
        "average": 842.8459999999997,
        "current size": 57,
        "first": 842.846,
        "maximum": 842.846,
        "minimum": 842.846,
        "most_common": 842.846,
        "num_of_zeros": 0,
        "standard_deviation": 3.410605131648481e-13
    },
    "hcBDSPOS": {
        "average": 4030050.0,
        "current size": 57,
        "first": 4030050.0,
        "maximum": 4030050.0,
        "minimum": 4030050.0,
        "most_common": 4030050.0,
        "num_of_zeros": 0,
        "standard_deviation": 0.0
    }
}
