{
    "RunNumber": "24960",
    "ecDI_B_Set_NMR": {
        "average": 0.9970569999999997,
        "current size": 51,
        "first": 0.997057,
        "maximum": 0.997057,
        "minimum": 0.997057,
        "most_common": 0.997057,
        "num_of_zeros": 0,
        "standard_deviation": 2.220446049250313e-16
    },
    "ecDI_B_True_NMR": {
        "average": 0.9970548627450984,
        "current size": 51,
        "first": 0.997055,
        "maximum": 0.997057,
        "minimum": 0.997052,
        "most_common": 0.997055,
        "num_of_zeros": 0,
        "standard_deviation": 9.705387192923469e-07
    },
    "ecDI_I_coarse": {
        "average": 1113.0311764705887,
        "current size": 51,
        "first": 1113.04,
        "maximum": 1113.04,
        "minimum": 1112.99,
        "most_common": 1112.99,
        "num_of_zeros": 0,
        "standard_deviation": 0.019061002054123418
    },
    "ecDI_Set_Current": {
        "average": 1117.07,
        "current size": 51,
        "first": 1117.07,
        "maximum": 1117.07,
        "minimum": 1117.07,
        "most_common": 1117.07,
        "num_of_zeros": 0,
        "standard_deviation": 0.0
    },
    "ecQ1_I_coarse": {
        "average": 474.1802156862747,
        "current size": 51,
        "first": 474.181,
        "maximum": 474.181,
        "minimum": 474.161,
        "most_common": 474.161,
        "num_of_zeros": 0,
        "standard_deviation": 0.0038821548770990835
    },
    "ecQ1_Set_Current": {
        "average": 474.4799999999996,
        "current size": 51,
        "first": 474.48,
        "maximum": 474.48,
        "minimum": 474.48,
        "most_common": 474.48,
        "num_of_zeros": 0,
        "standard_deviation": 3.979039320256561e-13
    },
    "ecQ2_I_coarse": {
        "average": 377.1911764705881,
        "current size": 51,
        "first": 377.19,
        "maximum": 377.21,
        "minimum": 377.19,
        "most_common": 377.19,
        "num_of_zeros": 0,
        "standard_deviation": 0.004705882352936898
    },
    "ecQ2_Set_Current": {
        "average": 377.268,
        "current size": 51,
        "first": 377.268,
        "maximum": 377.268,
        "minimum": 377.268,
        "most_common": 377.268,
        "num_of_zeros": 0,
        "standard_deviation": 0.0
    },
    "ecQ3_I_coarse": {
        "average": 182.97239215686264,
        "current size": 51,
        "first": 182.972,
        "maximum": 182.992,
        "minimum": 182.972,
        "most_common": 182.972,
        "num_of_zeros": 0,
        "standard_deviation": 0.002772967769356489
    },
    "ecQ3_Set_Current": {
        "average": 183.44599999999994,
        "current size": 51,
        "first": 183.446,
        "maximum": 183.446,
        "minimum": 183.446,
        "most_common": 183.446,
        "num_of_zeros": 0,
        "standard_deviation": 5.684341886080802e-14
    },
    "ecSDI_I_coarse": {
        "average": 1158.5400000000006,
        "current size": 51,
        "first": 1158.54,
        "maximum": 1158.54,
        "minimum": 1158.54,
        "most_common": 1158.54,
        "num_of_zeros": 0,
        "standard_deviation": 6.821210263296962e-13
    },
    "ecSDI_Set_Current": {
        "average": 1158.830000000001,
        "current size": 51,
        "first": 1158.83,
        "maximum": 1158.83,
        "minimum": 1158.83,
        "most_common": 1158.83,
        "num_of_zeros": 0,
        "standard_deviation": 1.1368683772161603e-12
    },
    "ecSHB_I_coarse": {
        "average": 1203.400000000001,
        "current size": 51,
        "first": 1203.4,
        "maximum": 1203.4,
        "minimum": 1203.4,
        "most_common": 1203.4,
        "num_of_zeros": 0,
        "standard_deviation": 9.094947017729282e-13
    },
    "ecSHB_Set_Current": {
        "average": 1205.4700000000007,
        "current size": 51,
        "first": 1205.47,
        "maximum": 1205.47,
        "minimum": 1205.47,
        "most_common": 1205.47,
        "num_of_zeros": 0,
        "standard_deviation": 6.821210263296962e-13
    },
    "ecSQ1_I_coarse": {
        "average": 762.7975294117654,
        "current size": 51,
        "first": 762.821,
        "maximum": 762.821,
        "minimum": 762.758,
        "most_common": 762.758,
        "num_of_zeros": 0,
        "standard_deviation": 0.03045945742642923
    },
    "ecSQ1_Set_Current": {
        "average": 762.6100000000005,
        "current size": 51,
        "first": 762.61,
        "maximum": 762.61,
        "minimum": 762.61,
        "most_common": 762.61,
        "num_of_zeros": 0,
        "standard_deviation": 4.547473508864641e-13
    },
    "ecSQ2_I_coarse": {
        "average": 1280.2252941176462,
        "current size": 51,
        "first": 1280.27,
        "maximum": 1280.27,
        "minimum": 1280.21,
        "most_common": 1280.21,
        "num_of_zeros": 0,
        "standard_deviation": 0.02614836561279136
    },
    "ecSQ2_Set_Current": {
        "average": 1280.940000000001,
        "current size": 51,
        "first": 1280.94,
        "maximum": 1280.94,
        "minimum": 1280.94,
        "most_common": 1280.94,
        "num_of_zeros": 0,
        "standard_deviation": 9.094947017729282e-13
    },
    "ecSQ3_I_coarse": {
        "average": 843.5625294117651,
        "current size": 51,
        "first": 843.523,
        "maximum": 843.586,
        "minimum": 843.523,
        "most_common": 843.523,
        "num_of_zeros": 0,
        "standard_deviation": 0.03045945742642923
    },
    "ecSQ3_Set_Current": {
        "average": 842.8459999999999,
        "current size": 51,
        "first": 842.846,
        "maximum": 842.846,
        "minimum": 842.846,
        "most_common": 842.846,
        "num_of_zeros": 0,
        "standard_deviation": 1.1368683772161603e-13
    },
    "hcBDSPOS": {
        "average": 31648900.0,
        "current size": 51,
        "first": 31648900.0,
        "maximum": 31648900.0,
        "minimum": 31648900.0,
        "most_common": 31648900.0,
        "num_of_zeros": 0,
        "standard_deviation": 0.0
    }
}
