{
    "RunNumber": "25125",
    "ecDI_B_Set_NMR": {
        "average": 0.9970570000000004,
        "current size": 23,
        "first": 0.997057,
        "maximum": 0.997057,
        "minimum": 0.997057,
        "most_common": 0.997057,
        "num_of_zeros": 0,
        "standard_deviation": 4.440892098500626e-16
    },
    "ecDI_B_True_NMR": {
        "average": 0.9969817826086959,
        "current size": 23,
        "first": 0.996982,
        "maximum": 0.996983,
        "minimum": 0.99698,
        "most_common": 0.996982,
        "num_of_zeros": 0,
        "standard_deviation": 8.825123100067613e-07
    },
    "ecDI_I_coarse": {
        "average": 1112.9760869565218,
        "current size": 23,
        "first": 1112.99,
        "maximum": 1112.99,
        "minimum": 1112.95,
        "most_common": 1112.95,
        "num_of_zeros": 0,
        "standard_deviation": 0.01905121939146671
    },
    "ecDI_Set_Current": {
        "average": 1117.1500000000003,
        "current size": 23,
        "first": 1117.15,
        "maximum": 1117.15,
        "minimum": 1117.15,
        "most_common": 1117.15,
        "num_of_zeros": 0,
        "standard_deviation": 2.2737367544323206e-13
    },
    "ecQ1_I_coarse": {
        "average": 474.18430434782607,
        "current size": 23,
        "first": 474.2,
        "maximum": 474.2,
        "minimum": 474.181,
        "most_common": 474.181,
        "num_of_zeros": 0,
        "standard_deviation": 0.007201659124112744
    },
    "ecQ1_Set_Current": {
        "average": 474.47999999999973,
        "current size": 23,
        "first": 474.48,
        "maximum": 474.48,
        "minimum": 474.48,
        "most_common": 474.48,
        "num_of_zeros": 0,
        "standard_deviation": 2.8421709430404007e-13
    },
    "ecQ2_I_coarse": {
        "average": 377.1908695652172,
        "current size": 23,
        "first": 377.19,
        "maximum": 377.21,
        "minimum": 377.19,
        "most_common": 377.19,
        "num_of_zeros": 0,
        "standard_deviation": 0.00407862239984275
    },
    "ecQ2_Set_Current": {
        "average": 377.268,
        "current size": 23,
        "first": 377.268,
        "maximum": 377.268,
        "minimum": 377.268,
        "most_common": 377.268,
        "num_of_zeros": 0,
        "standard_deviation": 0.0
    },
    "ecQ3_I_coarse": {
        "average": 182.97286956521748,
        "current size": 23,
        "first": 182.972,
        "maximum": 182.992,
        "minimum": 182.972,
        "most_common": 182.972,
        "num_of_zeros": 0,
        "standard_deviation": 0.004078622399842749
    },
    "ecQ3_Set_Current": {
        "average": 183.44599999999994,
        "current size": 23,
        "first": 183.446,
        "maximum": 183.446,
        "minimum": 183.446,
        "most_common": 183.446,
        "num_of_zeros": 0,
        "standard_deviation": 5.684341886080802e-14
    },
    "ecSDI_I_coarse": {
        "average": 2086.1991304347825,
        "current size": 23,
        "first": 2086.22,
        "maximum": 2086.22,
        "minimum": 2086.1,
        "most_common": 2086.1,
        "num_of_zeros": 0,
        "standard_deviation": 0.0454841628890787
    },
    "ecSDI_Set_Current": {
        "average": 2086.019999999999,
        "current size": 23,
        "first": 2086.02,
        "maximum": 2086.02,
        "minimum": 2086.02,
        "most_common": 2086.02,
        "num_of_zeros": 0,
        "standard_deviation": 9.094947017729282e-13
    },
    "ecSHB_I_coarse": {
        "average": 2203.61347826087,
        "current size": 23,
        "first": 2203.62,
        "maximum": 2203.62,
        "minimum": 2203.47,
        "most_common": 2203.47,
        "num_of_zeros": 0,
        "standard_deviation": 0.030589667998867014
    },
    "ecSHB_Set_Current": {
        "average": 2206.6999999999994,
        "current size": 23,
        "first": 2206.7,
        "maximum": 2206.7,
        "minimum": 2206.7,
        "most_common": 2206.7,
        "num_of_zeros": 0,
        "standard_deviation": 4.547473508864641e-13
    },
    "ecSQ1_I_coarse": {
        "average": 1376.992608695653,
        "current size": 23,
        "first": 1377.05,
        "maximum": 1377.05,
        "minimum": 1376.99,
        "most_common": 1376.99,
        "num_of_zeros": 0,
        "standard_deviation": 0.012235867199528261
    },
    "ecSQ1_Set_Current": {
        "average": 1376.5800000000008,
        "current size": 23,
        "first": 1376.58,
        "maximum": 1376.58,
        "minimum": 1376.58,
        "most_common": 1376.58,
        "num_of_zeros": 0,
        "standard_deviation": 9.094947017729282e-13
    },
    "ecSQ2_I_coarse": {
        "average": 2304.209565217392,
        "current size": 23,
        "first": 2304.22,
        "maximum": 2304.22,
        "minimum": 2304.16,
        "most_common": 2304.16,
        "num_of_zeros": 0,
        "standard_deviation": 0.022742081444539358
    },
    "ecSQ2_Set_Current": {
        "average": 2305.8300000000013,
        "current size": 23,
        "first": 2305.83,
        "maximum": 2305.83,
        "minimum": 2305.83,
        "most_common": 2305.83,
        "num_of_zeros": 0,
        "standard_deviation": 1.3642420526593924e-12
    },
    "ecSQ3_I_coarse": {
        "average": 1518.528695652174,
        "current size": 23,
        "first": 1518.51,
        "maximum": 1518.58,
        "minimum": 1518.45,
        "most_common": 1518.51,
        "num_of_zeros": 0,
        "standard_deviation": 0.036031911921881425
    },
    "ecSQ3_Set_Current": {
        "average": 1517.2200000000005,
        "current size": 23,
        "first": 1517.22,
        "maximum": 1517.22,
        "minimum": 1517.22,
        "most_common": 1517.22,
        "num_of_zeros": 0,
        "standard_deviation": 4.547473508864641e-13
    },
    "hcBDSPOS": {
        "average": 31648900.0,
        "current size": 23,
        "first": 31648900.0,
        "maximum": 31648900.0,
        "minimum": 31648900.0,
        "most_common": 31648900.0,
        "num_of_zeros": 0,
        "standard_deviation": 0.0
    }
}
