{
    "RunNumber": "24537",
    "ecDI_B_Set_NMR": {
        "average": 0.41913999999999985,
        "current size": 16,
        "first": 0.41914,
        "maximum": 0.41914,
        "minimum": 0.41914,
        "most_common": 0.41914,
        "num_of_zeros": 0,
        "standard_deviation": 1.6653345369377348e-16
    },
    "ecDI_B_True_NMR": {
        "average": 0.47677987499999996,
        "current size": 16,
        "first": 0.449392,
        "maximum": 0.501716,
        "minimum": 0.449392,
        "most_common": 0.449392,
        "num_of_zeros": 0,
        "standard_deviation": 0.019564146176344492
    },
    "ecDI_I_coarse": {
        "average": 464.54412500000007,
        "current size": 16,
        "first": 464.55,
        "maximum": 464.55,
        "minimum": 464.503,
        "most_common": 464.503,
        "num_of_zeros": 0,
        "standard_deviation": 0.015543788952512894
    },
    "ecDI_Set_Current": {
        "average": 467.5370000000001,
        "current size": 16,
        "first": 467.537,
        "maximum": 467.537,
        "minimum": 467.537,
        "most_common": 467.537,
        "num_of_zeros": 0,
        "standard_deviation": 1.1368683772161603e-13
    },
    "ecQ1_I_coarse": {
        "average": 199.25875000000008,
        "current size": 16,
        "first": 199.26,
        "maximum": 199.26,
        "minimum": 199.24,
        "most_common": 199.24,
        "num_of_zeros": 0,
        "standard_deviation": 0.004841229182754869
    },
    "ecQ1_Set_Current": {
        "average": 199.38000000000005,
        "current size": 16,
        "first": 199.38,
        "maximum": 199.38,
        "minimum": 199.38,
        "most_common": 199.38,
        "num_of_zeros": 0,
        "standard_deviation": 5.684341886080802e-14
    },
    "ecQ2_I_coarse": {
        "average": 158.30099999999996,
        "current size": 16,
        "first": 158.301,
        "maximum": 158.301,
        "minimum": 158.301,
        "most_common": 158.301,
        "num_of_zeros": 0,
        "standard_deviation": 2.842170943040401e-14
    },
    "ecQ2_Set_Current": {
        "average": 158.436,
        "current size": 16,
        "first": 158.436,
        "maximum": 158.436,
        "minimum": 158.436,
        "most_common": 158.436,
        "num_of_zeros": 0,
        "standard_deviation": 0.0
    },
    "ecQ3_I_coarse": {
        "average": 76.49929999999998,
        "current size": 16,
        "first": 76.4993,
        "maximum": 76.4993,
        "minimum": 76.4993,
        "most_common": 76.4993,
        "num_of_zeros": 0,
        "standard_deviation": 2.842170943040401e-14
    },
    "ecQ3_Set_Current": {
        "average": 76.96360000000001,
        "current size": 16,
        "first": 76.9636,
        "maximum": 76.9636,
        "minimum": 76.9636,
        "most_common": 76.9636,
        "num_of_zeros": 0,
        "standard_deviation": 1.4210854715202004e-14
    },
    "ecSDI_I_coarse": {
        "average": 2086.2200000000003,
        "current size": 16,
        "first": 2086.22,
        "maximum": 2086.22,
        "minimum": 2086.22,
        "most_common": 2086.22,
        "num_of_zeros": 0,
        "standard_deviation": 4.547473508864641e-13
    },
    "ecSDI_Set_Current": {
        "average": 2086.02,
        "current size": 16,
        "first": 2086.02,
        "maximum": 2086.02,
        "minimum": 2086.02,
        "most_common": 2086.02,
        "num_of_zeros": 0,
        "standard_deviation": 0.0
    },
    "ecSHB_I_coarse": {
        "average": 2203.4793750000003,
        "current size": 16,
        "first": 2203.47,
        "maximum": 2203.62,
        "minimum": 2203.47,
        "most_common": 2203.47,
        "num_of_zeros": 0,
        "standard_deviation": 0.036309218870716545
    },
    "ecSHB_Set_Current": {
        "average": 2206.7000000000003,
        "current size": 16,
        "first": 2206.7,
        "maximum": 2206.7,
        "minimum": 2206.7,
        "most_common": 2206.7,
        "num_of_zeros": 0,
        "standard_deviation": 4.547473508864641e-13
    },
    "ecSQ1_I_coarse": {
        "average": 1376.9900000000005,
        "current size": 16,
        "first": 1376.99,
        "maximum": 1376.99,
        "minimum": 1376.99,
        "most_common": 1376.99,
        "num_of_zeros": 0,
        "standard_deviation": 4.547473508864641e-13
    },
    "ecSQ1_Set_Current": {
        "average": 1376.5800000000004,
        "current size": 16,
        "first": 1376.58,
        "maximum": 1376.58,
        "minimum": 1376.58,
        "most_common": 1376.58,
        "num_of_zeros": 0,
        "standard_deviation": 4.547473508864641e-13
    },
    "ecSQ2_I_coarse": {
        "average": 2304.22375,
        "current size": 16,
        "first": 2304.22,
        "maximum": 2304.28,
        "minimum": 2304.22,
        "most_common": 2304.22,
        "num_of_zeros": 0,
        "standard_deviation": 0.01452368754837468
    },
    "ecSQ2_Set_Current": {
        "average": 2305.830000000001,
        "current size": 16,
        "first": 2305.83,
        "maximum": 2305.83,
        "minimum": 2305.83,
        "most_common": 2305.83,
        "num_of_zeros": 0,
        "standard_deviation": 9.094947017729282e-13
    },
    "ecSQ3_I_coarse": {
        "average": 1518.5187499999995,
        "current size": 16,
        "first": 1518.51,
        "maximum": 1518.58,
        "minimum": 1518.51,
        "most_common": 1518.51,
        "num_of_zeros": 0,
        "standard_deviation": 0.023150323971794107
    },
    "ecSQ3_Set_Current": {
        "average": 1517.2200000000003,
        "current size": 16,
        "first": 1517.22,
        "maximum": 1517.22,
        "minimum": 1517.22,
        "most_common": 1517.22,
        "num_of_zeros": 0,
        "standard_deviation": 2.2737367544323206e-13
    },
    "hcBDSPOS": {
        "average": 31648900.0,
        "current size": 16,
        "first": 31648900.0,
        "maximum": 31648900.0,
        "minimum": 31648900.0,
        "most_common": 31648900.0,
        "num_of_zeros": 0,
        "standard_deviation": 0.0
    }
}
