{
    "RunNumber": "24939",
    "ecDI_B_Set_NMR": {
        "average": 0.9970570000000006,
        "current size": 30,
        "first": 0.997057,
        "maximum": 0.997057,
        "minimum": 0.997057,
        "most_common": 0.997057,
        "num_of_zeros": 0,
        "standard_deviation": 6.661338147750939e-16
    },
    "ecDI_B_True_NMR": {
        "average": 0.9970548333333334,
        "current size": 30,
        "first": 0.997052,
        "maximum": 0.997057,
        "minimum": 0.997052,
        "most_common": 0.997055,
        "num_of_zeros": 0,
        "standard_deviation": 1.1571036638646006e-06
    },
    "ecDI_I_coarse": {
        "average": 1113.043333333334,
        "current size": 30,
        "first": 1113.04,
        "maximum": 1113.09,
        "minimum": 1113.04,
        "most_common": 1113.04,
        "num_of_zeros": 0,
        "standard_deviation": 0.012472191289235128
    },
    "ecDI_Set_Current": {
        "average": 1117.07,
        "current size": 30,
        "first": 1117.07,
        "maximum": 1117.07,
        "minimum": 1117.07,
        "most_common": 1117.07,
        "num_of_zeros": 0,
        "standard_deviation": 0.0
    },
    "ecQ1_I_coarse": {
        "average": 474.1810000000001,
        "current size": 30,
        "first": 474.181,
        "maximum": 474.181,
        "minimum": 474.181,
        "most_common": 474.181,
        "num_of_zeros": 0,
        "standard_deviation": 1.1368683772161603e-13
    },
    "ecQ1_Set_Current": {
        "average": 474.4799999999997,
        "current size": 30,
        "first": 474.48,
        "maximum": 474.48,
        "minimum": 474.48,
        "most_common": 474.48,
        "num_of_zeros": 0,
        "standard_deviation": 3.410605131648481e-13
    },
    "ecQ2_I_coarse": {
        "average": 377.19,
        "current size": 30,
        "first": 377.19,
        "maximum": 377.19,
        "minimum": 377.19,
        "most_common": 377.19,
        "num_of_zeros": 0,
        "standard_deviation": 0.0
    },
    "ecQ2_Set_Current": {
        "average": 377.268,
        "current size": 30,
        "first": 377.268,
        "maximum": 377.268,
        "minimum": 377.268,
        "most_common": 377.268,
        "num_of_zeros": 0,
        "standard_deviation": 0.0
    },
    "ecQ3_I_coarse": {
        "average": 182.97266666666667,
        "current size": 30,
        "first": 182.972,
        "maximum": 182.992,
        "minimum": 182.972,
        "most_common": 182.972,
        "num_of_zeros": 0,
        "standard_deviation": 0.0035901098714197378
    },
    "ecQ3_Set_Current": {
        "average": 183.44599999999994,
        "current size": 30,
        "first": 183.446,
        "maximum": 183.446,
        "minimum": 183.446,
        "most_common": 183.446,
        "num_of_zeros": 0,
        "standard_deviation": 5.684341886080802e-14
    },
    "ecSDI_I_coarse": {
        "average": 1553.0599999999997,
        "current size": 30,
        "first": 1553.06,
        "maximum": 1553.06,
        "minimum": 1553.06,
        "most_common": 1553.06,
        "num_of_zeros": 0,
        "standard_deviation": 2.2737367544323206e-13
    },
    "ecSDI_Set_Current": {
        "average": 1553.1900000000003,
        "current size": 30,
        "first": 1553.19,
        "maximum": 1553.19,
        "minimum": 1553.19,
        "most_common": 1553.19,
        "num_of_zeros": 0,
        "standard_deviation": 2.2737367544323206e-13
    },
    "ecSHB_I_coarse": {
        "average": 1621.8300000000006,
        "current size": 30,
        "first": 1621.79,
        "maximum": 1621.94,
        "minimum": 1621.79,
        "most_common": 1621.79,
        "num_of_zeros": 0,
        "standard_deviation": 0.06633249580714821
    },
    "ecSHB_Set_Current": {
        "average": 1624.3700000000003,
        "current size": 30,
        "first": 1624.37,
        "maximum": 1624.37,
        "minimum": 1624.37,
        "most_common": 1624.37,
        "num_of_zeros": 0,
        "standard_deviation": 4.547473508864641e-13
    },
    "ecSQ1_I_coarse": {
        "average": 1022.4039999999999,
        "current size": 30,
        "first": 1022.41,
        "maximum": 1022.47,
        "minimum": 1022.35,
        "most_common": 1022.41,
        "num_of_zeros": 0,
        "standard_deviation": 0.02374868417406476
    },
    "ecSQ1_Set_Current": {
        "average": 1022.1300000000003,
        "current size": 30,
        "first": 1022.13,
        "maximum": 1022.13,
        "minimum": 1022.13,
        "most_common": 1022.13,
        "num_of_zeros": 0,
        "standard_deviation": 3.410605131648481e-13
    },
    "ecSQ2_I_coarse": {
        "average": 1715.75,
        "current size": 30,
        "first": 1715.76,
        "maximum": 1715.76,
        "minimum": 1715.7,
        "most_common": 1715.7,
        "num_of_zeros": 0,
        "standard_deviation": 0.02236067977497755
    },
    "ecSQ2_Set_Current": {
        "average": 1716.849999999999,
        "current size": 30,
        "first": 1716.85,
        "maximum": 1716.85,
        "minimum": 1716.85,
        "most_common": 1716.85,
        "num_of_zeros": 0,
        "standard_deviation": 9.094947017729282e-13
    },
    "ecSQ3_I_coarse": {
        "average": 1130.6300000000006,
        "current size": 30,
        "first": 1130.63,
        "maximum": 1130.63,
        "minimum": 1130.63,
        "most_common": 1130.63,
        "num_of_zeros": 0,
        "standard_deviation": 4.547473508864641e-13
    },
    "ecSQ3_Set_Current": {
        "average": 1129.6699999999992,
        "current size": 30,
        "first": 1129.67,
        "maximum": 1129.67,
        "minimum": 1129.67,
        "most_common": 1129.67,
        "num_of_zeros": 0,
        "standard_deviation": 9.094947017729282e-13
    },
    "hcBDSPOS": {
        "average": 31648900.0,
        "current size": 30,
        "first": 31648900.0,
        "maximum": 31648900.0,
        "minimum": 31648900.0,
        "most_common": 31648900.0,
        "num_of_zeros": 0,
        "standard_deviation": 0.0
    }
}
