{
    "RunNumber": "24934",
    "ecDI_B_Set_NMR": {
        "average": 0.9970569999999994,
        "current size": 65,
        "first": 0.997057,
        "maximum": 0.997057,
        "minimum": 0.997057,
        "most_common": 0.997057,
        "num_of_zeros": 0,
        "standard_deviation": 5.551115123125783e-16
    },
    "ecDI_B_True_NMR": {
        "average": 0.9970550923076933,
        "current size": 65,
        "first": 0.997055,
        "maximum": 0.997058,
        "minimum": 0.997053,
        "most_common": 0.997055,
        "num_of_zeros": 0,
        "standard_deviation": 9.235896012257548e-07
    },
    "ecDI_I_coarse": {
        "average": 1113.0161538461534,
        "current size": 65,
        "first": 1113.04,
        "maximum": 1113.04,
        "minimum": 1112.99,
        "most_common": 1112.99,
        "num_of_zeros": 0,
        "standard_deviation": 0.02497335858574334
    },
    "ecDI_Set_Current": {
        "average": 1117.0700000000004,
        "current size": 65,
        "first": 1117.07,
        "maximum": 1117.07,
        "minimum": 1117.07,
        "most_common": 1117.07,
        "num_of_zeros": 0,
        "standard_deviation": 4.547473508864641e-13
    },
    "ecQ1_I_coarse": {
        "average": 474.1806923076926,
        "current size": 65,
        "first": 474.181,
        "maximum": 474.181,
        "minimum": 474.161,
        "most_common": 474.161,
        "num_of_zeros": 0,
        "standard_deviation": 0.002461538461536224
    },
    "ecQ1_Set_Current": {
        "average": 474.4799999999996,
        "current size": 65,
        "first": 474.48,
        "maximum": 474.48,
        "minimum": 474.48,
        "most_common": 474.48,
        "num_of_zeros": 0,
        "standard_deviation": 3.979039320256561e-13
    },
    "ecQ2_I_coarse": {
        "average": 377.1933846153842,
        "current size": 65,
        "first": 377.19,
        "maximum": 377.21,
        "minimum": 377.19,
        "most_common": 377.19,
        "num_of_zeros": 0,
        "standard_deviation": 0.007499112373503292
    },
    "ecQ2_Set_Current": {
        "average": 377.268,
        "current size": 65,
        "first": 377.268,
        "maximum": 377.268,
        "minimum": 377.268,
        "most_common": 377.268,
        "num_of_zeros": 0,
        "standard_deviation": 0.0
    },
    "ecQ3_I_coarse": {
        "average": 182.97692307692304,
        "current size": 65,
        "first": 182.972,
        "maximum": 182.992,
        "minimum": 182.972,
        "most_common": 182.972,
        "num_of_zeros": 0,
        "standard_deviation": 0.008615384615376778
    },
    "ecQ3_Set_Current": {
        "average": 183.44599999999994,
        "current size": 65,
        "first": 183.446,
        "maximum": 183.446,
        "minimum": 183.446,
        "most_common": 183.446,
        "num_of_zeros": 0,
        "standard_deviation": 5.684341886080802e-14
    },
    "ecSDI_I_coarse": {
        "average": 1553.0599999999986,
        "current size": 65,
        "first": 1553.06,
        "maximum": 1553.06,
        "minimum": 1553.06,
        "most_common": 1553.06,
        "num_of_zeros": 0,
        "standard_deviation": 1.3642420526593924e-12
    },
    "ecSDI_Set_Current": {
        "average": 1553.1900000000014,
        "current size": 65,
        "first": 1553.19,
        "maximum": 1553.19,
        "minimum": 1553.19,
        "most_common": 1553.19,
        "num_of_zeros": 0,
        "standard_deviation": 1.3642420526593924e-12
    },
    "ecSHB_I_coarse": {
        "average": 1621.8061538461525,
        "current size": 65,
        "first": 1621.79,
        "maximum": 1621.94,
        "minimum": 1621.79,
        "most_common": 1621.79,
        "num_of_zeros": 0,
        "standard_deviation": 0.04649871156835869
    },
    "ecSHB_Set_Current": {
        "average": 1624.369999999999,
        "current size": 65,
        "first": 1624.37,
        "maximum": 1624.37,
        "minimum": 1624.37,
        "most_common": 1624.37,
        "num_of_zeros": 0,
        "standard_deviation": 9.094947017729282e-13
    },
    "ecSQ1_I_coarse": {
        "average": 1022.4090769230785,
        "current size": 65,
        "first": 1022.35,
        "maximum": 1022.47,
        "minimum": 1022.35,
        "most_common": 1022.41,
        "num_of_zeros": 0,
        "standard_deviation": 0.01285697379432039
    },
    "ecSQ1_Set_Current": {
        "average": 1022.1299999999989,
        "current size": 65,
        "first": 1022.13,
        "maximum": 1022.13,
        "minimum": 1022.13,
        "most_common": 1022.13,
        "num_of_zeros": 0,
        "standard_deviation": 1.1368683772161603e-12
    },
    "ecSQ2_I_coarse": {
        "average": 1715.7415384615365,
        "current size": 65,
        "first": 1715.76,
        "maximum": 1715.76,
        "minimum": 1715.7,
        "most_common": 1715.7,
        "num_of_zeros": 0,
        "standard_deviation": 0.027692307692282526
    },
    "ecSQ2_Set_Current": {
        "average": 1716.8500000000017,
        "current size": 65,
        "first": 1716.85,
        "maximum": 1716.85,
        "minimum": 1716.85,
        "most_common": 1716.85,
        "num_of_zeros": 0,
        "standard_deviation": 1.8189894035458565e-12
    },
    "ecSQ3_I_coarse": {
        "average": 1130.619846153846,
        "current size": 65,
        "first": 1130.63,
        "maximum": 1130.63,
        "minimum": 1130.57,
        "most_common": 1130.57,
        "num_of_zeros": 0,
        "standard_deviation": 0.022497337120595158
    },
    "ecSQ3_Set_Current": {
        "average": 1129.6699999999987,
        "current size": 65,
        "first": 1129.67,
        "maximum": 1129.67,
        "minimum": 1129.67,
        "most_common": 1129.67,
        "num_of_zeros": 0,
        "standard_deviation": 1.3642420526593924e-12
    },
    "hcBDSPOS": {
        "average": 4030050.0,
        "current size": 65,
        "first": 4030050.0,
        "maximum": 4030050.0,
        "minimum": 4030050.0,
        "most_common": 4030050.0,
        "num_of_zeros": 0,
        "standard_deviation": 0.0
    }
}
