{
    "RunNumber": "24937",
    "ecDI_B_Set_NMR": {
        "average": 0.9970570000000005,
        "current size": 25,
        "first": 0.997057,
        "maximum": 0.997057,
        "minimum": 0.997057,
        "most_common": 0.997057,
        "num_of_zeros": 0,
        "standard_deviation": 5.551115123125783e-16
    },
    "ecDI_B_True_NMR": {
        "average": 0.9970547199999998,
        "current size": 25,
        "first": 0.997055,
        "maximum": 0.997057,
        "minimum": 0.997053,
        "most_common": 0.997055,
        "num_of_zeros": 0,
        "standard_deviation": 9.173875953097201e-07
    },
    "ecDI_I_coarse": {
        "average": 1113.0020000000004,
        "current size": 25,
        "first": 1112.99,
        "maximum": 1113.04,
        "minimum": 1112.99,
        "most_common": 1112.99,
        "num_of_zeros": 0,
        "standard_deviation": 0.0213541565040432
    },
    "ecDI_Set_Current": {
        "average": 1117.07,
        "current size": 25,
        "first": 1117.07,
        "maximum": 1117.07,
        "minimum": 1117.07,
        "most_common": 1117.07,
        "num_of_zeros": 0,
        "standard_deviation": 0.0
    },
    "ecQ1_I_coarse": {
        "average": 474.181,
        "current size": 25,
        "first": 474.181,
        "maximum": 474.181,
        "minimum": 474.181,
        "most_common": 474.181,
        "num_of_zeros": 0,
        "standard_deviation": 0.0
    },
    "ecQ1_Set_Current": {
        "average": 474.47999999999973,
        "current size": 25,
        "first": 474.48,
        "maximum": 474.48,
        "minimum": 474.48,
        "most_common": 474.48,
        "num_of_zeros": 0,
        "standard_deviation": 2.8421709430404007e-13
    },
    "ecQ2_I_coarse": {
        "average": 377.1963999999999,
        "current size": 25,
        "first": 377.21,
        "maximum": 377.21,
        "minimum": 377.19,
        "most_common": 377.19,
        "num_of_zeros": 0,
        "standard_deviation": 0.009329523031743996
    },
    "ecQ2_Set_Current": {
        "average": 377.268,
        "current size": 25,
        "first": 377.268,
        "maximum": 377.268,
        "minimum": 377.268,
        "most_common": 377.268,
        "num_of_zeros": 0,
        "standard_deviation": 0.0
    },
    "ecQ3_I_coarse": {
        "average": 182.9744000000001,
        "current size": 25,
        "first": 182.972,
        "maximum": 182.992,
        "minimum": 182.972,
        "most_common": 182.972,
        "num_of_zeros": 0,
        "standard_deviation": 0.006499230723702859
    },
    "ecQ3_Set_Current": {
        "average": 183.44599999999994,
        "current size": 25,
        "first": 183.446,
        "maximum": 183.446,
        "minimum": 183.446,
        "most_common": 183.446,
        "num_of_zeros": 0,
        "standard_deviation": 5.684341886080802e-14
    },
    "ecSDI_I_coarse": {
        "average": 1553.0216000000003,
        "current size": 25,
        "first": 1553.06,
        "maximum": 1553.06,
        "minimum": 1552.94,
        "most_common": 1552.94,
        "num_of_zeros": 0,
        "standard_deviation": 0.055977138190463974
    },
    "ecSDI_Set_Current": {
        "average": 1553.19,
        "current size": 25,
        "first": 1553.19,
        "maximum": 1553.19,
        "minimum": 1553.19,
        "most_common": 1553.19,
        "num_of_zeros": 0,
        "standard_deviation": 0.0
    },
    "ecSHB_I_coarse": {
        "average": 1621.7900000000006,
        "current size": 25,
        "first": 1621.79,
        "maximum": 1621.79,
        "minimum": 1621.79,
        "most_common": 1621.79,
        "num_of_zeros": 0,
        "standard_deviation": 6.821210263296962e-13
    },
    "ecSHB_Set_Current": {
        "average": 1624.37,
        "current size": 25,
        "first": 1624.37,
        "maximum": 1624.37,
        "minimum": 1624.37,
        "most_common": 1624.37,
        "num_of_zeros": 0,
        "standard_deviation": 0.0
    },
    "ecSQ1_I_coarse": {
        "average": 1022.4076,
        "current size": 25,
        "first": 1022.41,
        "maximum": 1022.41,
        "minimum": 1022.35,
        "most_common": 1022.35,
        "num_of_zeros": 0,
        "standard_deviation": 0.011757550765348556
    },
    "ecSQ1_Set_Current": {
        "average": 1022.1300000000001,
        "current size": 25,
        "first": 1022.13,
        "maximum": 1022.13,
        "minimum": 1022.13,
        "most_common": 1022.13,
        "num_of_zeros": 0,
        "standard_deviation": 1.1368683772161603e-13
    },
    "ecSQ2_I_coarse": {
        "average": 1715.7287999999999,
        "current size": 25,
        "first": 1715.76,
        "maximum": 1715.76,
        "minimum": 1715.7,
        "most_common": 1715.7,
        "num_of_zeros": 0,
        "standard_deviation": 0.029975990392285053
    },
    "ecSQ2_Set_Current": {
        "average": 1716.8499999999992,
        "current size": 25,
        "first": 1716.85,
        "maximum": 1716.85,
        "minimum": 1716.85,
        "most_common": 1716.85,
        "num_of_zeros": 0,
        "standard_deviation": 6.821210263296962e-13
    },
    "ecSQ3_I_coarse": {
        "average": 1130.6252000000006,
        "current size": 25,
        "first": 1130.63,
        "maximum": 1130.63,
        "minimum": 1130.57,
        "most_common": 1130.57,
        "num_of_zeros": 0,
        "standard_deviation": 0.016277591959547522
    },
    "ecSQ3_Set_Current": {
        "average": 1129.6699999999994,
        "current size": 25,
        "first": 1129.67,
        "maximum": 1129.67,
        "minimum": 1129.67,
        "most_common": 1129.67,
        "num_of_zeros": 0,
        "standard_deviation": 6.821210263296962e-13
    },
    "hcBDSPOS": {
        "average": 4030050.0,
        "current size": 25,
        "first": 4030050.0,
        "maximum": 4030050.0,
        "minimum": 4030050.0,
        "most_common": 4030050.0,
        "num_of_zeros": 0,
        "standard_deviation": 0.0
    }
}
