{
    "RunNumber": "23860",
    "ecDI_B_Set_NMR": {
        "average": 1.231949999999999,
        "current size": 52,
        "first": 1.23195,
        "maximum": 1.23195,
        "minimum": 1.23195,
        "most_common": 1.23195,
        "num_of_zeros": 0,
        "standard_deviation": 1.1102230246251565e-15
    },
    "ecDI_B_True_NMR": {
        "average": 1.5546542307692308,
        "current size": 52,
        "first": 1.56502,
        "maximum": 1.63318,
        "minimum": 1.48592,
        "most_common": 1.48592,
        "num_of_zeros": 0,
        "standard_deviation": 0.04666355118316296
    },
    "ecDI_I_coarse": {
        "average": 1381.9380769230777,
        "current size": 52,
        "first": 1381.94,
        "maximum": 1381.94,
        "minimum": 1381.89,
        "most_common": 1381.89,
        "num_of_zeros": 0,
        "standard_deviation": 0.009615384615375871
    },
    "ecDI_Set_Current": {
        "average": 1386.3799999999997,
        "current size": 52,
        "first": 1386.38,
        "maximum": 1386.38,
        "minimum": 1386.38,
        "most_common": 1386.38,
        "num_of_zeros": 0,
        "standard_deviation": 4.547473508864641e-13
    },
    "ecQ1_I_coarse": {
        "average": 585.9370000000006,
        "current size": 52,
        "first": 585.952,
        "maximum": 585.952,
        "minimum": 585.932,
        "most_common": 585.932,
        "num_of_zeros": 0,
        "standard_deviation": 0.008660254037836513
    },
    "ecQ1_Set_Current": {
        "average": 586.2920000000005,
        "current size": 52,
        "first": 586.292,
        "maximum": 586.292,
        "minimum": 586.292,
        "most_common": 586.292,
        "num_of_zeros": 0,
        "standard_deviation": 4.547473508864641e-13
    },
    "ecQ2_I_coarse": {
        "average": 466.1417115384619,
        "current size": 52,
        "first": 466.145,
        "maximum": 466.145,
        "minimum": 466.126,
        "most_common": 466.126,
        "num_of_zeros": 0,
        "standard_deviation": 0.007187961459333106
    },
    "ecQ2_Set_Current": {
        "average": 466.21700000000027,
        "current size": 52,
        "first": 466.217,
        "maximum": 466.217,
        "minimum": 466.217,
        "most_common": 466.217,
        "num_of_zeros": 0,
        "standard_deviation": 2.8421709430404007e-13
    },
    "ecQ3_I_coarse": {
        "average": 226.26900000000018,
        "current size": 52,
        "first": 226.269,
        "maximum": 226.269,
        "minimum": 226.269,
        "most_common": 226.269,
        "num_of_zeros": 0,
        "standard_deviation": 1.7053025658242404e-13
    },
    "ecQ3_Set_Current": {
        "average": 226.72400000000013,
        "current size": 52,
        "first": 226.724,
        "maximum": 226.724,
        "minimum": 226.724,
        "most_common": 226.724,
        "num_of_zeros": 0,
        "standard_deviation": 1.4210854715202004e-13
    },
    "ecSDI_I_coarse": {
        "average": 1435.6669230769241,
        "current size": 52,
        "first": 1435.69,
        "maximum": 1435.69,
        "minimum": 1435.57,
        "most_common": 1435.57,
        "num_of_zeros": 0,
        "standard_deviation": 0.047293618919860135
    },
    "ecSDI_Set_Current": {
        "average": 1435.7699999999993,
        "current size": 52,
        "first": 1435.77,
        "maximum": 1435.77,
        "minimum": 1435.77,
        "most_common": 1435.77,
        "num_of_zeros": 0,
        "standard_deviation": 6.821210263296962e-13
    },
    "ecSHB_I_coarse": {
        "average": 1496.3500000000001,
        "current size": 52,
        "first": 1496.35,
        "maximum": 1496.35,
        "minimum": 1496.35,
        "most_common": 1496.35,
        "num_of_zeros": 0,
        "standard_deviation": 2.2737367544323206e-13
    },
    "ecSHB_Set_Current": {
        "average": 1498.6699999999987,
        "current size": 52,
        "first": 1498.67,
        "maximum": 1498.67,
        "minimum": 1498.67,
        "most_common": 1498.67,
        "num_of_zeros": 0,
        "standard_deviation": 1.3642420526593924e-12
    },
    "ecSQ1_I_coarse": {
        "average": 945.1951730769239,
        "current size": 52,
        "first": 945.177,
        "maximum": 945.24,
        "minimum": 945.177,
        "most_common": 945.177,
        "num_of_zeros": 0,
        "standard_deviation": 0.02854195370505441
    },
    "ecSQ1_Set_Current": {
        "average": 944.8640000000008,
        "current size": 52,
        "first": 944.864,
        "maximum": 944.864,
        "minimum": 944.864,
        "most_common": 944.864,
        "num_of_zeros": 0,
        "standard_deviation": 7.958078640513122e-13
    },
    "ecSQ2_I_coarse": {
        "average": 1586.071153846155,
        "current size": 52,
        "first": 1586.07,
        "maximum": 1586.13,
        "minimum": 1586.07,
        "most_common": 1586.07,
        "num_of_zeros": 0,
        "standard_deviation": 0.008240109725265472
    },
    "ecSQ2_Set_Current": {
        "average": 1587.0700000000013,
        "current size": 52,
        "first": 1587.07,
        "maximum": 1587.07,
        "minimum": 1587.07,
        "most_common": 1587.07,
        "num_of_zeros": 0,
        "standard_deviation": 1.3642420526593924e-12
    },
    "ecSQ3_I_coarse": {
        "average": 1045.2476923076927,
        "current size": 52,
        "first": 1045.26,
        "maximum": 1045.32,
        "minimum": 1045.19,
        "most_common": 1045.26,
        "num_of_zeros": 0,
        "standard_deviation": 0.029326765447216796
    },
    "ecSQ3_Set_Current": {
        "average": 1044.2799999999993,
        "current size": 52,
        "first": 1044.28,
        "maximum": 1044.28,
        "minimum": 1044.28,
        "most_common": 1044.28,
        "num_of_zeros": 0,
        "standard_deviation": 6.821210263296962e-13
    },
    "hcBDSPOS": {
        "average": 9538140.0,
        "current size": 52,
        "first": 9538140.0,
        "maximum": 9538140.0,
        "minimum": 9538140.0,
        "most_common": 9538140.0,
        "num_of_zeros": 0,
        "standard_deviation": 0.0
    }
}
