{
    "RunNumber": "23909",
    "ecDI_B_Set_NMR": {
        "average": 0.41913999999999974,
        "current size": 54,
        "first": 0.41914,
        "maximum": 0.41914,
        "minimum": 0.41914,
        "most_common": 0.41914,
        "num_of_zeros": 0,
        "standard_deviation": 2.7755575615628914e-16
    },
    "ecDI_B_True_NMR": {
        "average": 1.0555983333333332,
        "current size": 54,
        "first": 1.05556,
        "maximum": 1.05569,
        "minimum": 1.05552,
        "most_common": 1.05563,
        "num_of_zeros": 0,
        "standard_deviation": 3.720563477835416e-05
    },
    "ecDI_I_coarse": {
        "average": 464.6370370370372,
        "current size": 54,
        "first": 464.644,
        "maximum": 464.644,
        "minimum": 464.597,
        "most_common": 464.597,
        "num_of_zeros": 0,
        "standard_deviation": 0.01669659863672739
    },
    "ecDI_Set_Current": {
        "average": 467.5370000000002,
        "current size": 54,
        "first": 467.537,
        "maximum": 467.537,
        "minimum": 467.537,
        "most_common": 467.537,
        "num_of_zeros": 0,
        "standard_deviation": 2.2737367544323206e-13
    },
    "ecQ1_I_coarse": {
        "average": 199.27337037037063,
        "current size": 54,
        "first": 199.279,
        "maximum": 199.279,
        "minimum": 199.26,
        "most_common": 199.26,
        "num_of_zeros": 0,
        "standard_deviation": 0.008675841930106978
    },
    "ecQ1_Set_Current": {
        "average": 199.37999999999988,
        "current size": 54,
        "first": 199.38,
        "maximum": 199.38,
        "minimum": 199.38,
        "most_common": 199.38,
        "num_of_zeros": 0,
        "standard_deviation": 1.1368683772161603e-13
    },
    "ecQ2_I_coarse": {
        "average": 158.31951851851846,
        "current size": 54,
        "first": 158.321,
        "maximum": 158.321,
        "minimum": 158.301,
        "most_common": 158.301,
        "num_of_zeros": 0,
        "standard_deviation": 0.005237828008791926
    },
    "ecQ2_Set_Current": {
        "average": 158.43599999999986,
        "current size": 54,
        "first": 158.436,
        "maximum": 158.436,
        "minimum": 158.436,
        "most_common": 158.436,
        "num_of_zeros": 0,
        "standard_deviation": 1.4210854715202004e-13
    },
    "ecQ3_I_coarse": {
        "average": 76.51781111111113,
        "current size": 54,
        "first": 76.5189,
        "maximum": 76.5189,
        "minimum": 76.4993,
        "most_common": 76.4993,
        "num_of_zeros": 0,
        "standard_deviation": 0.0044896039034496415
    },
    "ecQ3_Set_Current": {
        "average": 76.96360000000003,
        "current size": 54,
        "first": 76.9636,
        "maximum": 76.9636,
        "minimum": 76.9636,
        "most_common": 76.9636,
        "num_of_zeros": 0,
        "standard_deviation": 2.842170943040401e-14
    },
    "ecSDI_I_coarse": {
        "average": 834.014925925926,
        "current size": 54,
        "first": 833.964,
        "maximum": 834.089,
        "minimum": 833.964,
        "most_common": 833.964,
        "num_of_zeros": 0,
        "standard_deviation": 0.06141897759917406
    },
    "ecSDI_Set_Current": {
        "average": 834.3430000000006,
        "current size": 54,
        "first": 834.343,
        "maximum": 834.343,
        "minimum": 834.343,
        "most_common": 834.343,
        "num_of_zeros": 0,
        "standard_deviation": 6.821210263296962e-13
    },
    "ecSHB_I_coarse": {
        "average": 863.9174074074078,
        "current size": 54,
        "first": 863.836,
        "maximum": 863.993,
        "minimum": 863.836,
        "most_common": 863.836,
        "num_of_zeros": 0,
        "standard_deviation": 0.07844614064547993
    },
    "ecSHB_Set_Current": {
        "average": 865.4680000000006,
        "current size": 54,
        "first": 865.468,
        "maximum": 865.468,
        "minimum": 865.468,
        "most_common": 865.468,
        "num_of_zeros": 0,
        "standard_deviation": 6.821210263296962e-13
    },
    "ecSQ1_I_coarse": {
        "average": 549.280166666667,
        "current size": 54,
        "first": 549.258,
        "maximum": 549.321,
        "minimum": 549.258,
        "most_common": 549.258,
        "num_of_zeros": 0,
        "standard_deviation": 0.030085526235858823
    },
    "ecSQ1_Set_Current": {
        "average": 549.071,
        "current size": 54,
        "first": 549.071,
        "maximum": 549.071,
        "minimum": 549.071,
        "most_common": 549.071,
        "num_of_zeros": 0,
        "standard_deviation": 0.0
    },
    "ecSQ2_I_coarse": {
        "average": 921.9107037037041,
        "current size": 54,
        "first": 921.913,
        "maximum": 921.913,
        "minimum": 921.851,
        "most_common": 921.851,
        "num_of_zeros": 0,
        "standard_deviation": 0.011708859623807884
    },
    "ecSQ2_Set_Current": {
        "average": 922.2620000000005,
        "current size": 54,
        "first": 922.262,
        "maximum": 922.262,
        "minimum": 922.262,
        "most_common": 922.262,
        "num_of_zeros": 0,
        "standard_deviation": 5.684341886080801e-13
    },
    "ecSQ3_I_coarse": {
        "average": 607.47062962963,
        "current size": 54,
        "first": 607.427,
        "maximum": 607.489,
        "minimum": 607.427,
        "most_common": 607.427,
        "num_of_zeros": 0,
        "standard_deviation": 0.028310642087714777
    },
    "ecSQ3_Set_Current": {
        "average": 606.84,
        "current size": 54,
        "first": 606.84,
        "maximum": 606.84,
        "minimum": 606.84,
        "most_common": 606.84,
        "num_of_zeros": 0,
        "standard_deviation": 0.0
    },
    "hcBDSPOS": {
        "average": 24018300.0,
        "current size": 54,
        "first": 24018300.0,
        "maximum": 24018300.0,
        "minimum": 24018300.0,
        "most_common": 24018300.0,
        "num_of_zeros": 0,
        "standard_deviation": 0.0
    }
}
