{
    "RunNumber": "24898",
    "ecDI_B_Set_NMR": {
        "average": 0.9970569999999992,
        "current size": 76,
        "first": 0.997057,
        "maximum": 0.997057,
        "minimum": 0.997057,
        "most_common": 0.997057,
        "num_of_zeros": 0,
        "standard_deviation": 7.771561172376096e-16
    },
    "ecDI_B_True_NMR": {
        "average": 0.9970511315789468,
        "current size": 76,
        "first": 0.997053,
        "maximum": 0.997056,
        "minimum": 0.997049,
        "most_common": 0.997051,
        "num_of_zeros": 0,
        "standard_deviation": 1.0802303027404824e-06
    },
    "ecDI_I_coarse": {
        "average": 1112.9773684210527,
        "current size": 76,
        "first": 1112.99,
        "maximum": 1112.99,
        "minimum": 1112.95,
        "most_common": 1112.95,
        "num_of_zeros": 0,
        "standard_deviation": 0.018593180771199598
    },
    "ecDI_Set_Current": {
        "average": 1117.0,
        "current size": 76,
        "first": 1117.0,
        "maximum": 1117.0,
        "minimum": 1117.0,
        "most_common": 1117.0,
        "num_of_zeros": 0,
        "standard_deviation": 0.0
    },
    "ecQ1_I_coarse": {
        "average": 474.1731052631578,
        "current size": 76,
        "first": 474.161,
        "maximum": 474.181,
        "minimum": 474.161,
        "most_common": 474.161,
        "num_of_zeros": 0,
        "standard_deviation": 0.009775881905784113
    },
    "ecQ1_Set_Current": {
        "average": 474.47999999999996,
        "current size": 76,
        "first": 474.48,
        "maximum": 474.48,
        "minimum": 474.48,
        "most_common": 474.48,
        "num_of_zeros": 0,
        "standard_deviation": 5.684341886080802e-14
    },
    "ecQ2_I_coarse": {
        "average": 377.190526315789,
        "current size": 76,
        "first": 377.19,
        "maximum": 377.21,
        "minimum": 377.19,
        "most_common": 377.19,
        "num_of_zeros": 0,
        "standard_deviation": 0.0032014539633119436
    },
    "ecQ2_Set_Current": {
        "average": 377.268,
        "current size": 76,
        "first": 377.268,
        "maximum": 377.268,
        "minimum": 377.268,
        "most_common": 377.268,
        "num_of_zeros": 0,
        "standard_deviation": 0.0
    },
    "ecQ3_I_coarse": {
        "average": 182.9727894736841,
        "current size": 76,
        "first": 182.972,
        "maximum": 182.992,
        "minimum": 182.972,
        "most_common": 182.972,
        "num_of_zeros": 0,
        "standard_deviation": 0.003894381207088229
    },
    "ecQ3_Set_Current": {
        "average": 183.44599999999994,
        "current size": 76,
        "first": 183.446,
        "maximum": 183.446,
        "minimum": 183.446,
        "most_common": 183.446,
        "num_of_zeros": 0,
        "standard_deviation": 5.684341886080802e-14
    },
    "ecSDI_I_coarse": {
        "average": 2086.19157894737,
        "current size": 76,
        "first": 2086.22,
        "maximum": 2086.22,
        "minimum": 2086.1,
        "most_common": 2086.1,
        "num_of_zeros": 0,
        "standard_deviation": 0.05101735080438572
    },
    "ecSDI_Set_Current": {
        "average": 2086.019999999999,
        "current size": 76,
        "first": 2086.02,
        "maximum": 2086.02,
        "minimum": 2086.02,
        "most_common": 2086.02,
        "num_of_zeros": 0,
        "standard_deviation": 9.094947017729282e-13
    },
    "ecSHB_I_coarse": {
        "average": 2203.5410526315786,
        "current size": 76,
        "first": 2203.47,
        "maximum": 2203.62,
        "minimum": 2203.47,
        "most_common": 2203.47,
        "num_of_zeros": 0,
        "standard_deviation": 0.07489604984613861
    },
    "ecSHB_Set_Current": {
        "average": 2206.7000000000007,
        "current size": 76,
        "first": 2206.7,
        "maximum": 2206.7,
        "minimum": 2206.7,
        "most_common": 2206.7,
        "num_of_zeros": 0,
        "standard_deviation": 9.094947017729282e-13
    },
    "ecSQ1_I_coarse": {
        "average": 1376.9986842105275,
        "current size": 76,
        "first": 1376.99,
        "maximum": 1377.05,
        "minimum": 1376.93,
        "most_common": 1376.99,
        "num_of_zeros": 0,
        "standard_deviation": 0.023245945048929555
    },
    "ecSQ1_Set_Current": {
        "average": 1376.5800000000013,
        "current size": 76,
        "first": 1376.58,
        "maximum": 1376.58,
        "minimum": 1376.58,
        "most_common": 1376.58,
        "num_of_zeros": 0,
        "standard_deviation": 1.3642420526593924e-12
    },
    "ecSQ2_I_coarse": {
        "average": 2304.220789473685,
        "current size": 76,
        "first": 2304.22,
        "maximum": 2304.28,
        "minimum": 2304.22,
        "most_common": 2304.22,
        "num_of_zeros": 0,
        "standard_deviation": 0.006837042661501697
    },
    "ecSQ2_Set_Current": {
        "average": 2305.829999999998,
        "current size": 76,
        "first": 2305.83,
        "maximum": 2305.83,
        "minimum": 2305.83,
        "most_common": 2305.83,
        "num_of_zeros": 0,
        "standard_deviation": 1.8189894035458565e-12
    },
    "ecSQ3_I_coarse": {
        "average": 1518.5302631578934,
        "current size": 76,
        "first": 1518.58,
        "maximum": 1518.58,
        "minimum": 1518.51,
        "most_common": 1518.51,
        "num_of_zeros": 0,
        "standard_deviation": 0.03174626725715498
    },
    "ecSQ3_Set_Current": {
        "average": 1517.220000000001,
        "current size": 76,
        "first": 1517.22,
        "maximum": 1517.22,
        "minimum": 1517.22,
        "most_common": 1517.22,
        "num_of_zeros": 0,
        "standard_deviation": 9.094947017729282e-13
    },
    "hcBDSPOS": {
        "average": 5460580.0,
        "current size": 76,
        "first": 5460580.0,
        "maximum": 5460580.0,
        "minimum": 5460580.0,
        "most_common": 5460580.0,
        "num_of_zeros": 0,
        "standard_deviation": 0.0
    }
}
