{
    "RunNumber": "23963",
    "ecDI_B_Set_NMR": {
        "average": 0.41913999999999996,
        "current size": 43,
        "first": 0.41914,
        "maximum": 0.41914,
        "minimum": 0.41914,
        "most_common": 0.41914,
        "num_of_zeros": 0,
        "standard_deviation": 5.551115123125783e-17
    },
    "ecDI_B_True_NMR": {
        "average": 1.0556297674418602,
        "current size": 43,
        "first": 1.05561,
        "maximum": 1.05571,
        "minimum": 1.05554,
        "most_common": 1.05562,
        "num_of_zeros": 0,
        "standard_deviation": 4.0662443222282184e-05
    },
    "ecDI_I_coarse": {
        "average": 464.61995348837223,
        "current size": 43,
        "first": 464.644,
        "maximum": 464.644,
        "minimum": 464.597,
        "most_common": 464.597,
        "num_of_zeros": 0,
        "standard_deviation": 0.02349364435418994
    },
    "ecDI_Set_Current": {
        "average": 467.5370000000002,
        "current size": 43,
        "first": 467.537,
        "maximum": 467.537,
        "minimum": 467.537,
        "most_common": 467.537,
        "num_of_zeros": 0,
        "standard_deviation": 2.2737367544323206e-13
    },
    "ecQ1_I_coarse": {
        "average": 199.27458139534903,
        "current size": 43,
        "first": 199.279,
        "maximum": 199.279,
        "minimum": 199.26,
        "most_common": 199.26,
        "num_of_zeros": 0,
        "standard_deviation": 0.008026793962028213
    },
    "ecQ1_Set_Current": {
        "average": 199.38000000000005,
        "current size": 43,
        "first": 199.38,
        "maximum": 199.38,
        "minimum": 199.38,
        "most_common": 199.38,
        "num_of_zeros": 0,
        "standard_deviation": 5.684341886080802e-14
    },
    "ecQ2_I_coarse": {
        "average": 158.3163488372093,
        "current size": 43,
        "first": 158.321,
        "maximum": 158.321,
        "minimum": 158.301,
        "most_common": 158.301,
        "num_of_zeros": 0,
        "standard_deviation": 0.00844925680213686
    },
    "ecQ2_Set_Current": {
        "average": 158.4359999999999,
        "current size": 43,
        "first": 158.436,
        "maximum": 158.436,
        "minimum": 158.436,
        "most_common": 158.436,
        "num_of_zeros": 0,
        "standard_deviation": 1.1368683772161603e-13
    },
    "ecQ3_I_coarse": {
        "average": 76.51251860465116,
        "current size": 43,
        "first": 76.5189,
        "maximum": 76.5189,
        "minimum": 76.4993,
        "most_common": 76.4993,
        "num_of_zeros": 0,
        "standard_deviation": 0.009184396672564937
    },
    "ecQ3_Set_Current": {
        "average": 76.96360000000003,
        "current size": 43,
        "first": 76.9636,
        "maximum": 76.9636,
        "minimum": 76.9636,
        "most_common": 76.9636,
        "num_of_zeros": 0,
        "standard_deviation": 2.842170943040401e-14
    },
    "ecSDI_I_coarse": {
        "average": 2086.2200000000007,
        "current size": 43,
        "first": 2086.22,
        "maximum": 2086.22,
        "minimum": 2086.22,
        "most_common": 2086.22,
        "num_of_zeros": 0,
        "standard_deviation": 9.094947017729282e-13
    },
    "ecSDI_Set_Current": {
        "average": 2086.02,
        "current size": 43,
        "first": 2086.02,
        "maximum": 2086.02,
        "minimum": 2086.02,
        "most_common": 2086.02,
        "num_of_zeros": 0,
        "standard_deviation": 0.0
    },
    "ecSHB_I_coarse": {
        "average": 2203.619999999999,
        "current size": 43,
        "first": 2203.62,
        "maximum": 2203.62,
        "minimum": 2203.62,
        "most_common": 2203.62,
        "num_of_zeros": 0,
        "standard_deviation": 9.094947017729282e-13
    },
    "ecSHB_Set_Current": {
        "average": 2206.6999999999985,
        "current size": 43,
        "first": 2206.7,
        "maximum": 2206.7,
        "minimum": 2206.7,
        "most_common": 2206.7,
        "num_of_zeros": 0,
        "standard_deviation": 1.3642420526593924e-12
    },
    "ecSQ1_I_coarse": {
        "average": 1377.0444186046518,
        "current size": 43,
        "first": 1377.05,
        "maximum": 1377.05,
        "minimum": 1376.99,
        "most_common": 1376.99,
        "num_of_zeros": 0,
        "standard_deviation": 0.017427901390863403
    },
    "ecSQ1_Set_Current": {
        "average": 1376.5800000000013,
        "current size": 43,
        "first": 1376.58,
        "maximum": 1376.58,
        "minimum": 1376.58,
        "most_common": 1376.58,
        "num_of_zeros": 0,
        "standard_deviation": 1.3642420526593924e-12
    },
    "ecSQ2_I_coarse": {
        "average": 2304.25488372093,
        "current size": 43,
        "first": 2304.22,
        "maximum": 2304.28,
        "minimum": 2304.22,
        "most_common": 2304.22,
        "num_of_zeros": 0,
        "standard_deviation": 0.029599818747541272
    },
    "ecSQ2_Set_Current": {
        "average": 2305.8300000000013,
        "current size": 43,
        "first": 2305.83,
        "maximum": 2305.83,
        "minimum": 2305.83,
        "most_common": 2305.83,
        "num_of_zeros": 0,
        "standard_deviation": 1.3642420526593924e-12
    },
    "ecSQ3_I_coarse": {
        "average": 1518.602325581396,
        "current size": 43,
        "first": 1518.58,
        "maximum": 1518.64,
        "minimum": 1518.58,
        "most_common": 1518.58,
        "num_of_zeros": 0,
        "standard_deviation": 0.029001780964027522
    },
    "ecSQ3_Set_Current": {
        "average": 1517.220000000001,
        "current size": 43,
        "first": 1517.22,
        "maximum": 1517.22,
        "minimum": 1517.22,
        "most_common": 1517.22,
        "num_of_zeros": 0,
        "standard_deviation": 9.094947017729282e-13
    },
    "hcBDSPOS": {
        "average": 24018300.0,
        "current size": 43,
        "first": 24018300.0,
        "maximum": 24018300.0,
        "minimum": 24018300.0,
        "most_common": 24018300.0,
        "num_of_zeros": 0,
        "standard_deviation": 0.0
    }
}
