{
    "RunNumber": "24984",
    "ecDI_B_Set_NMR": {
        "average": 0.9970570000000005,
        "current size": 25,
        "first": 0.997057,
        "maximum": 0.997057,
        "minimum": 0.997057,
        "most_common": 0.997057,
        "num_of_zeros": 0,
        "standard_deviation": 5.551115123125783e-16
    },
    "ecDI_B_True_NMR": {
        "average": 0.99705472,
        "current size": 25,
        "first": 0.997055,
        "maximum": 0.997056,
        "minimum": 0.997053,
        "most_common": 0.997055,
        "num_of_zeros": 0,
        "standard_deviation": 7.756287772089166e-07
    },
    "ecDI_I_coarse": {
        "average": 1113.0340000000006,
        "current size": 25,
        "first": 1113.04,
        "maximum": 1113.04,
        "minimum": 1112.99,
        "most_common": 1112.99,
        "num_of_zeros": 0,
        "standard_deviation": 0.016248076809257144
    },
    "ecDI_Set_Current": {
        "average": 1117.07,
        "current size": 25,
        "first": 1117.07,
        "maximum": 1117.07,
        "minimum": 1117.07,
        "most_common": 1117.07,
        "num_of_zeros": 0,
        "standard_deviation": 0.0
    },
    "ecQ1_I_coarse": {
        "average": 474.18176,
        "current size": 25,
        "first": 474.181,
        "maximum": 474.2,
        "minimum": 474.181,
        "most_common": 474.181,
        "num_of_zeros": 0,
        "standard_deviation": 0.0037232244090314986
    },
    "ecQ1_Set_Current": {
        "average": 474.47999999999973,
        "current size": 25,
        "first": 474.48,
        "maximum": 474.48,
        "minimum": 474.48,
        "most_common": 474.48,
        "num_of_zeros": 0,
        "standard_deviation": 2.8421709430404007e-13
    },
    "ecQ2_I_coarse": {
        "average": 377.1955999999999,
        "current size": 25,
        "first": 377.21,
        "maximum": 377.21,
        "minimum": 377.19,
        "most_common": 377.19,
        "num_of_zeros": 0,
        "standard_deviation": 0.008979977728249293
    },
    "ecQ2_Set_Current": {
        "average": 377.268,
        "current size": 25,
        "first": 377.268,
        "maximum": 377.268,
        "minimum": 377.268,
        "most_common": 377.268,
        "num_of_zeros": 0,
        "standard_deviation": 0.0
    },
    "ecQ3_I_coarse": {
        "average": 182.97600000000006,
        "current size": 25,
        "first": 182.972,
        "maximum": 182.992,
        "minimum": 182.972,
        "most_common": 182.972,
        "num_of_zeros": 0,
        "standard_deviation": 0.007999999999992721
    },
    "ecQ3_Set_Current": {
        "average": 183.44599999999994,
        "current size": 25,
        "first": 183.446,
        "maximum": 183.446,
        "minimum": 183.446,
        "most_common": 183.446,
        "num_of_zeros": 0,
        "standard_deviation": 5.684341886080802e-14
    },
    "ecSDI_I_coarse": {
        "average": 1158.5400000000006,
        "current size": 25,
        "first": 1158.54,
        "maximum": 1158.54,
        "minimum": 1158.54,
        "most_common": 1158.54,
        "num_of_zeros": 0,
        "standard_deviation": 6.821210263296962e-13
    },
    "ecSDI_Set_Current": {
        "average": 1158.8300000000006,
        "current size": 25,
        "first": 1158.83,
        "maximum": 1158.83,
        "minimum": 1158.83,
        "most_common": 1158.83,
        "num_of_zeros": 0,
        "standard_deviation": 6.821210263296962e-13
    },
    "ecSHB_I_coarse": {
        "average": 1203.4120000000005,
        "current size": 25,
        "first": 1203.4,
        "maximum": 1203.55,
        "minimum": 1203.4,
        "most_common": 1203.4,
        "num_of_zeros": 0,
        "standard_deviation": 0.040693979898714594
    },
    "ecSHB_Set_Current": {
        "average": 1205.4700000000005,
        "current size": 25,
        "first": 1205.47,
        "maximum": 1205.47,
        "minimum": 1205.47,
        "most_common": 1205.47,
        "num_of_zeros": 0,
        "standard_deviation": 4.547473508864641e-13
    },
    "ecSQ1_I_coarse": {
        "average": 762.81848,
        "current size": 25,
        "first": 762.821,
        "maximum": 762.821,
        "minimum": 762.758,
        "most_common": 762.758,
        "num_of_zeros": 0,
        "standard_deviation": 0.0123454283036249
    },
    "ecSQ1_Set_Current": {
        "average": 762.6100000000002,
        "current size": 25,
        "first": 762.61,
        "maximum": 762.61,
        "minimum": 762.61,
        "most_common": 762.61,
        "num_of_zeros": 0,
        "standard_deviation": 2.2737367544323206e-13
    },
    "ecSQ2_I_coarse": {
        "average": 1280.2123999999994,
        "current size": 25,
        "first": 1280.21,
        "maximum": 1280.27,
        "minimum": 1280.21,
        "most_common": 1280.21,
        "num_of_zeros": 0,
        "standard_deviation": 0.011757550765348563
    },
    "ecSQ2_Set_Current": {
        "average": 1280.9399999999996,
        "current size": 25,
        "first": 1280.94,
        "maximum": 1280.94,
        "minimum": 1280.94,
        "most_common": 1280.94,
        "num_of_zeros": 0,
        "standard_deviation": 4.547473508864641e-13
    },
    "ecSQ3_I_coarse": {
        "average": 843.5759199999998,
        "current size": 25,
        "first": 843.586,
        "maximum": 843.586,
        "minimum": 843.523,
        "most_common": 843.523,
        "num_of_zeros": 0,
        "standard_deviation": 0.023096181502573098
    },
    "ecSQ3_Set_Current": {
        "average": 842.846,
        "current size": 25,
        "first": 842.846,
        "maximum": 842.846,
        "minimum": 842.846,
        "most_common": 842.846,
        "num_of_zeros": 0,
        "standard_deviation": 0.0
    },
    "hcBDSPOS": {
        "average": 9538140.0,
        "current size": 25,
        "first": 9538140.0,
        "maximum": 9538140.0,
        "minimum": 9538140.0,
        "most_common": 9538140.0,
        "num_of_zeros": 0,
        "standard_deviation": 0.0
    }
}
