{
    "RunNumber": "25279",
    "ecDI_B_Set_NMR": {
        "average": 0.9970569999999997,
        "current size": 51,
        "first": 0.997057,
        "maximum": 0.997057,
        "minimum": 0.997057,
        "most_common": 0.997057,
        "num_of_zeros": 0,
        "standard_deviation": 2.220446049250313e-16
    },
    "ecDI_B_True_NMR": {
        "average": 0.99705637254902,
        "current size": 51,
        "first": 0.997055,
        "maximum": 0.997059,
        "minimum": 0.997055,
        "most_common": 0.997056,
        "num_of_zeros": 0,
        "standard_deviation": 8.392523356269547e-07
    },
    "ecDI_I_coarse": {
        "average": 1113.0915686274495,
        "current size": 51,
        "first": 1113.09,
        "maximum": 1113.13,
        "minimum": 1113.09,
        "most_common": 1113.09,
        "num_of_zeros": 0,
        "standard_deviation": 0.007764309754242302
    },
    "ecDI_Set_Current": {
        "average": 1117.1100000000004,
        "current size": 51,
        "first": 1117.11,
        "maximum": 1117.11,
        "minimum": 1117.11,
        "most_common": 1117.11,
        "num_of_zeros": 0,
        "standard_deviation": 4.547473508864641e-13
    },
    "ecQ1_I_coarse": {
        "average": 474.19664705882394,
        "current size": 51,
        "first": 474.2,
        "maximum": 474.2,
        "minimum": 474.181,
        "most_common": 474.181,
        "num_of_zeros": 0,
        "standard_deviation": 0.00724318078057557
    },
    "ecQ1_Set_Current": {
        "average": 474.4799999999996,
        "current size": 51,
        "first": 474.48,
        "maximum": 474.48,
        "minimum": 474.48,
        "most_common": 474.48,
        "num_of_zeros": 0,
        "standard_deviation": 3.979039320256561e-13
    },
    "ecQ2_I_coarse": {
        "average": 377.2080392156859,
        "current size": 51,
        "first": 377.21,
        "maximum": 377.21,
        "minimum": 377.19,
        "most_common": 377.19,
        "num_of_zeros": 0,
        "standard_deviation": 0.005947353289446786
    },
    "ecQ2_Set_Current": {
        "average": 377.268,
        "current size": 51,
        "first": 377.268,
        "maximum": 377.268,
        "minimum": 377.268,
        "most_common": 377.268,
        "num_of_zeros": 0,
        "standard_deviation": 0.0
    },
    "ecQ3_I_coarse": {
        "average": 182.9857254901962,
        "current size": 51,
        "first": 182.972,
        "maximum": 182.992,
        "minimum": 182.972,
        "most_common": 182.972,
        "num_of_zeros": 0,
        "standard_deviation": 0.009280125149951744
    },
    "ecQ3_Set_Current": {
        "average": 183.44599999999994,
        "current size": 51,
        "first": 183.446,
        "maximum": 183.446,
        "minimum": 183.446,
        "most_common": 183.446,
        "num_of_zeros": 0,
        "standard_deviation": 5.684341886080802e-14
    },
    "ecSDI_I_coarse": {
        "average": 1553.0599999999988,
        "current size": 51,
        "first": 1553.06,
        "maximum": 1553.06,
        "minimum": 1553.06,
        "most_common": 1553.06,
        "num_of_zeros": 0,
        "standard_deviation": 1.1368683772161603e-12
    },
    "ecSDI_Set_Current": {
        "average": 1553.1900000000012,
        "current size": 51,
        "first": 1553.19,
        "maximum": 1553.19,
        "minimum": 1553.19,
        "most_common": 1553.19,
        "num_of_zeros": 0,
        "standard_deviation": 1.1368683772161603e-12
    },
    "ecSHB_I_coarse": {
        "average": 1621.8841176470594,
        "current size": 51,
        "first": 1621.94,
        "maximum": 1621.94,
        "minimum": 1621.79,
        "most_common": 1621.79,
        "num_of_zeros": 0,
        "standard_deviation": 0.0725225176820319
    },
    "ecSHB_Set_Current": {
        "average": 1624.37,
        "current size": 51,
        "first": 1624.37,
        "maximum": 1624.37,
        "minimum": 1624.37,
        "most_common": 1624.37,
        "num_of_zeros": 0,
        "standard_deviation": 0.0
    },
    "ecSQ1_I_coarse": {
        "average": 1022.4064705882365,
        "current size": 51,
        "first": 1022.35,
        "maximum": 1022.47,
        "minimum": 1022.35,
        "most_common": 1022.41,
        "num_of_zeros": 0,
        "standard_deviation": 0.018452220166294556
    },
    "ecSQ1_Set_Current": {
        "average": 1022.1299999999992,
        "current size": 51,
        "first": 1022.13,
        "maximum": 1022.13,
        "minimum": 1022.13,
        "most_common": 1022.13,
        "num_of_zeros": 0,
        "standard_deviation": 7.958078640513122e-13
    },
    "ecSQ2_I_coarse": {
        "average": 1715.7047058823516,
        "current size": 51,
        "first": 1715.7,
        "maximum": 1715.76,
        "minimum": 1715.7,
        "most_common": 1715.7,
        "num_of_zeros": 0,
        "standard_deviation": 0.01613095200092896
    },
    "ecSQ2_Set_Current": {
        "average": 1716.8500000000006,
        "current size": 51,
        "first": 1716.85,
        "maximum": 1716.85,
        "minimum": 1716.85,
        "most_common": 1716.85,
        "num_of_zeros": 0,
        "standard_deviation": 6.821210263296962e-13
    },
    "ecSQ3_I_coarse": {
        "average": 1130.628823529411,
        "current size": 51,
        "first": 1130.63,
        "maximum": 1130.69,
        "minimum": 1130.57,
        "most_common": 1130.63,
        "num_of_zeros": 0,
        "standard_deviation": 0.014504503536420561
    },
    "ecSQ3_Set_Current": {
        "average": 1129.669999999999,
        "current size": 51,
        "first": 1129.67,
        "maximum": 1129.67,
        "minimum": 1129.67,
        "most_common": 1129.67,
        "num_of_zeros": 0,
        "standard_deviation": 1.1368683772161603e-12
    },
    "hcBDSPOS": {
        "average": 9538100.0,
        "current size": 51,
        "first": 9538100.0,
        "maximum": 9538100.0,
        "minimum": 9538100.0,
        "most_common": 9538100.0,
        "num_of_zeros": 0,
        "standard_deviation": 0.0
    }
}
