{
    "RunNumber": "23948",
    "ecDI_B_Set_NMR": {
        "average": 0.41913999999999957,
        "current size": 62,
        "first": 0.41914,
        "maximum": 0.41914,
        "minimum": 0.41914,
        "most_common": 0.41914,
        "num_of_zeros": 0,
        "standard_deviation": 4.440892098500626e-16
    },
    "ecDI_B_True_NMR": {
        "average": 1.0557120967741938,
        "current size": 62,
        "first": 1.05568,
        "maximum": 1.05577,
        "minimum": 1.05564,
        "most_common": 1.05572,
        "num_of_zeros": 0,
        "standard_deviation": 2.9023744271358113e-05
    },
    "ecDI_I_coarse": {
        "average": 464.6205000000006,
        "current size": 62,
        "first": 464.644,
        "maximum": 464.644,
        "minimum": 464.597,
        "most_common": 464.597,
        "num_of_zeros": 0,
        "standard_deviation": 0.02350000000001274
    },
    "ecDI_Set_Current": {
        "average": 467.5370000000002,
        "current size": 62,
        "first": 467.537,
        "maximum": 467.537,
        "minimum": 467.537,
        "most_common": 467.537,
        "num_of_zeros": 0,
        "standard_deviation": 2.2737367544323206e-13
    },
    "ecQ1_I_coarse": {
        "average": 199.259677419355,
        "current size": 62,
        "first": 199.26,
        "maximum": 199.26,
        "minimum": 199.24,
        "most_common": 199.24,
        "num_of_zeros": 0,
        "standard_deviation": 0.0025194353793224346
    },
    "ecQ1_Set_Current": {
        "average": 199.3799999999998,
        "current size": 62,
        "first": 199.38,
        "maximum": 199.38,
        "minimum": 199.38,
        "most_common": 199.38,
        "num_of_zeros": 0,
        "standard_deviation": 1.9895196601282805e-13
    },
    "ecQ2_I_coarse": {
        "average": 158.30648387096775,
        "current size": 62,
        "first": 158.301,
        "maximum": 158.321,
        "minimum": 158.301,
        "most_common": 158.301,
        "num_of_zeros": 0,
        "standard_deviation": 0.008922139797384777
    },
    "ecQ2_Set_Current": {
        "average": 158.43599999999984,
        "current size": 62,
        "first": 158.436,
        "maximum": 158.436,
        "minimum": 158.436,
        "most_common": 158.436,
        "num_of_zeros": 0,
        "standard_deviation": 1.7053025658242404e-13
    },
    "ecQ3_I_coarse": {
        "average": 76.51668709677422,
        "current size": 62,
        "first": 76.5189,
        "maximum": 76.5189,
        "minimum": 76.4993,
        "most_common": 76.4993,
        "num_of_zeros": 0,
        "standard_deviation": 0.0062028995267543975
    },
    "ecQ3_Set_Current": {
        "average": 76.96360000000003,
        "current size": 62,
        "first": 76.9636,
        "maximum": 76.9636,
        "minimum": 76.9636,
        "most_common": 76.9636,
        "num_of_zeros": 0,
        "standard_deviation": 2.842170943040401e-14
    },
    "ecSDI_I_coarse": {
        "average": 834.0305322580646,
        "current size": 62,
        "first": 833.964,
        "maximum": 834.089,
        "minimum": 833.964,
        "most_common": 833.964,
        "num_of_zeros": 0,
        "standard_deviation": 0.06236979152523398
    },
    "ecSDI_Set_Current": {
        "average": 834.3430000000006,
        "current size": 62,
        "first": 834.343,
        "maximum": 834.343,
        "minimum": 834.343,
        "most_common": 834.343,
        "num_of_zeros": 0,
        "standard_deviation": 6.821210263296962e-13
    },
    "ecSHB_I_coarse": {
        "average": 863.8587903225815,
        "current size": 62,
        "first": 863.836,
        "maximum": 863.993,
        "minimum": 863.836,
        "most_common": 863.836,
        "num_of_zeros": 0,
        "standard_deviation": 0.05530535093309642
    },
    "ecSHB_Set_Current": {
        "average": 865.4680000000006,
        "current size": 62,
        "first": 865.468,
        "maximum": 865.468,
        "minimum": 865.468,
        "most_common": 865.468,
        "num_of_zeros": 0,
        "standard_deviation": 6.821210263296962e-13
    },
    "ecSQ1_I_coarse": {
        "average": 549.2580322580653,
        "current size": 62,
        "first": 549.321,
        "maximum": 549.321,
        "minimum": 549.196,
        "most_common": 549.258,
        "num_of_zeros": 0,
        "standard_deviation": 0.015875491094192618
    },
    "ecSQ1_Set_Current": {
        "average": 549.0710000000001,
        "current size": 62,
        "first": 549.071,
        "maximum": 549.071,
        "minimum": 549.071,
        "most_common": 549.071,
        "num_of_zeros": 0,
        "standard_deviation": 1.1368683772161603e-13
    },
    "ecSQ2_I_coarse": {
        "average": 921.9120000000004,
        "current size": 62,
        "first": 921.913,
        "maximum": 921.913,
        "minimum": 921.851,
        "most_common": 921.851,
        "num_of_zeros": 0,
        "standard_deviation": 0.007810249675908144
    },
    "ecSQ2_Set_Current": {
        "average": 922.2620000000009,
        "current size": 62,
        "first": 922.262,
        "maximum": 922.262,
        "minimum": 922.262,
        "most_common": 922.262,
        "num_of_zeros": 0,
        "standard_deviation": 9.094947017729282e-13
    },
    "ecSQ3_I_coarse": {
        "average": 607.4450000000004,
        "current size": 62,
        "first": 607.427,
        "maximum": 607.489,
        "minimum": 607.427,
        "most_common": 607.427,
        "num_of_zeros": 0,
        "standard_deviation": 0.028142494558945956
    },
    "ecSQ3_Set_Current": {
        "average": 606.8399999999996,
        "current size": 62,
        "first": 606.84,
        "maximum": 606.84,
        "minimum": 606.84,
        "most_common": 606.84,
        "num_of_zeros": 0,
        "standard_deviation": 4.547473508864641e-13
    },
    "hcBDSPOS": {
        "average": 9538100.0,
        "current size": 62,
        "first": 9538100.0,
        "maximum": 9538100.0,
        "minimum": 9538100.0,
        "most_common": 9538100.0,
        "num_of_zeros": 0,
        "standard_deviation": 0.0
    }
}
