{
    "RunNumber": "24945",
    "ecDI_B_Set_NMR": {
        "average": 0.9970569999999999,
        "current size": 47,
        "first": 0.997057,
        "maximum": 0.997057,
        "minimum": 0.997057,
        "most_common": 0.997057,
        "num_of_zeros": 0,
        "standard_deviation": 1.1102230246251565e-16
    },
    "ecDI_B_True_NMR": {
        "average": 0.9970546595744677,
        "current size": 47,
        "first": 0.997055,
        "maximum": 0.997056,
        "minimum": 0.997053,
        "most_common": 0.997054,
        "num_of_zeros": 0,
        "standard_deviation": 8.818885862407936e-07
    },
    "ecDI_I_coarse": {
        "average": 1113.0410638297878,
        "current size": 47,
        "first": 1113.04,
        "maximum": 1113.09,
        "minimum": 1113.04,
        "most_common": 1113.04,
        "num_of_zeros": 0,
        "standard_deviation": 0.00721524466289266
    },
    "ecDI_Set_Current": {
        "average": 1117.07,
        "current size": 47,
        "first": 1117.07,
        "maximum": 1117.07,
        "minimum": 1117.07,
        "most_common": 1117.07,
        "num_of_zeros": 0,
        "standard_deviation": 0.0
    },
    "ecQ1_I_coarse": {
        "average": 474.1818085106385,
        "current size": 47,
        "first": 474.181,
        "maximum": 474.2,
        "minimum": 474.181,
        "most_common": 474.181,
        "num_of_zeros": 0,
        "standard_deviation": 0.00383510269424786
    },
    "ecQ1_Set_Current": {
        "average": 474.4799999999996,
        "current size": 47,
        "first": 474.48,
        "maximum": 474.48,
        "minimum": 474.48,
        "most_common": 474.48,
        "num_of_zeros": 0,
        "standard_deviation": 3.979039320256561e-13
    },
    "ecQ2_I_coarse": {
        "average": 377.19212765957434,
        "current size": 47,
        "first": 377.19,
        "maximum": 377.21,
        "minimum": 377.19,
        "most_common": 377.19,
        "num_of_zeros": 0,
        "standard_deviation": 0.006166543296245216
    },
    "ecQ2_Set_Current": {
        "average": 377.268,
        "current size": 47,
        "first": 377.268,
        "maximum": 377.268,
        "minimum": 377.268,
        "most_common": 377.268,
        "num_of_zeros": 0,
        "standard_deviation": 0.0
    },
    "ecQ3_I_coarse": {
        "average": 182.97285106382972,
        "current size": 47,
        "first": 182.972,
        "maximum": 182.992,
        "minimum": 182.972,
        "most_common": 182.972,
        "num_of_zeros": 0,
        "standard_deviation": 0.004036950204466602
    },
    "ecQ3_Set_Current": {
        "average": 183.44599999999994,
        "current size": 47,
        "first": 183.446,
        "maximum": 183.446,
        "minimum": 183.446,
        "most_common": 183.446,
        "num_of_zeros": 0,
        "standard_deviation": 5.684341886080802e-14
    },
    "ecSDI_I_coarse": {
        "average": 1553.0497872340418,
        "current size": 47,
        "first": 1553.06,
        "maximum": 1553.06,
        "minimum": 1552.94,
        "most_common": 1552.94,
        "num_of_zeros": 0,
        "standard_deviation": 0.03348479246449041
    },
    "ecSDI_Set_Current": {
        "average": 1553.1900000000012,
        "current size": 47,
        "first": 1553.19,
        "maximum": 1553.19,
        "minimum": 1553.19,
        "most_common": 1553.19,
        "num_of_zeros": 0,
        "standard_deviation": 1.1368683772161603e-12
    },
    "ecSHB_I_coarse": {
        "average": 1621.8282978723405,
        "current size": 47,
        "first": 1621.79,
        "maximum": 1621.94,
        "minimum": 1621.79,
        "most_common": 1621.79,
        "num_of_zeros": 0,
        "standard_deviation": 0.06540606871893072
    },
    "ecSHB_Set_Current": {
        "average": 1624.3700000000003,
        "current size": 47,
        "first": 1624.37,
        "maximum": 1624.37,
        "minimum": 1624.37,
        "most_common": 1624.37,
        "num_of_zeros": 0,
        "standard_deviation": 4.547473508864641e-13
    },
    "ecSQ1_I_coarse": {
        "average": 1022.4087234042564,
        "current size": 47,
        "first": 1022.41,
        "maximum": 1022.41,
        "minimum": 1022.35,
        "most_common": 1022.35,
        "num_of_zeros": 0,
        "standard_deviation": 0.008658293595471194
    },
    "ecSQ1_Set_Current": {
        "average": 1022.1299999999994,
        "current size": 47,
        "first": 1022.13,
        "maximum": 1022.13,
        "minimum": 1022.13,
        "most_common": 1022.13,
        "num_of_zeros": 0,
        "standard_deviation": 5.684341886080801e-13
    },
    "ecSQ2_I_coarse": {
        "average": 1715.7370212765954,
        "current size": 47,
        "first": 1715.7,
        "maximum": 1715.76,
        "minimum": 1715.7,
        "most_common": 1715.7,
        "num_of_zeros": 0,
        "standard_deviation": 0.02916679061817566
    },
    "ecSQ2_Set_Current": {
        "average": 1716.8500000000001,
        "current size": 47,
        "first": 1716.85,
        "maximum": 1716.85,
        "minimum": 1716.85,
        "most_common": 1716.85,
        "num_of_zeros": 0,
        "standard_deviation": 2.2737367544323206e-13
    },
    "ecSQ3_I_coarse": {
        "average": 1130.6031914893615,
        "current size": 47,
        "first": 1130.57,
        "maximum": 1130.63,
        "minimum": 1130.57,
        "most_common": 1130.57,
        "num_of_zeros": 0,
        "standard_deviation": 0.02982975688233593
    },
    "ecSQ3_Set_Current": {
        "average": 1129.669999999999,
        "current size": 47,
        "first": 1129.67,
        "maximum": 1129.67,
        "minimum": 1129.67,
        "most_common": 1129.67,
        "num_of_zeros": 0,
        "standard_deviation": 1.1368683772161603e-12
    },
    "hcBDSPOS": {
        "average": 31648900.0,
        "current size": 47,
        "first": 31648900.0,
        "maximum": 31648900.0,
        "minimum": 31648900.0,
        "most_common": 31648900.0,
        "num_of_zeros": 0,
        "standard_deviation": 0.0
    }
}
