{
    "RunNumber": "25552",
    "ecDI_B_Set_NMR": {
        "average": 0.6072100000000001,
        "current size": 14,
        "first": 0.60721,
        "maximum": 0.60721,
        "minimum": 0.60721,
        "most_common": 0.60721,
        "num_of_zeros": 0,
        "standard_deviation": 1.1102230246251565e-16
    },
    "ecDI_B_True_NMR": {
        "average": 0.6071809285714286,
        "current size": 14,
        "first": 0.607206,
        "maximum": 0.607206,
        "minimum": 0.60717,
        "most_common": 0.607172,
        "num_of_zeros": 0,
        "standard_deviation": 1.1297688042341965e-05
    },
    "ecDI_I_coarse": {
        "average": 675.4447142857143,
        "current size": 14,
        "first": 675.438,
        "maximum": 675.485,
        "minimum": 675.438,
        "most_common": 675.438,
        "num_of_zeros": 0,
        "standard_deviation": 0.016446573987267392
    },
    "ecDI_Set_Current": {
        "average": 677.7857142857141,
        "current size": 14,
        "first": 678.7,
        "maximum": 678.7,
        "minimum": 672.3,
        "most_common": 672.3,
        "num_of_zeros": 0,
        "standard_deviation": 2.2395334791160804
    },
    "ecQ1_I_coarse": {
        "average": 288.72400000000005,
        "current size": 14,
        "first": 288.724,
        "maximum": 288.724,
        "minimum": 288.724,
        "most_common": 288.724,
        "num_of_zeros": 0,
        "standard_deviation": 5.684341886080802e-14
    },
    "ecQ1_Set_Current": {
        "average": 288.90799999999996,
        "current size": 14,
        "first": 288.908,
        "maximum": 288.908,
        "minimum": 288.908,
        "most_common": 288.908,
        "num_of_zeros": 0,
        "standard_deviation": 5.684341886080802e-14
    },
    "ecQ2_I_coarse": {
        "average": 229.56871428571435,
        "current size": 14,
        "first": 229.563,
        "maximum": 229.583,
        "minimum": 229.563,
        "most_common": 229.563,
        "num_of_zeros": 0,
        "standard_deviation": 0.009035079029057135
    },
    "ecQ2_Set_Current": {
        "average": 229.65200000000002,
        "current size": 14,
        "first": 229.652,
        "maximum": 229.652,
        "minimum": 229.652,
        "most_common": 229.652,
        "num_of_zeros": 0,
        "standard_deviation": 2.842170943040401e-14
    },
    "ecQ3_I_coarse": {
        "average": 111.16757142857146,
        "current size": 14,
        "first": 111.169,
        "maximum": 111.169,
        "minimum": 111.149,
        "most_common": 111.149,
        "num_of_zeros": 0,
        "standard_deviation": 0.005150787536376104
    },
    "ecQ3_Set_Current": {
        "average": 111.61699999999998,
        "current size": 14,
        "first": 111.617,
        "maximum": 111.617,
        "minimum": 111.617,
        "most_common": 111.617,
        "num_of_zeros": 0,
        "standard_deviation": 2.842170943040401e-14
    },
    "ecSDI_I_coarse": {
        "average": 752.5159285714283,
        "current size": 14,
        "first": 752.507,
        "maximum": 752.632,
        "minimum": 752.507,
        "most_common": 752.507,
        "num_of_zeros": 0,
        "standard_deviation": 0.03219242210235705
    },
    "ecSDI_Set_Current": {
        "average": 752.9830000000001,
        "current size": 14,
        "first": 752.983,
        "maximum": 752.983,
        "minimum": 752.983,
        "most_common": 752.983,
        "num_of_zeros": 0,
        "standard_deviation": 1.1368683772161603e-13
    },
    "ecSHB_I_coarse": {
        "average": 779.0640000000002,
        "current size": 14,
        "first": 779.064,
        "maximum": 779.064,
        "minimum": 779.064,
        "most_common": 779.064,
        "num_of_zeros": 0,
        "standard_deviation": 2.2737367544323206e-13
    },
    "ecSHB_Set_Current": {
        "average": 780.6029999999998,
        "current size": 14,
        "first": 780.603,
        "maximum": 780.603,
        "minimum": 780.603,
        "most_common": 780.603,
        "num_of_zeros": 0,
        "standard_deviation": 1.1368683772161603e-13
    },
    "ecSQ1_I_coarse": {
        "average": 495.58428571428567,
        "current size": 14,
        "first": 495.602,
        "maximum": 495.602,
        "minimum": 495.54,
        "most_common": 495.54,
        "num_of_zeros": 0,
        "standard_deviation": 0.02800874499004245
    },
    "ecSQ1_Set_Current": {
        "average": 495.52900000000017,
        "current size": 14,
        "first": 495.529,
        "maximum": 495.529,
        "minimum": 495.529,
        "most_common": 495.529,
        "num_of_zeros": 0,
        "standard_deviation": 1.7053025658242404e-13
    },
    "ecSQ2_I_coarse": {
        "average": 832.092,
        "current size": 14,
        "first": 832.074,
        "maximum": 832.137,
        "minimum": 832.074,
        "most_common": 832.074,
        "num_of_zeros": 0,
        "standard_deviation": 0.028460498941510072
    },
    "ecSQ2_Set_Current": {
        "average": 832.3289999999998,
        "current size": 14,
        "first": 832.329,
        "maximum": 832.329,
        "minimum": 832.329,
        "most_common": 832.329,
        "num_of_zeros": 0,
        "standard_deviation": 1.1368683772161603e-13
    },
    "ecSQ3_I_coarse": {
        "average": 548.09,
        "current size": 14,
        "first": 548.09,
        "maximum": 548.09,
        "minimum": 548.09,
        "most_common": 548.09,
        "num_of_zeros": 0,
        "standard_deviation": 0.0
    },
    "ecSQ3_Set_Current": {
        "average": 547.665,
        "current size": 14,
        "first": 547.665,
        "maximum": 547.665,
        "minimum": 547.665,
        "most_common": 547.665,
        "num_of_zeros": 0,
        "standard_deviation": 0.0
    },
    "hcBDSPOS": {
        "average": 24018300.0,
        "current size": 14,
        "first": 24018300.0,
        "maximum": 24018300.0,
        "minimum": 24018300.0,
        "most_common": 24018300.0,
        "num_of_zeros": 0,
        "standard_deviation": 0.0
    }
}
