{
    "RunNumber": "24172",
    "ecDI_B_Set_NMR": {
        "average": 0.41913999999999985,
        "current size": 16,
        "first": 0.41914,
        "maximum": 0.41914,
        "minimum": 0.41914,
        "most_common": 0.41914,
        "num_of_zeros": 0,
        "standard_deviation": 1.6653345369377348e-16
    },
    "ecDI_B_True_NMR": {
        "average": 0.4513338125000001,
        "current size": 16,
        "first": 0.535497,
        "maximum": 0.917802,
        "minimum": 0.343726,
        "most_common": 0.343726,
        "num_of_zeros": 0,
        "standard_deviation": 0.1484688772105196
    },
    "ecDI_I_coarse": {
        "average": 464.6440000000002,
        "current size": 16,
        "first": 464.644,
        "maximum": 464.644,
        "minimum": 464.644,
        "most_common": 464.644,
        "num_of_zeros": 0,
        "standard_deviation": 1.7053025658242404e-13
    },
    "ecDI_Set_Current": {
        "average": 467.5370000000001,
        "current size": 16,
        "first": 467.537,
        "maximum": 467.537,
        "minimum": 467.537,
        "most_common": 467.537,
        "num_of_zeros": 0,
        "standard_deviation": 1.1368683772161603e-13
    },
    "ecQ1_I_coarse": {
        "average": 199.26000000000005,
        "current size": 16,
        "first": 199.26,
        "maximum": 199.26,
        "minimum": 199.26,
        "most_common": 199.26,
        "num_of_zeros": 0,
        "standard_deviation": 5.684341886080802e-14
    },
    "ecQ1_Set_Current": {
        "average": 199.38000000000005,
        "current size": 16,
        "first": 199.38,
        "maximum": 199.38,
        "minimum": 199.38,
        "most_common": 199.38,
        "num_of_zeros": 0,
        "standard_deviation": 5.684341886080802e-14
    },
    "ecQ2_I_coarse": {
        "average": 158.31474999999995,
        "current size": 16,
        "first": 158.321,
        "maximum": 158.321,
        "minimum": 158.301,
        "most_common": 158.301,
        "num_of_zeros": 0,
        "standard_deviation": 0.009270248108874321
    },
    "ecQ2_Set_Current": {
        "average": 158.436,
        "current size": 16,
        "first": 158.436,
        "maximum": 158.436,
        "minimum": 158.436,
        "most_common": 158.436,
        "num_of_zeros": 0,
        "standard_deviation": 0.0
    },
    "ecQ3_I_coarse": {
        "average": 76.49929999999998,
        "current size": 16,
        "first": 76.4993,
        "maximum": 76.4993,
        "minimum": 76.4993,
        "most_common": 76.4993,
        "num_of_zeros": 0,
        "standard_deviation": 2.842170943040401e-14
    },
    "ecQ3_Set_Current": {
        "average": 76.96360000000001,
        "current size": 16,
        "first": 76.9636,
        "maximum": 76.9636,
        "minimum": 76.9636,
        "most_common": 76.9636,
        "num_of_zeros": 0,
        "standard_deviation": 1.4210854715202004e-14
    },
    "ecSDI_I_coarse": {
        "average": 1158.5562500000005,
        "current size": 16,
        "first": 1158.67,
        "maximum": 1158.67,
        "minimum": 1158.54,
        "most_common": 1158.54,
        "num_of_zeros": 0,
        "standard_deviation": 0.04299345880483569
    },
    "ecSDI_Set_Current": {
        "average": 1158.83,
        "current size": 16,
        "first": 1158.83,
        "maximum": 1158.83,
        "minimum": 1158.83,
        "most_common": 1158.83,
        "num_of_zeros": 0,
        "standard_deviation": 0.0
    },
    "ecSHB_I_coarse": {
        "average": 1203.503125,
        "current size": 16,
        "first": 1203.55,
        "maximum": 1203.55,
        "minimum": 1203.4,
        "most_common": 1203.4,
        "num_of_zeros": 0,
        "standard_deviation": 0.0695268608164586
    },
    "ecSHB_Set_Current": {
        "average": 1205.47,
        "current size": 16,
        "first": 1205.47,
        "maximum": 1205.47,
        "minimum": 1205.47,
        "most_common": 1205.47,
        "num_of_zeros": 0,
        "standard_deviation": 0.0
    },
    "ecSQ1_I_coarse": {
        "average": 762.82875,
        "current size": 16,
        "first": 762.821,
        "maximum": 762.883,
        "minimum": 762.821,
        "most_common": 762.821,
        "num_of_zeros": 0,
        "standard_deviation": 0.020504572660754488
    },
    "ecSQ1_Set_Current": {
        "average": 762.6100000000001,
        "current size": 16,
        "first": 762.61,
        "maximum": 762.61,
        "minimum": 762.61,
        "most_common": 762.61,
        "num_of_zeros": 0,
        "standard_deviation": 1.1368683772161603e-13
    },
    "ecSQ2_I_coarse": {
        "average": 1280.2099999999996,
        "current size": 16,
        "first": 1280.21,
        "maximum": 1280.21,
        "minimum": 1280.21,
        "most_common": 1280.21,
        "num_of_zeros": 0,
        "standard_deviation": 4.547473508864641e-13
    },
    "ecSQ2_Set_Current": {
        "average": 1280.94,
        "current size": 16,
        "first": 1280.94,
        "maximum": 1280.94,
        "minimum": 1280.94,
        "most_common": 1280.94,
        "num_of_zeros": 0,
        "standard_deviation": 0.0
    },
    "ecSQ3_I_coarse": {
        "average": 843.6247499999997,
        "current size": 16,
        "first": 843.648,
        "maximum": 843.648,
        "minimum": 843.586,
        "most_common": 843.586,
        "num_of_zeros": 0,
        "standard_deviation": 0.030015620933113208
    },
    "ecSQ3_Set_Current": {
        "average": 842.8459999999997,
        "current size": 16,
        "first": 842.846,
        "maximum": 842.846,
        "minimum": 842.846,
        "most_common": 842.846,
        "num_of_zeros": 0,
        "standard_deviation": 3.410605131648481e-13
    },
    "hcBDSPOS": {
        "average": 9538100.0,
        "current size": 16,
        "first": 9538100.0,
        "maximum": 9538100.0,
        "minimum": 9538100.0,
        "most_common": 9538100.0,
        "num_of_zeros": 0,
        "standard_deviation": 0.0
    }
}
