{
    "RunNumber": "24078",
    "ecDI_B_Set_NMR": {
        "average": 0.4191399999999999,
        "current size": 14,
        "first": 0.41914,
        "maximum": 0.41914,
        "minimum": 0.41914,
        "most_common": 0.41914,
        "num_of_zeros": 0,
        "standard_deviation": 1.1102230246251565e-16
    },
    "ecDI_B_True_NMR": {
        "average": 1.0556550000000002,
        "current size": 14,
        "first": 1.0556,
        "maximum": 1.05572,
        "minimum": 1.0556,
        "most_common": 1.05568,
        "num_of_zeros": 0,
        "standard_deviation": 3.6596252735543214e-05
    },
    "ecDI_I_coarse": {
        "average": 464.6440000000002,
        "current size": 14,
        "first": 464.644,
        "maximum": 464.644,
        "minimum": 464.644,
        "most_common": 464.644,
        "num_of_zeros": 0,
        "standard_deviation": 1.7053025658242404e-13
    },
    "ecDI_Set_Current": {
        "average": 467.5370000000001,
        "current size": 14,
        "first": 467.537,
        "maximum": 467.537,
        "minimum": 467.537,
        "most_common": 467.537,
        "num_of_zeros": 0,
        "standard_deviation": 1.1368683772161603e-13
    },
    "ecQ1_I_coarse": {
        "average": 199.26000000000002,
        "current size": 14,
        "first": 199.26,
        "maximum": 199.26,
        "minimum": 199.26,
        "most_common": 199.26,
        "num_of_zeros": 0,
        "standard_deviation": 2.842170943040401e-14
    },
    "ecQ1_Set_Current": {
        "average": 199.38000000000005,
        "current size": 14,
        "first": 199.38,
        "maximum": 199.38,
        "minimum": 199.38,
        "most_common": 199.38,
        "num_of_zeros": 0,
        "standard_deviation": 5.684341886080802e-14
    },
    "ecQ2_I_coarse": {
        "average": 158.3195714285714,
        "current size": 14,
        "first": 158.321,
        "maximum": 158.321,
        "minimum": 158.301,
        "most_common": 158.301,
        "num_of_zeros": 0,
        "standard_deviation": 0.005150787536379763
    },
    "ecQ2_Set_Current": {
        "average": 158.43599999999998,
        "current size": 14,
        "first": 158.436,
        "maximum": 158.436,
        "minimum": 158.436,
        "most_common": 158.436,
        "num_of_zeros": 0,
        "standard_deviation": 2.842170943040401e-14
    },
    "ecQ3_I_coarse": {
        "average": 76.5091,
        "current size": 14,
        "first": 76.5189,
        "maximum": 76.5189,
        "minimum": 76.4993,
        "most_common": 76.4993,
        "num_of_zeros": 0,
        "standard_deviation": 0.009799999999998477
    },
    "ecQ3_Set_Current": {
        "average": 76.96360000000001,
        "current size": 14,
        "first": 76.9636,
        "maximum": 76.9636,
        "minimum": 76.9636,
        "most_common": 76.9636,
        "num_of_zeros": 0,
        "standard_deviation": 1.4210854715202004e-14
    },
    "ecSDI_I_coarse": {
        "average": 1553.06,
        "current size": 14,
        "first": 1553.06,
        "maximum": 1553.06,
        "minimum": 1553.06,
        "most_common": 1553.06,
        "num_of_zeros": 0,
        "standard_deviation": 0.0
    },
    "ecSDI_Set_Current": {
        "average": 1553.19,
        "current size": 14,
        "first": 1553.19,
        "maximum": 1553.19,
        "minimum": 1553.19,
        "most_common": 1553.19,
        "num_of_zeros": 0,
        "standard_deviation": 0.0
    },
    "ecSHB_I_coarse": {
        "average": 1621.929285714286,
        "current size": 14,
        "first": 1621.94,
        "maximum": 1621.94,
        "minimum": 1621.79,
        "most_common": 1621.79,
        "num_of_zeros": 0,
        "standard_deviation": 0.03863090652285188
    },
    "ecSHB_Set_Current": {
        "average": 1624.3699999999994,
        "current size": 14,
        "first": 1624.37,
        "maximum": 1624.37,
        "minimum": 1624.37,
        "most_common": 1624.37,
        "num_of_zeros": 0,
        "standard_deviation": 4.547473508864641e-13
    },
    "ecSQ1_I_coarse": {
        "average": 1022.4614285714284,
        "current size": 14,
        "first": 1022.47,
        "maximum": 1022.47,
        "minimum": 1022.41,
        "most_common": 1022.41,
        "num_of_zeros": 0,
        "standard_deviation": 0.020995626366733643
    },
    "ecSQ1_Set_Current": {
        "average": 1022.1299999999998,
        "current size": 14,
        "first": 1022.13,
        "maximum": 1022.13,
        "minimum": 1022.13,
        "most_common": 1022.13,
        "num_of_zeros": 0,
        "standard_deviation": 2.2737367544323206e-13
    },
    "ecSQ2_I_coarse": {
        "average": 1715.7471428571428,
        "current size": 14,
        "first": 1715.76,
        "maximum": 1715.76,
        "minimum": 1715.7,
        "most_common": 1715.7,
        "num_of_zeros": 0,
        "standard_deviation": 0.024619554199426304
    },
    "ecSQ2_Set_Current": {
        "average": 1716.8499999999997,
        "current size": 14,
        "first": 1716.85,
        "maximum": 1716.85,
        "minimum": 1716.85,
        "most_common": 1716.85,
        "num_of_zeros": 0,
        "standard_deviation": 2.2737367544323206e-13
    },
    "ecSQ3_I_coarse": {
        "average": 1130.6685714285718,
        "current size": 14,
        "first": 1130.63,
        "maximum": 1130.69,
        "minimum": 1130.63,
        "most_common": 1130.63,
        "num_of_zeros": 0,
        "standard_deviation": 0.02874944542497115
    },
    "ecSQ3_Set_Current": {
        "average": 1129.67,
        "current size": 14,
        "first": 1129.67,
        "maximum": 1129.67,
        "minimum": 1129.67,
        "most_common": 1129.67,
        "num_of_zeros": 0,
        "standard_deviation": 0.0
    },
    "hcBDSPOS": {
        "average": 4030000.0,
        "current size": 14,
        "first": 4030000.0,
        "maximum": 4030000.0,
        "minimum": 4030000.0,
        "most_common": 4030000.0,
        "num_of_zeros": 0,
        "standard_deviation": 0.0
    }
}
