{
    "RunNumber": "25305",
    "ecDI_B_Set_NMR": {
        "average": 0.9970569999999992,
        "current size": 74,
        "first": 0.997057,
        "maximum": 0.997057,
        "minimum": 0.997057,
        "most_common": 0.997057,
        "num_of_zeros": 0,
        "standard_deviation": 7.771561172376096e-16
    },
    "ecDI_B_True_NMR": {
        "average": 0.9970593918918916,
        "current size": 74,
        "first": 0.99706,
        "maximum": 0.997061,
        "minimum": 0.997058,
        "most_common": 0.997059,
        "num_of_zeros": 0,
        "standard_deviation": 7.852967689351035e-07
    },
    "ecDI_I_coarse": {
        "average": 1113.0817567567547,
        "current size": 74,
        "first": 1113.09,
        "maximum": 1113.13,
        "minimum": 1113.04,
        "most_common": 1113.09,
        "num_of_zeros": 0,
        "standard_deviation": 0.01982068998907751
    },
    "ecDI_Set_Current": {
        "average": 1117.1100000000004,
        "current size": 74,
        "first": 1117.11,
        "maximum": 1117.11,
        "minimum": 1117.11,
        "most_common": 1117.11,
        "num_of_zeros": 0,
        "standard_deviation": 4.547473508864641e-13
    },
    "ecQ1_I_coarse": {
        "average": 474.1879324324326,
        "current size": 74,
        "first": 474.181,
        "maximum": 474.2,
        "minimum": 474.181,
        "most_common": 474.181,
        "num_of_zeros": 0,
        "standard_deviation": 0.009146452688666967
    },
    "ecQ1_Set_Current": {
        "average": 474.47999999999985,
        "current size": 74,
        "first": 474.48,
        "maximum": 474.48,
        "minimum": 474.48,
        "most_common": 474.48,
        "num_of_zeros": 0,
        "standard_deviation": 1.7053025658242404e-13
    },
    "ecQ2_I_coarse": {
        "average": 377.203513513513,
        "current size": 74,
        "first": 377.19,
        "maximum": 377.21,
        "minimum": 377.19,
        "most_common": 377.19,
        "num_of_zeros": 0,
        "standard_deviation": 0.009362436797661088
    },
    "ecQ2_Set_Current": {
        "average": 377.268,
        "current size": 74,
        "first": 377.268,
        "maximum": 377.268,
        "minimum": 377.268,
        "most_common": 377.268,
        "num_of_zeros": 0,
        "standard_deviation": 0.0
    },
    "ecQ3_I_coarse": {
        "average": 182.98064864864864,
        "current size": 74,
        "first": 182.972,
        "maximum": 182.992,
        "minimum": 182.972,
        "most_common": 182.972,
        "num_of_zeros": 0,
        "standard_deviation": 0.009908271772868484
    },
    "ecQ3_Set_Current": {
        "average": 183.44599999999994,
        "current size": 74,
        "first": 183.446,
        "maximum": 183.446,
        "minimum": 183.446,
        "most_common": 183.446,
        "num_of_zeros": 0,
        "standard_deviation": 5.684341886080802e-14
    },
    "ecSDI_I_coarse": {
        "average": 1158.539999999999,
        "current size": 74,
        "first": 1158.54,
        "maximum": 1158.54,
        "minimum": 1158.54,
        "most_common": 1158.54,
        "num_of_zeros": 0,
        "standard_deviation": 9.094947017729282e-13
    },
    "ecSDI_Set_Current": {
        "average": 1158.8300000000013,
        "current size": 74,
        "first": 1158.83,
        "maximum": 1158.83,
        "minimum": 1158.83,
        "most_common": 1158.83,
        "num_of_zeros": 0,
        "standard_deviation": 1.3642420526593924e-12
    },
    "ecSHB_I_coarse": {
        "average": 1203.4648648648647,
        "current size": 74,
        "first": 1203.4,
        "maximum": 1203.55,
        "minimum": 1203.4,
        "most_common": 1203.4,
        "num_of_zeros": 0,
        "standard_deviation": 0.07431203829651356
    },
    "ecSHB_Set_Current": {
        "average": 1205.4700000000007,
        "current size": 74,
        "first": 1205.47,
        "maximum": 1205.47,
        "minimum": 1205.47,
        "most_common": 1205.47,
        "num_of_zeros": 0,
        "standard_deviation": 6.821210263296962e-13
    },
    "ecSQ1_I_coarse": {
        "average": 762.8005675675687,
        "current size": 74,
        "first": 762.758,
        "maximum": 762.821,
        "minimum": 762.758,
        "most_common": 762.758,
        "num_of_zeros": 0,
        "standard_deviation": 0.029491675912653743
    },
    "ecSQ1_Set_Current": {
        "average": 762.6100000000005,
        "current size": 74,
        "first": 762.61,
        "maximum": 762.61,
        "minimum": 762.61,
        "most_common": 762.61,
        "num_of_zeros": 0,
        "standard_deviation": 4.547473508864641e-13
    },
    "ecSQ2_I_coarse": {
        "average": 1280.2100000000014,
        "current size": 74,
        "first": 1280.21,
        "maximum": 1280.21,
        "minimum": 1280.21,
        "most_common": 1280.21,
        "num_of_zeros": 0,
        "standard_deviation": 1.3642420526593924e-12
    },
    "ecSQ2_Set_Current": {
        "average": 1280.9400000000014,
        "current size": 74,
        "first": 1280.94,
        "maximum": 1280.94,
        "minimum": 1280.94,
        "most_common": 1280.94,
        "num_of_zeros": 0,
        "standard_deviation": 1.3642420526593924e-12
    },
    "ecSQ3_I_coarse": {
        "average": 843.5221486486491,
        "current size": 74,
        "first": 843.523,
        "maximum": 843.586,
        "minimum": 843.46,
        "most_common": 843.523,
        "num_of_zeros": 0,
        "standard_deviation": 0.028351406100990413
    },
    "ecSQ3_Set_Current": {
        "average": 842.8459999999992,
        "current size": 74,
        "first": 842.846,
        "maximum": 842.846,
        "minimum": 842.846,
        "most_common": 842.846,
        "num_of_zeros": 0,
        "standard_deviation": 7.958078640513122e-13
    },
    "hcBDSPOS": {
        "average": 3314740.0,
        "current size": 74,
        "first": 3314740.0,
        "maximum": 3314740.0,
        "minimum": 3314740.0,
        "most_common": 3314740.0,
        "num_of_zeros": 0,
        "standard_deviation": 0.0
    }
}
