{
    "RunNumber": "24008",
    "ecDI_B_Set_NMR": {
        "average": 0.4191399999999999,
        "current size": 12,
        "first": 0.41914,
        "maximum": 0.41914,
        "minimum": 0.41914,
        "most_common": 0.41914,
        "num_of_zeros": 0,
        "standard_deviation": 1.1102230246251565e-16
    },
    "ecDI_B_True_NMR": {
        "average": 1.0555716666666666,
        "current size": 12,
        "first": 1.05556,
        "maximum": 1.05564,
        "minimum": 1.05548,
        "most_common": 1.05557,
        "num_of_zeros": 0,
        "standard_deviation": 4.0790794168402496e-05
    },
    "ecDI_I_coarse": {
        "average": 464.5969999999998,
        "current size": 12,
        "first": 464.597,
        "maximum": 464.597,
        "minimum": 464.597,
        "most_common": 464.597,
        "num_of_zeros": 0,
        "standard_deviation": 1.7053025658242404e-13
    },
    "ecDI_Set_Current": {
        "average": 467.53700000000003,
        "current size": 12,
        "first": 467.537,
        "maximum": 467.537,
        "minimum": 467.537,
        "most_common": 467.537,
        "num_of_zeros": 0,
        "standard_deviation": 5.684341886080802e-14
    },
    "ecQ1_I_coarse": {
        "average": 199.27266666666665,
        "current size": 12,
        "first": 199.279,
        "maximum": 199.279,
        "minimum": 199.26,
        "most_common": 199.26,
        "num_of_zeros": 0,
        "standard_deviation": 0.008956685895032174
    },
    "ecQ1_Set_Current": {
        "average": 199.38000000000002,
        "current size": 12,
        "first": 199.38,
        "maximum": 199.38,
        "minimum": 199.38,
        "most_common": 199.38,
        "num_of_zeros": 0,
        "standard_deviation": 2.842170943040401e-14
    },
    "ecQ2_I_coarse": {
        "average": 158.3193333333333,
        "current size": 12,
        "first": 158.321,
        "maximum": 158.321,
        "minimum": 158.301,
        "most_common": 158.301,
        "num_of_zeros": 0,
        "standard_deviation": 0.005527707983928494
    },
    "ecQ2_Set_Current": {
        "average": 158.43599999999998,
        "current size": 12,
        "first": 158.436,
        "maximum": 158.436,
        "minimum": 158.436,
        "most_common": 158.436,
        "num_of_zeros": 0,
        "standard_deviation": 2.842170943040401e-14
    },
    "ecQ3_I_coarse": {
        "average": 76.51563333333335,
        "current size": 12,
        "first": 76.5189,
        "maximum": 76.5189,
        "minimum": 76.4993,
        "most_common": 76.4993,
        "num_of_zeros": 0,
        "standard_deviation": 0.007304488726498177
    },
    "ecQ3_Set_Current": {
        "average": 76.96360000000001,
        "current size": 12,
        "first": 76.9636,
        "maximum": 76.9636,
        "minimum": 76.9636,
        "most_common": 76.9636,
        "num_of_zeros": 0,
        "standard_deviation": 1.4210854715202004e-14
    },
    "ecSDI_I_coarse": {
        "average": 1553.1141666666665,
        "current size": 12,
        "first": 1553.19,
        "maximum": 1553.19,
        "minimum": 1553.06,
        "most_common": 1553.06,
        "num_of_zeros": 0,
        "standard_deviation": 0.06409086431696631
    },
    "ecSDI_Set_Current": {
        "average": 1553.1900000000003,
        "current size": 12,
        "first": 1553.19,
        "maximum": 1553.19,
        "minimum": 1553.19,
        "most_common": 1553.19,
        "num_of_zeros": 0,
        "standard_deviation": 2.2737367544323206e-13
    },
    "ecSHB_I_coarse": {
        "average": 1621.9400000000003,
        "current size": 12,
        "first": 1621.94,
        "maximum": 1621.94,
        "minimum": 1621.94,
        "most_common": 1621.94,
        "num_of_zeros": 0,
        "standard_deviation": 2.2737367544323206e-13
    },
    "ecSHB_Set_Current": {
        "average": 1624.3699999999997,
        "current size": 12,
        "first": 1624.37,
        "maximum": 1624.37,
        "minimum": 1624.37,
        "most_common": 1624.37,
        "num_of_zeros": 0,
        "standard_deviation": 2.2737367544323206e-13
    },
    "ecSQ1_I_coarse": {
        "average": 1022.4249999999998,
        "current size": 12,
        "first": 1022.41,
        "maximum": 1022.47,
        "minimum": 1022.41,
        "most_common": 1022.41,
        "num_of_zeros": 0,
        "standard_deviation": 0.02598076211355876
    },
    "ecSQ1_Set_Current": {
        "average": 1022.1299999999998,
        "current size": 12,
        "first": 1022.13,
        "maximum": 1022.13,
        "minimum": 1022.13,
        "most_common": 1022.13,
        "num_of_zeros": 0,
        "standard_deviation": 2.2737367544323206e-13
    },
    "ecSQ2_I_coarse": {
        "average": 1715.75,
        "current size": 12,
        "first": 1715.76,
        "maximum": 1715.76,
        "minimum": 1715.7,
        "most_common": 1715.7,
        "num_of_zeros": 0,
        "standard_deviation": 0.02236067977497756
    },
    "ecSQ2_Set_Current": {
        "average": 1716.8499999999997,
        "current size": 12,
        "first": 1716.85,
        "maximum": 1716.85,
        "minimum": 1716.85,
        "most_common": 1716.85,
        "num_of_zeros": 0,
        "standard_deviation": 2.2737367544323206e-13
    },
    "ecSQ3_I_coarse": {
        "average": 1130.701666666667,
        "current size": 12,
        "first": 1130.69,
        "maximum": 1130.76,
        "minimum": 1130.69,
        "most_common": 1130.69,
        "num_of_zeros": 0,
        "standard_deviation": 0.026087459737473822
    },
    "ecSQ3_Set_Current": {
        "average": 1129.67,
        "current size": 12,
        "first": 1129.67,
        "maximum": 1129.67,
        "minimum": 1129.67,
        "most_common": 1129.67,
        "num_of_zeros": 0,
        "standard_deviation": 0.0
    },
    "hcBDSPOS": {
        "average": 4030050.0,
        "current size": 12,
        "first": 4030050.0,
        "maximum": 4030050.0,
        "minimum": 4030050.0,
        "most_common": 4030050.0,
        "num_of_zeros": 0,
        "standard_deviation": 0.0
    }
}
