{
    "RunNumber": "25491",
    "ecDI_B_Set_NMR": {
        "average": 0.9970570000000002,
        "current size": 40,
        "first": 0.997057,
        "maximum": 0.997057,
        "minimum": 0.997057,
        "most_common": 0.997057,
        "num_of_zeros": 0,
        "standard_deviation": 2.220446049250313e-16
    },
    "ecDI_B_True_NMR": {
        "average": 0.997054775,
        "current size": 40,
        "first": 0.997055,
        "maximum": 0.997057,
        "minimum": 0.997053,
        "most_common": 0.997055,
        "num_of_zeros": 0,
        "standard_deviation": 9.079509898860508e-07
    },
    "ecDI_I_coarse": {
        "average": 1112.9869999999999,
        "current size": 40,
        "first": 1112.99,
        "maximum": 1112.99,
        "minimum": 1112.95,
        "most_common": 1112.95,
        "num_of_zeros": 0,
        "standard_deviation": 0.010535653752843164
    },
    "ecDI_Set_Current": {
        "average": 1117.0199999999993,
        "current size": 40,
        "first": 1117.02,
        "maximum": 1117.02,
        "minimum": 1117.02,
        "most_common": 1117.02,
        "num_of_zeros": 0,
        "standard_deviation": 6.821210263296962e-13
    },
    "ecQ1_I_coarse": {
        "average": 474.16949999999997,
        "current size": 40,
        "first": 474.181,
        "maximum": 474.181,
        "minimum": 474.161,
        "most_common": 474.161,
        "num_of_zeros": 0,
        "standard_deviation": 0.0098868599666336
    },
    "ecQ1_Set_Current": {
        "average": 474.4799999999997,
        "current size": 40,
        "first": 474.48,
        "maximum": 474.48,
        "minimum": 474.48,
        "most_common": 474.48,
        "num_of_zeros": 0,
        "standard_deviation": 3.410605131648481e-13
    },
    "ecQ2_I_coarse": {
        "average": 377.1954999999999,
        "current size": 40,
        "first": 377.21,
        "maximum": 377.21,
        "minimum": 377.19,
        "most_common": 377.19,
        "num_of_zeros": 0,
        "standard_deviation": 0.008930285549737753
    },
    "ecQ2_Set_Current": {
        "average": 377.268,
        "current size": 40,
        "first": 377.268,
        "maximum": 377.268,
        "minimum": 377.268,
        "most_common": 377.268,
        "num_of_zeros": 0,
        "standard_deviation": 0.0
    },
    "ecQ3_I_coarse": {
        "average": 182.99000000000012,
        "current size": 40,
        "first": 182.992,
        "maximum": 182.992,
        "minimum": 182.972,
        "most_common": 182.972,
        "num_of_zeros": 0,
        "standard_deviation": 0.005999999999994542
    },
    "ecQ3_Set_Current": {
        "average": 183.44599999999994,
        "current size": 40,
        "first": 183.446,
        "maximum": 183.446,
        "minimum": 183.446,
        "most_common": 183.446,
        "num_of_zeros": 0,
        "standard_deviation": 5.684341886080802e-14
    },
    "ecSDI_I_coarse": {
        "average": 1158.5280000000007,
        "current size": 40,
        "first": 1158.54,
        "maximum": 1158.54,
        "minimum": 1158.42,
        "most_common": 1158.42,
        "num_of_zeros": 0,
        "standard_deviation": 0.035999999999967267
    },
    "ecSDI_Set_Current": {
        "average": 1158.830000000001,
        "current size": 40,
        "first": 1158.83,
        "maximum": 1158.83,
        "minimum": 1158.83,
        "most_common": 1158.83,
        "num_of_zeros": 0,
        "standard_deviation": 1.1368683772161603e-12
    },
    "ecSHB_I_coarse": {
        "average": 1203.433750000001,
        "current size": 40,
        "first": 1203.4,
        "maximum": 1203.55,
        "minimum": 1203.4,
        "most_common": 1203.4,
        "num_of_zeros": 0,
        "standard_deviation": 0.06263734908178074
    },
    "ecSHB_Set_Current": {
        "average": 1205.4700000000007,
        "current size": 40,
        "first": 1205.47,
        "maximum": 1205.47,
        "minimum": 1205.47,
        "most_common": 1205.47,
        "num_of_zeros": 0,
        "standard_deviation": 6.821210263296962e-13
    },
    "ecSQ1_I_coarse": {
        "average": 762.7115000000001,
        "current size": 40,
        "first": 762.696,
        "maximum": 762.758,
        "minimum": 762.696,
        "most_common": 762.696,
        "num_of_zeros": 0,
        "standard_deviation": 0.02684678751732272
    },
    "ecSQ1_Set_Current": {
        "average": 762.6100000000004,
        "current size": 40,
        "first": 762.61,
        "maximum": 762.61,
        "minimum": 762.61,
        "most_common": 762.61,
        "num_of_zeros": 0,
        "standard_deviation": 3.410605131648481e-13
    },
    "ecSQ2_I_coarse": {
        "average": 1280.2159999999992,
        "current size": 40,
        "first": 1280.21,
        "maximum": 1280.27,
        "minimum": 1280.21,
        "most_common": 1280.21,
        "num_of_zeros": 0,
        "standard_deviation": 0.017999999999983626
    },
    "ecSQ2_Set_Current": {
        "average": 1280.9400000000005,
        "current size": 40,
        "first": 1280.94,
        "maximum": 1280.94,
        "minimum": 1280.94,
        "most_common": 1280.94,
        "num_of_zeros": 0,
        "standard_deviation": 4.547473508864641e-13
    },
    "ecSQ3_I_coarse": {
        "average": 843.5198500000002,
        "current size": 40,
        "first": 843.523,
        "maximum": 843.523,
        "minimum": 843.46,
        "most_common": 843.46,
        "num_of_zeros": 0,
        "standard_deviation": 0.013730531672150546
    },
    "ecSQ3_Set_Current": {
        "average": 842.8460000000005,
        "current size": 40,
        "first": 842.846,
        "maximum": 842.846,
        "minimum": 842.846,
        "most_common": 842.846,
        "num_of_zeros": 0,
        "standard_deviation": 4.547473508864641e-13
    },
    "hcBDSPOS": {
        "average": 24018300.0,
        "current size": 40,
        "first": 24018300.0,
        "maximum": 24018300.0,
        "minimum": 24018300.0,
        "most_common": 24018300.0,
        "num_of_zeros": 0,
        "standard_deviation": 0.0
    }
}
