{
    "RunNumber": "25528",
    "ecDI_B_Set_NMR": {
        "average": 1.6524100000000015,
        "current size": 41,
        "first": 1.65241,
        "maximum": 1.65241,
        "minimum": 1.65241,
        "most_common": 1.65241,
        "num_of_zeros": 0,
        "standard_deviation": 1.5543122344752192e-15
    },
    "ecDI_B_True_NMR": {
        "average": 1.6524899999999998,
        "current size": 41,
        "first": 1.65249,
        "maximum": 1.65249,
        "minimum": 1.65249,
        "most_common": 1.65249,
        "num_of_zeros": 0,
        "standard_deviation": 2.220446049250313e-16
    },
    "ecDI_I_coarse": {
        "average": 1958.32024390244,
        "current size": 41,
        "first": 1958.32,
        "maximum": 1958.37,
        "minimum": 1958.28,
        "most_common": 1958.32,
        "num_of_zeros": 0,
        "standard_deviation": 0.009997025137512477
    },
    "ecDI_Set_Current": {
        "average": 1963.5,
        "current size": 41,
        "first": 1963.5,
        "maximum": 1963.5,
        "minimum": 1963.5,
        "most_common": 1963.5,
        "num_of_zeros": 0,
        "standard_deviation": 0.0
    },
    "ecQ1_I_coarse": {
        "average": 780.5292439024394,
        "current size": 41,
        "first": 780.519,
        "maximum": 780.539,
        "minimum": 780.519,
        "most_common": 780.519,
        "num_of_zeros": 0,
        "standard_deviation": 0.009997025137512465
    },
    "ecQ1_Set_Current": {
        "average": 781.0329999999997,
        "current size": 41,
        "first": 781.033,
        "maximum": 781.033,
        "minimum": 781.033,
        "most_common": 781.033,
        "num_of_zeros": 0,
        "standard_deviation": 3.410605131648481e-13
    },
    "ecQ2_I_coarse": {
        "average": 629.5865609756097,
        "current size": 41,
        "first": 629.589,
        "maximum": 629.589,
        "minimum": 629.569,
        "most_common": 629.569,
        "num_of_zeros": 0,
        "standard_deviation": 0.006544589202469654
    },
    "ecQ2_Set_Current": {
        "average": 629.5859999999996,
        "current size": 41,
        "first": 629.586,
        "maximum": 629.586,
        "minimum": 629.586,
        "most_common": 629.586,
        "num_of_zeros": 0,
        "standard_deviation": 4.547473508864641e-13
    },
    "ecQ3_I_coarse": {
        "average": 301.06843902439033,
        "current size": 41,
        "first": 301.066,
        "maximum": 301.086,
        "minimum": 301.066,
        "most_common": 301.066,
        "num_of_zeros": 0,
        "standard_deviation": 0.006544589202451052
    },
    "ecQ3_Set_Current": {
        "average": 301.5290000000003,
        "current size": 41,
        "first": 301.529,
        "maximum": 301.529,
        "minimum": 301.529,
        "most_common": 301.529,
        "num_of_zeros": 0,
        "standard_deviation": 2.8421709430404007e-13
    },
    "ecSDI_I_coarse": {
        "average": 1908.999268292683,
        "current size": 41,
        "first": 1909.05,
        "maximum": 1909.05,
        "minimum": 1908.92,
        "most_common": 1908.92,
        "num_of_zeros": 0,
        "standard_deviation": 0.06341463414628379
    },
    "ecSDI_Set_Current": {
        "average": 1908.940000000001,
        "current size": 41,
        "first": 1908.94,
        "maximum": 1908.94,
        "minimum": 1908.94,
        "most_common": 1908.94,
        "num_of_zeros": 0,
        "standard_deviation": 9.094947017729282e-13
    },
    "ecSHB_I_coarse": {
        "average": 2007.9892682926838,
        "current size": 41,
        "first": 2007.96,
        "maximum": 2008.11,
        "minimum": 2007.96,
        "most_common": 2007.96,
        "num_of_zeros": 0,
        "standard_deviation": 0.05944418344850171
    },
    "ecSHB_Set_Current": {
        "average": 2010.8699999999997,
        "current size": 41,
        "first": 2010.87,
        "maximum": 2010.87,
        "minimum": 2010.87,
        "most_common": 2010.87,
        "num_of_zeros": 0,
        "standard_deviation": 2.2737367544323206e-13
    },
    "ecSQ1_I_coarse": {
        "average": 1256.5163414634153,
        "current size": 41,
        "first": 1256.42,
        "maximum": 1256.61,
        "minimum": 1256.42,
        "most_common": 1256.55,
        "num_of_zeros": 0,
        "standard_deviation": 0.04454409147866512
    },
    "ecSQ1_Set_Current": {
        "average": 1256.25,
        "current size": 41,
        "first": 1256.25,
        "maximum": 1256.25,
        "minimum": 1256.25,
        "most_common": 1256.25,
        "num_of_zeros": 0,
        "standard_deviation": 0.0
    },
    "ecSQ2_I_coarse": {
        "average": 2108.6499999999996,
        "current size": 41,
        "first": 2108.65,
        "maximum": 2108.65,
        "minimum": 2108.65,
        "most_common": 2108.65,
        "num_of_zeros": 0,
        "standard_deviation": 4.547473508864641e-13
    },
    "ecSQ2_Set_Current": {
        "average": 2110.089999999998,
        "current size": 41,
        "first": 2110.09,
        "maximum": 2110.09,
        "minimum": 2110.09,
        "most_common": 2110.09,
        "num_of_zeros": 0,
        "standard_deviation": 2.2737367544323206e-12
    },
    "ecSQ3_I_coarse": {
        "average": 1389.571707317073,
        "current size": 41,
        "first": 1389.57,
        "maximum": 1389.64,
        "minimum": 1389.57,
        "most_common": 1389.57,
        "num_of_zeros": 0,
        "standard_deviation": 0.010798021278648984
    },
    "ecSQ3_Set_Current": {
        "average": 1388.4199999999987,
        "current size": 41,
        "first": 1388.42,
        "maximum": 1388.42,
        "minimum": 1388.42,
        "most_common": 1388.42,
        "num_of_zeros": 0,
        "standard_deviation": 1.3642420526593924e-12
    },
    "hcBDSPOS": {
        "average": 8237620.0,
        "current size": 41,
        "first": 8237620.0,
        "maximum": 8237620.0,
        "minimum": 8237620.0,
        "most_common": 8237620.0,
        "num_of_zeros": 0,
        "standard_deviation": 0.0
    }
}
