{
    "RunNumber": "25166",
    "ecDI_B_Set_NMR": {
        "average": 0.9970569999999994,
        "current size": 66,
        "first": 0.997057,
        "maximum": 0.997057,
        "minimum": 0.997057,
        "most_common": 0.997057,
        "num_of_zeros": 0,
        "standard_deviation": 5.551115123125783e-16
    },
    "ecDI_B_True_NMR": {
        "average": 0.9969670606060606,
        "current size": 66,
        "first": 0.996967,
        "maximum": 0.996969,
        "minimum": 0.996965,
        "most_common": 0.996967,
        "num_of_zeros": 0,
        "standard_deviation": 8.506465968085787e-07
    },
    "ecDI_I_coarse": {
        "average": 1112.9409090909078,
        "current size": 66,
        "first": 1112.95,
        "maximum": 1112.95,
        "minimum": 1112.9,
        "most_common": 1112.9,
        "num_of_zeros": 0,
        "standard_deviation": 0.0192847303959792
    },
    "ecDI_Set_Current": {
        "average": 1117.0,
        "current size": 66,
        "first": 1117.0,
        "maximum": 1117.0,
        "minimum": 1117.0,
        "most_common": 1117.0,
        "num_of_zeros": 0,
        "standard_deviation": 0.0
    },
    "ecQ1_I_coarse": {
        "average": 474.18445454545486,
        "current size": 66,
        "first": 474.2,
        "maximum": 474.2,
        "minimum": 474.181,
        "most_common": 474.181,
        "num_of_zeros": 0,
        "standard_deviation": 0.007328197550480865
    },
    "ecQ1_Set_Current": {
        "average": 474.4799999999996,
        "current size": 66,
        "first": 474.48,
        "maximum": 474.48,
        "minimum": 474.48,
        "most_common": 474.48,
        "num_of_zeros": 0,
        "standard_deviation": 3.979039320256561e-13
    },
    "ecQ2_I_coarse": {
        "average": 377.1909242424239,
        "current size": 66,
        "first": 377.19,
        "maximum": 377.21,
        "minimum": 377.171,
        "most_common": 377.19,
        "num_of_zeros": 0,
        "standard_deviation": 0.005371954686453796
    },
    "ecQ2_Set_Current": {
        "average": 377.268,
        "current size": 66,
        "first": 377.268,
        "maximum": 377.268,
        "minimum": 377.268,
        "most_common": 377.268,
        "num_of_zeros": 0,
        "standard_deviation": 0.0
    },
    "ecQ3_I_coarse": {
        "average": 182.97260606060593,
        "current size": 66,
        "first": 182.972,
        "maximum": 182.992,
        "minimum": 182.972,
        "most_common": 182.972,
        "num_of_zeros": 0,
        "standard_deviation": 0.003428396514840747
    },
    "ecQ3_Set_Current": {
        "average": 183.44599999999994,
        "current size": 66,
        "first": 183.446,
        "maximum": 183.446,
        "minimum": 183.446,
        "most_common": 183.446,
        "num_of_zeros": 0,
        "standard_deviation": 5.684341886080802e-14
    },
    "ecSDI_I_coarse": {
        "average": 1553.0599999999986,
        "current size": 66,
        "first": 1553.06,
        "maximum": 1553.06,
        "minimum": 1553.06,
        "most_common": 1553.06,
        "num_of_zeros": 0,
        "standard_deviation": 1.3642420526593924e-12
    },
    "ecSDI_Set_Current": {
        "average": 1553.1900000000014,
        "current size": 66,
        "first": 1553.19,
        "maximum": 1553.19,
        "minimum": 1553.19,
        "most_common": 1553.19,
        "num_of_zeros": 0,
        "standard_deviation": 1.3642420526593924e-12
    },
    "ecSHB_I_coarse": {
        "average": 1621.880909090909,
        "current size": 66,
        "first": 1621.94,
        "maximum": 1621.94,
        "minimum": 1621.79,
        "most_common": 1621.79,
        "num_of_zeros": 0,
        "standard_deviation": 0.07329325225730399
    },
    "ecSHB_Set_Current": {
        "average": 1624.369999999999,
        "current size": 66,
        "first": 1624.37,
        "maximum": 1624.37,
        "minimum": 1624.37,
        "most_common": 1624.37,
        "num_of_zeros": 0,
        "standard_deviation": 9.094947017729282e-13
    },
    "ecSQ1_I_coarse": {
        "average": 1022.4081818181832,
        "current size": 66,
        "first": 1022.41,
        "maximum": 1022.47,
        "minimum": 1022.35,
        "most_common": 1022.41,
        "num_of_zeros": 0,
        "standard_deviation": 0.017999081702925756
    },
    "ecSQ1_Set_Current": {
        "average": 1022.129999999999,
        "current size": 66,
        "first": 1022.13,
        "maximum": 1022.13,
        "minimum": 1022.13,
        "most_common": 1022.13,
        "num_of_zeros": 0,
        "standard_deviation": 1.0231815394945443e-12
    },
    "ecSQ2_I_coarse": {
        "average": 1715.7072727272712,
        "current size": 66,
        "first": 1715.76,
        "maximum": 1715.76,
        "minimum": 1715.7,
        "most_common": 1715.7,
        "num_of_zeros": 0,
        "standard_deviation": 0.019582417480471286
    },
    "ecSQ2_Set_Current": {
        "average": 1716.850000000002,
        "current size": 66,
        "first": 1716.85,
        "maximum": 1716.85,
        "minimum": 1716.85,
        "most_common": 1716.85,
        "num_of_zeros": 0,
        "standard_deviation": 2.0463630789890885e-12
    },
    "ecSQ3_I_coarse": {
        "average": 1130.6009090909095,
        "current size": 66,
        "first": 1130.57,
        "maximum": 1130.63,
        "minimum": 1130.57,
        "most_common": 1130.57,
        "num_of_zeros": 0,
        "standard_deviation": 0.029986222731851152
    },
    "ecSQ3_Set_Current": {
        "average": 1129.6699999999987,
        "current size": 66,
        "first": 1129.67,
        "maximum": 1129.67,
        "minimum": 1129.67,
        "most_common": 1129.67,
        "num_of_zeros": 0,
        "standard_deviation": 1.3642420526593924e-12
    },
    "hcBDSPOS": {
        "average": 4030050.0,
        "current size": 66,
        "first": 4030050.0,
        "maximum": 4030050.0,
        "minimum": 4030050.0,
        "most_common": 4030050.0,
        "num_of_zeros": 0,
        "standard_deviation": 0.0
    }
}
