{
    "RunNumber": "25106",
    "ecDI_B_Set_NMR": {
        "average": 0.9970570000000005,
        "current size": 26,
        "first": 0.997057,
        "maximum": 0.997057,
        "minimum": 0.997057,
        "most_common": 0.997057,
        "num_of_zeros": 0,
        "standard_deviation": 5.551115123125783e-16
    },
    "ecDI_B_True_NMR": {
        "average": 0.9969793076923075,
        "current size": 26,
        "first": 0.99698,
        "maximum": 0.996982,
        "minimum": 0.996978,
        "most_common": 0.996979,
        "num_of_zeros": 0,
        "standard_deviation": 9.10166120478496e-07
    },
    "ecDI_I_coarse": {
        "average": 1112.9884615384622,
        "current size": 26,
        "first": 1112.99,
        "maximum": 1112.99,
        "minimum": 1112.95,
        "most_common": 1112.95,
        "num_of_zeros": 0,
        "standard_deviation": 0.007692307692300698
    },
    "ecDI_Set_Current": {
        "average": 1117.1500000000005,
        "current size": 26,
        "first": 1117.15,
        "maximum": 1117.15,
        "minimum": 1117.15,
        "most_common": 1117.15,
        "num_of_zeros": 0,
        "standard_deviation": 4.547473508864641e-13
    },
    "ecQ1_I_coarse": {
        "average": 474.1905000000001,
        "current size": 26,
        "first": 474.2,
        "maximum": 474.2,
        "minimum": 474.181,
        "most_common": 474.181,
        "num_of_zeros": 0,
        "standard_deviation": 0.009500000000002727
    },
    "ecQ1_Set_Current": {
        "average": 474.4799999999997,
        "current size": 26,
        "first": 474.48,
        "maximum": 474.48,
        "minimum": 474.48,
        "most_common": 474.48,
        "num_of_zeros": 0,
        "standard_deviation": 3.410605131648481e-13
    },
    "ecQ2_I_coarse": {
        "average": 377.1892692307692,
        "current size": 26,
        "first": 377.19,
        "maximum": 377.19,
        "minimum": 377.171,
        "most_common": 377.171,
        "num_of_zeros": 0,
        "standard_deviation": 0.003653846153847204
    },
    "ecQ2_Set_Current": {
        "average": 377.268,
        "current size": 26,
        "first": 377.268,
        "maximum": 377.268,
        "minimum": 377.268,
        "most_common": 377.268,
        "num_of_zeros": 0,
        "standard_deviation": 0.0
    },
    "ecQ3_I_coarse": {
        "average": 182.97200000000007,
        "current size": 26,
        "first": 182.972,
        "maximum": 182.972,
        "minimum": 182.972,
        "most_common": 182.972,
        "num_of_zeros": 0,
        "standard_deviation": 5.684341886080802e-14
    },
    "ecQ3_Set_Current": {
        "average": 183.44599999999994,
        "current size": 26,
        "first": 183.446,
        "maximum": 183.446,
        "minimum": 183.446,
        "most_common": 183.446,
        "num_of_zeros": 0,
        "standard_deviation": 5.684341886080802e-14
    },
    "ecSDI_I_coarse": {
        "average": 1158.5400000000006,
        "current size": 26,
        "first": 1158.54,
        "maximum": 1158.54,
        "minimum": 1158.54,
        "most_common": 1158.54,
        "num_of_zeros": 0,
        "standard_deviation": 6.821210263296962e-13
    },
    "ecSDI_Set_Current": {
        "average": 1158.8300000000006,
        "current size": 26,
        "first": 1158.83,
        "maximum": 1158.83,
        "minimum": 1158.83,
        "most_common": 1158.83,
        "num_of_zeros": 0,
        "standard_deviation": 6.821210263296962e-13
    },
    "ecSHB_I_coarse": {
        "average": 1203.4576923076925,
        "current size": 26,
        "first": 1203.4,
        "maximum": 1203.55,
        "minimum": 1203.4,
        "most_common": 1203.4,
        "num_of_zeros": 0,
        "standard_deviation": 0.0729756383115116
    },
    "ecSHB_Set_Current": {
        "average": 1205.4700000000005,
        "current size": 26,
        "first": 1205.47,
        "maximum": 1205.47,
        "minimum": 1205.47,
        "most_common": 1205.47,
        "num_of_zeros": 0,
        "standard_deviation": 4.547473508864641e-13
    },
    "ecSQ1_I_coarse": {
        "average": 762.8185384615384,
        "current size": 26,
        "first": 762.821,
        "maximum": 762.883,
        "minimum": 762.758,
        "most_common": 762.821,
        "num_of_zeros": 0,
        "standard_deviation": 0.021144613369748835
    },
    "ecSQ1_Set_Current": {
        "average": 762.6100000000004,
        "current size": 26,
        "first": 762.61,
        "maximum": 762.61,
        "minimum": 762.61,
        "most_common": 762.61,
        "num_of_zeros": 0,
        "standard_deviation": 3.410605131648481e-13
    },
    "ecSQ2_I_coarse": {
        "average": 1280.1938461538457,
        "current size": 26,
        "first": 1280.21,
        "maximum": 1280.21,
        "minimum": 1280.14,
        "most_common": 1280.14,
        "num_of_zeros": 0,
        "standard_deviation": 0.029492753096405193
    },
    "ecSQ2_Set_Current": {
        "average": 1280.9399999999996,
        "current size": 26,
        "first": 1280.94,
        "maximum": 1280.94,
        "minimum": 1280.94,
        "most_common": 1280.94,
        "num_of_zeros": 0,
        "standard_deviation": 4.547473508864641e-13
    },
    "ecSQ3_I_coarse": {
        "average": 843.5786538461535,
        "current size": 26,
        "first": 843.586,
        "maximum": 843.648,
        "minimum": 843.523,
        "most_common": 843.586,
        "num_of_zeros": 0,
        "standard_deviation": 0.03170166497409956
    },
    "ecSQ3_Set_Current": {
        "average": 842.8460000000001,
        "current size": 26,
        "first": 842.846,
        "maximum": 842.846,
        "minimum": 842.846,
        "most_common": 842.846,
        "num_of_zeros": 0,
        "standard_deviation": 1.1368683772161603e-13
    },
    "hcBDSPOS": {
        "average": 4030050.0,
        "current size": 26,
        "first": 4030050.0,
        "maximum": 4030050.0,
        "minimum": 4030050.0,
        "most_common": 4030050.0,
        "num_of_zeros": 0,
        "standard_deviation": 0.0
    }
}
