{
    "RunNumber": "25070",
    "ecDI_B_Set_NMR": {
        "average": 0.9970569999999994,
        "current size": 63,
        "first": 0.997057,
        "maximum": 0.997057,
        "minimum": 0.997057,
        "most_common": 0.997057,
        "num_of_zeros": 0,
        "standard_deviation": 5.551115123125783e-16
    },
    "ecDI_B_True_NMR": {
        "average": 0.9970533650793652,
        "current size": 63,
        "first": 0.997053,
        "maximum": 0.997055,
        "minimum": 0.997051,
        "most_common": 0.997053,
        "num_of_zeros": 0,
        "standard_deviation": 8.962282040289898e-07
    },
    "ecDI_I_coarse": {
        "average": 1113.0860317460304,
        "current size": 63,
        "first": 1113.09,
        "maximum": 1113.09,
        "minimum": 1113.04,
        "most_common": 1113.04,
        "num_of_zeros": 0,
        "standard_deviation": 0.013515386004691201
    },
    "ecDI_Set_Current": {
        "average": 1117.0999999999997,
        "current size": 63,
        "first": 1117.1,
        "maximum": 1117.1,
        "minimum": 1117.1,
        "most_common": 1117.1,
        "num_of_zeros": 0,
        "standard_deviation": 2.2737367544323206e-13
    },
    "ecQ1_I_coarse": {
        "average": 474.18036507936534,
        "current size": 63,
        "first": 474.181,
        "maximum": 474.181,
        "minimum": 474.161,
        "most_common": 474.161,
        "num_of_zeros": 0,
        "standard_deviation": 0.0035064638149768937
    },
    "ecQ1_Set_Current": {
        "average": 474.4799999999996,
        "current size": 63,
        "first": 474.48,
        "maximum": 474.48,
        "minimum": 474.48,
        "most_common": 474.48,
        "num_of_zeros": 0,
        "standard_deviation": 3.979039320256561e-13
    },
    "ecQ2_I_coarse": {
        "average": 377.19031746031715,
        "current size": 63,
        "first": 377.19,
        "maximum": 377.21,
        "minimum": 377.19,
        "most_common": 377.19,
        "num_of_zeros": 0,
        "standard_deviation": 0.002499685039366554
    },
    "ecQ2_Set_Current": {
        "average": 377.268,
        "current size": 63,
        "first": 377.268,
        "maximum": 377.268,
        "minimum": 377.268,
        "most_common": 377.268,
        "num_of_zeros": 0,
        "standard_deviation": 0.0
    },
    "ecQ3_I_coarse": {
        "average": 182.97231746031733,
        "current size": 63,
        "first": 182.972,
        "maximum": 182.992,
        "minimum": 182.972,
        "most_common": 182.972,
        "num_of_zeros": 0,
        "standard_deviation": 0.0024996850393665506
    },
    "ecQ3_Set_Current": {
        "average": 183.44599999999994,
        "current size": 63,
        "first": 183.446,
        "maximum": 183.446,
        "minimum": 183.446,
        "most_common": 183.446,
        "num_of_zeros": 0,
        "standard_deviation": 5.684341886080802e-14
    },
    "ecSDI_I_coarse": {
        "average": 1553.0599999999986,
        "current size": 63,
        "first": 1553.06,
        "maximum": 1553.06,
        "minimum": 1553.06,
        "most_common": 1553.06,
        "num_of_zeros": 0,
        "standard_deviation": 1.3642420526593924e-12
    },
    "ecSDI_Set_Current": {
        "average": 1553.1900000000014,
        "current size": 63,
        "first": 1553.19,
        "maximum": 1553.19,
        "minimum": 1553.19,
        "most_common": 1553.19,
        "num_of_zeros": 0,
        "standard_deviation": 1.3642420526593924e-12
    },
    "ecSHB_I_coarse": {
        "average": 1621.9328571428587,
        "current size": 63,
        "first": 1621.94,
        "maximum": 1621.94,
        "minimum": 1621.79,
        "most_common": 1621.79,
        "num_of_zeros": 0,
        "standard_deviation": 0.03194382825001641
    },
    "ecSHB_Set_Current": {
        "average": 1624.369999999999,
        "current size": 63,
        "first": 1624.37,
        "maximum": 1624.37,
        "minimum": 1624.37,
        "most_common": 1624.37,
        "num_of_zeros": 0,
        "standard_deviation": 9.094947017729282e-13
    },
    "ecSQ1_I_coarse": {
        "average": 1022.4147619047637,
        "current size": 63,
        "first": 1022.41,
        "maximum": 1022.47,
        "minimum": 1022.41,
        "most_common": 1022.41,
        "num_of_zeros": 0,
        "standard_deviation": 0.016218463205660148
    },
    "ecSQ1_Set_Current": {
        "average": 1022.1299999999989,
        "current size": 63,
        "first": 1022.13,
        "maximum": 1022.13,
        "minimum": 1022.13,
        "most_common": 1022.13,
        "num_of_zeros": 0,
        "standard_deviation": 1.1368683772161603e-12
    },
    "ecSQ2_I_coarse": {
        "average": 1715.6999999999982,
        "current size": 63,
        "first": 1715.7,
        "maximum": 1715.7,
        "minimum": 1715.7,
        "most_common": 1715.7,
        "num_of_zeros": 0,
        "standard_deviation": 1.8189894035458565e-12
    },
    "ecSQ2_Set_Current": {
        "average": 1716.8500000000017,
        "current size": 63,
        "first": 1716.85,
        "maximum": 1716.85,
        "minimum": 1716.85,
        "most_common": 1716.85,
        "num_of_zeros": 0,
        "standard_deviation": 1.8189894035458565e-12
    },
    "ecSQ3_I_coarse": {
        "average": 1130.6423809523808,
        "current size": 63,
        "first": 1130.63,
        "maximum": 1130.69,
        "minimum": 1130.63,
        "most_common": 1130.63,
        "num_of_zeros": 0,
        "standard_deviation": 0.024281045302800713
    },
    "ecSQ3_Set_Current": {
        "average": 1129.6699999999987,
        "current size": 63,
        "first": 1129.67,
        "maximum": 1129.67,
        "minimum": 1129.67,
        "most_common": 1129.67,
        "num_of_zeros": 0,
        "standard_deviation": 1.3642420526593924e-12
    },
    "hcBDSPOS": {
        "average": 24018300.0,
        "current size": 63,
        "first": 24018300.0,
        "maximum": 24018300.0,
        "minimum": 24018300.0,
        "most_common": 24018300.0,
        "num_of_zeros": 0,
        "standard_deviation": 0.0
    }
}
