{
    "RunNumber": "24279",
    "ecDI_B_Set_NMR": {
        "average": 0.4191399999999996,
        "current size": 60,
        "first": 0.41914,
        "maximum": 0.41914,
        "minimum": 0.41914,
        "most_common": 0.41914,
        "num_of_zeros": 0,
        "standard_deviation": 3.885780586188048e-16
    },
    "ecDI_B_True_NMR": {
        "average": 0.41851891666666663,
        "current size": 60,
        "first": 0.418522,
        "maximum": 0.418525,
        "minimum": 0.418512,
        "most_common": 0.418519,
        "num_of_zeros": 0,
        "standard_deviation": 1.6959920073173198e-06
    },
    "ecDI_I_coarse": {
        "average": 464.6079666666671,
        "current size": 60,
        "first": 464.597,
        "maximum": 464.644,
        "minimum": 464.597,
        "most_common": 464.597,
        "num_of_zeros": 0,
        "standard_deviation": 0.019878771480048362
    },
    "ecDI_Set_Current": {
        "average": 467.5370000000002,
        "current size": 60,
        "first": 467.537,
        "maximum": 467.537,
        "minimum": 467.537,
        "most_common": 467.537,
        "num_of_zeros": 0,
        "standard_deviation": 2.2737367544323206e-13
    },
    "ecQ1_I_coarse": {
        "average": 199.26126666666684,
        "current size": 60,
        "first": 199.26,
        "maximum": 199.279,
        "minimum": 199.26,
        "most_common": 199.26,
        "num_of_zeros": 0,
        "standard_deviation": 0.004739432689915019
    },
    "ecQ1_Set_Current": {
        "average": 199.3799999999998,
        "current size": 60,
        "first": 199.38,
        "maximum": 199.38,
        "minimum": 199.38,
        "most_common": 199.38,
        "num_of_zeros": 0,
        "standard_deviation": 1.9895196601282805e-13
    },
    "ecQ2_I_coarse": {
        "average": 158.31733333333335,
        "current size": 60,
        "first": 158.321,
        "maximum": 158.321,
        "minimum": 158.301,
        "most_common": 158.301,
        "num_of_zeros": 0,
        "standard_deviation": 0.00773879117749989
    },
    "ecQ2_Set_Current": {
        "average": 158.43599999999984,
        "current size": 60,
        "first": 158.436,
        "maximum": 158.436,
        "minimum": 158.436,
        "most_common": 158.436,
        "num_of_zeros": 0,
        "standard_deviation": 1.7053025658242404e-13
    },
    "ecQ3_I_coarse": {
        "average": 76.50256666666668,
        "current size": 60,
        "first": 76.4993,
        "maximum": 76.5189,
        "minimum": 76.4993,
        "most_common": 76.4993,
        "num_of_zeros": 0,
        "standard_deviation": 0.007304488726498174
    },
    "ecQ3_Set_Current": {
        "average": 76.96360000000003,
        "current size": 60,
        "first": 76.9636,
        "maximum": 76.9636,
        "minimum": 76.9636,
        "most_common": 76.9636,
        "num_of_zeros": 0,
        "standard_deviation": 2.842170943040401e-14
    },
    "ecSDI_I_coarse": {
        "average": 1553.0751666666656,
        "current size": 60,
        "first": 1553.19,
        "maximum": 1553.19,
        "minimum": 1553.06,
        "most_common": 1553.06,
        "num_of_zeros": 0,
        "standard_deviation": 0.041732947282594544
    },
    "ecSDI_Set_Current": {
        "average": 1553.1900000000014,
        "current size": 60,
        "first": 1553.19,
        "maximum": 1553.19,
        "minimum": 1553.19,
        "most_common": 1553.19,
        "num_of_zeros": 0,
        "standard_deviation": 1.3642420526593924e-12
    },
    "ecSHB_I_coarse": {
        "average": 1621.8900000000015,
        "current size": 60,
        "first": 1621.94,
        "maximum": 1621.94,
        "minimum": 1621.79,
        "most_common": 1621.79,
        "num_of_zeros": 0,
        "standard_deviation": 0.07071067811869756
    },
    "ecSHB_Set_Current": {
        "average": 1624.3699999999992,
        "current size": 60,
        "first": 1624.37,
        "maximum": 1624.37,
        "minimum": 1624.37,
        "most_common": 1624.37,
        "num_of_zeros": 0,
        "standard_deviation": 6.821210263296962e-13
    },
    "ecSQ1_I_coarse": {
        "average": 1022.4600000000011,
        "current size": 60,
        "first": 1022.47,
        "maximum": 1022.47,
        "minimum": 1022.41,
        "most_common": 1022.41,
        "num_of_zeros": 0,
        "standard_deviation": 0.02236067977501994
    },
    "ecSQ1_Set_Current": {
        "average": 1022.129999999999,
        "current size": 60,
        "first": 1022.13,
        "maximum": 1022.13,
        "minimum": 1022.13,
        "most_common": 1022.13,
        "num_of_zeros": 0,
        "standard_deviation": 1.0231815394945443e-12
    },
    "ecSQ2_I_coarse": {
        "average": 1715.7549999999983,
        "current size": 60,
        "first": 1715.76,
        "maximum": 1715.76,
        "minimum": 1715.7,
        "most_common": 1715.7,
        "num_of_zeros": 0,
        "standard_deviation": 0.016583123951761928
    },
    "ecSQ2_Set_Current": {
        "average": 1716.8500000000015,
        "current size": 60,
        "first": 1716.85,
        "maximum": 1716.85,
        "minimum": 1716.85,
        "most_common": 1716.85,
        "num_of_zeros": 0,
        "standard_deviation": 1.5916157281026244e-12
    },
    "ecSQ3_I_coarse": {
        "average": 1130.6911666666676,
        "current size": 60,
        "first": 1130.69,
        "maximum": 1130.76,
        "minimum": 1130.69,
        "most_common": 1130.69,
        "num_of_zeros": 0,
        "standard_deviation": 0.00896133670583856
    },
    "ecSQ3_Set_Current": {
        "average": 1129.6699999999987,
        "current size": 60,
        "first": 1129.67,
        "maximum": 1129.67,
        "minimum": 1129.67,
        "most_common": 1129.67,
        "num_of_zeros": 0,
        "standard_deviation": 1.3642420526593924e-12
    },
    "hcBDSPOS": {
        "average": 4030050.0,
        "current size": 60,
        "first": 4030050.0,
        "maximum": 4030050.0,
        "minimum": 4030050.0,
        "most_common": 4030050.0,
        "num_of_zeros": 0,
        "standard_deviation": 0.0
    }
}
