{
    "RunNumber": "24040",
    "ecDI_B_Set_NMR": {
        "average": 0.4191399999999996,
        "current size": 59,
        "first": 0.41914,
        "maximum": 0.41914,
        "minimum": 0.41914,
        "most_common": 0.41914,
        "num_of_zeros": 0,
        "standard_deviation": 3.885780586188048e-16
    },
    "ecDI_B_True_NMR": {
        "average": 1.0555477966101694,
        "current size": 59,
        "first": 1.05552,
        "maximum": 1.05563,
        "minimum": 1.05549,
        "most_common": 1.05552,
        "num_of_zeros": 0,
        "standard_deviation": 3.0867008146223755e-05
    },
    "ecDI_I_coarse": {
        "average": 464.6025762711869,
        "current size": 59,
        "first": 464.597,
        "maximum": 464.644,
        "minimum": 464.597,
        "most_common": 464.597,
        "num_of_zeros": 0,
        "standard_deviation": 0.015198353378515514
    },
    "ecDI_Set_Current": {
        "average": 467.5370000000002,
        "current size": 59,
        "first": 467.537,
        "maximum": 467.537,
        "minimum": 467.537,
        "most_common": 467.537,
        "num_of_zeros": 0,
        "standard_deviation": 2.2737367544323206e-13
    },
    "ecQ1_I_coarse": {
        "average": 199.26933898305106,
        "current size": 59,
        "first": 199.26,
        "maximum": 199.279,
        "minimum": 199.26,
        "most_common": 199.26,
        "num_of_zeros": 0,
        "standard_deviation": 0.00949863535157222
    },
    "ecQ1_Set_Current": {
        "average": 199.37999999999982,
        "current size": 59,
        "first": 199.38,
        "maximum": 199.38,
        "minimum": 199.38,
        "most_common": 199.38,
        "num_of_zeros": 0,
        "standard_deviation": 1.7053025658242404e-13
    },
    "ecQ2_I_coarse": {
        "average": 158.3179491525423,
        "current size": 59,
        "first": 158.321,
        "maximum": 158.321,
        "minimum": 158.301,
        "most_common": 158.301,
        "num_of_zeros": 0,
        "standard_deviation": 0.007190916418849927
    },
    "ecQ2_Set_Current": {
        "average": 158.43599999999984,
        "current size": 59,
        "first": 158.436,
        "maximum": 158.436,
        "minimum": 158.436,
        "most_common": 158.436,
        "num_of_zeros": 0,
        "standard_deviation": 1.7053025658242404e-13
    },
    "ecQ3_I_coarse": {
        "average": 76.51192372881357,
        "current size": 59,
        "first": 76.4993,
        "maximum": 76.5189,
        "minimum": 76.4993,
        "most_common": 76.4993,
        "num_of_zeros": 0,
        "standard_deviation": 0.009384378273889405
    },
    "ecQ3_Set_Current": {
        "average": 76.96360000000003,
        "current size": 59,
        "first": 76.9636,
        "maximum": 76.9636,
        "minimum": 76.9636,
        "most_common": 76.9636,
        "num_of_zeros": 0,
        "standard_deviation": 2.842170943040401e-14
    },
    "ecSDI_I_coarse": {
        "average": 1553.0644067796597,
        "current size": 59,
        "first": 1553.06,
        "maximum": 1553.19,
        "minimum": 1553.06,
        "most_common": 1553.06,
        "num_of_zeros": 0,
        "standard_deviation": 0.02352576564008873
    },
    "ecSDI_Set_Current": {
        "average": 1553.1900000000014,
        "current size": 59,
        "first": 1553.19,
        "maximum": 1553.19,
        "minimum": 1553.19,
        "most_common": 1553.19,
        "num_of_zeros": 0,
        "standard_deviation": 1.3642420526593924e-12
    },
    "ecSHB_I_coarse": {
        "average": 1621.9196610169506,
        "current size": 59,
        "first": 1621.94,
        "maximum": 1621.94,
        "minimum": 1621.79,
        "most_common": 1621.79,
        "num_of_zeros": 0,
        "standard_deviation": 0.05135341494085526
    },
    "ecSHB_Set_Current": {
        "average": 1624.3699999999992,
        "current size": 59,
        "first": 1624.37,
        "maximum": 1624.37,
        "minimum": 1624.37,
        "most_common": 1624.37,
        "num_of_zeros": 0,
        "standard_deviation": 6.821210263296962e-13
    },
    "ecSQ1_I_coarse": {
        "average": 1022.4577966101705,
        "current size": 59,
        "first": 1022.47,
        "maximum": 1022.47,
        "minimum": 1022.41,
        "most_common": 1022.41,
        "num_of_zeros": 0,
        "standard_deviation": 0.024151204244846666
    },
    "ecSQ1_Set_Current": {
        "average": 1022.129999999999,
        "current size": 59,
        "first": 1022.13,
        "maximum": 1022.13,
        "minimum": 1022.13,
        "most_common": 1022.13,
        "num_of_zeros": 0,
        "standard_deviation": 1.0231815394945443e-12
    },
    "ecSQ2_I_coarse": {
        "average": 1715.7579661016935,
        "current size": 59,
        "first": 1715.76,
        "maximum": 1715.76,
        "minimum": 1715.7,
        "most_common": 1715.7,
        "num_of_zeros": 0,
        "standard_deviation": 0.010858045680021968
    },
    "ecSQ2_Set_Current": {
        "average": 1716.8500000000013,
        "current size": 59,
        "first": 1716.85,
        "maximum": 1716.85,
        "minimum": 1716.85,
        "most_common": 1716.85,
        "num_of_zeros": 0,
        "standard_deviation": 1.3642420526593924e-12
    },
    "ecSQ3_I_coarse": {
        "average": 1130.6913559322043,
        "current size": 59,
        "first": 1130.69,
        "maximum": 1130.76,
        "minimum": 1130.63,
        "most_common": 1130.69,
        "num_of_zeros": 0,
        "standard_deviation": 0.015009333493769707
    },
    "ecSQ3_Set_Current": {
        "average": 1129.6699999999987,
        "current size": 59,
        "first": 1129.67,
        "maximum": 1129.67,
        "minimum": 1129.67,
        "most_common": 1129.67,
        "num_of_zeros": 0,
        "standard_deviation": 1.3642420526593924e-12
    },
    "hcBDSPOS": {
        "average": 5460580.0,
        "current size": 59,
        "first": 5460580.0,
        "maximum": 5460580.0,
        "minimum": 5460580.0,
        "most_common": 5460580.0,
        "num_of_zeros": 0,
        "standard_deviation": 0.0
    }
}
