{
    "RunNumber": "25205",
    "ecDI_B_Set_NMR": {
        "average": 0.9970569999999994,
        "current size": 62,
        "first": 0.997057,
        "maximum": 0.997057,
        "minimum": 0.997057,
        "most_common": 0.997057,
        "num_of_zeros": 0,
        "standard_deviation": 5.551115123125783e-16
    },
    "ecDI_B_True_NMR": {
        "average": 0.9969691935483868,
        "current size": 62,
        "first": 0.996969,
        "maximum": 0.996971,
        "minimum": 0.996967,
        "most_common": 0.996969,
        "num_of_zeros": 0,
        "standard_deviation": 9.129659160231261e-07
    },
    "ecDI_I_coarse": {
        "average": 1112.9635483870957,
        "current size": 62,
        "first": 1112.99,
        "maximum": 1112.99,
        "minimum": 1112.95,
        "most_common": 1112.95,
        "num_of_zeros": 0,
        "standard_deviation": 0.018930839678848854
    },
    "ecDI_Set_Current": {
        "average": 1117.0,
        "current size": 62,
        "first": 1117.0,
        "maximum": 1117.0,
        "minimum": 1117.0,
        "most_common": 1117.0,
        "num_of_zeros": 0,
        "standard_deviation": 0.0
    },
    "ecQ1_I_coarse": {
        "average": 474.18559677419387,
        "current size": 62,
        "first": 474.2,
        "maximum": 474.2,
        "minimum": 474.181,
        "most_common": 474.181,
        "num_of_zeros": 0,
        "standard_deviation": 0.008136852996766312
    },
    "ecQ1_Set_Current": {
        "average": 474.4799999999996,
        "current size": 62,
        "first": 474.48,
        "maximum": 474.48,
        "minimum": 474.48,
        "most_common": 474.48,
        "num_of_zeros": 0,
        "standard_deviation": 3.979039320256561e-13
    },
    "ecQ2_I_coarse": {
        "average": 377.1935483870965,
        "current size": 62,
        "first": 377.19,
        "maximum": 377.21,
        "minimum": 377.19,
        "most_common": 377.19,
        "num_of_zeros": 0,
        "standard_deviation": 0.007640464053107253
    },
    "ecQ2_Set_Current": {
        "average": 377.268,
        "current size": 62,
        "first": 377.268,
        "maximum": 377.268,
        "minimum": 377.268,
        "most_common": 377.268,
        "num_of_zeros": 0,
        "standard_deviation": 0.0
    },
    "ecQ3_I_coarse": {
        "average": 182.97683870967737,
        "current size": 62,
        "first": 182.992,
        "maximum": 182.992,
        "minimum": 182.972,
        "most_common": 182.972,
        "num_of_zeros": 0,
        "standard_deviation": 0.0085651084176385
    },
    "ecQ3_Set_Current": {
        "average": 183.44599999999994,
        "current size": 62,
        "first": 183.446,
        "maximum": 183.446,
        "minimum": 183.446,
        "most_common": 183.446,
        "num_of_zeros": 0,
        "standard_deviation": 5.684341886080802e-14
    },
    "ecSDI_I_coarse": {
        "average": 833.964,
        "current size": 62,
        "first": 833.964,
        "maximum": 833.964,
        "minimum": 833.964,
        "most_common": 833.964,
        "num_of_zeros": 0,
        "standard_deviation": 0.0
    },
    "ecSDI_Set_Current": {
        "average": 834.3430000000006,
        "current size": 62,
        "first": 834.343,
        "maximum": 834.343,
        "minimum": 834.343,
        "most_common": 834.343,
        "num_of_zeros": 0,
        "standard_deviation": 6.821210263296962e-13
    },
    "ecSHB_I_coarse": {
        "average": 863.8410645161299,
        "current size": 62,
        "first": 863.836,
        "maximum": 863.993,
        "minimum": 863.836,
        "most_common": 863.836,
        "num_of_zeros": 0,
        "standard_deviation": 0.027739497267204025
    },
    "ecSHB_Set_Current": {
        "average": 865.4680000000006,
        "current size": 62,
        "first": 865.468,
        "maximum": 865.468,
        "minimum": 865.468,
        "most_common": 865.468,
        "num_of_zeros": 0,
        "standard_deviation": 6.821210263296962e-13
    },
    "ecSQ1_I_coarse": {
        "average": 549.2410000000008,
        "current size": 62,
        "first": 549.258,
        "maximum": 549.258,
        "minimum": 549.196,
        "most_common": 549.196,
        "num_of_zeros": 0,
        "standard_deviation": 0.02765863337188391
    },
    "ecSQ1_Set_Current": {
        "average": 549.0710000000001,
        "current size": 62,
        "first": 549.071,
        "maximum": 549.071,
        "minimum": 549.071,
        "most_common": 549.071,
        "num_of_zeros": 0,
        "standard_deviation": 1.1368683772161603e-13
    },
    "ecSQ2_I_coarse": {
        "average": 921.9130000000004,
        "current size": 62,
        "first": 921.913,
        "maximum": 921.913,
        "minimum": 921.913,
        "most_common": 921.913,
        "num_of_zeros": 0,
        "standard_deviation": 3.410605131648481e-13
    },
    "ecSQ2_Set_Current": {
        "average": 922.2620000000009,
        "current size": 62,
        "first": 922.262,
        "maximum": 922.262,
        "minimum": 922.262,
        "most_common": 922.262,
        "num_of_zeros": 0,
        "standard_deviation": 9.094947017729282e-13
    },
    "ecSQ3_I_coarse": {
        "average": 607.3751774193554,
        "current size": 62,
        "first": 607.364,
        "maximum": 607.427,
        "minimum": 607.364,
        "most_common": 607.364,
        "num_of_zeros": 0,
        "standard_deviation": 0.024067461767305235
    },
    "ecSQ3_Set_Current": {
        "average": 606.8399999999996,
        "current size": 62,
        "first": 606.84,
        "maximum": 606.84,
        "minimum": 606.84,
        "most_common": 606.84,
        "num_of_zeros": 0,
        "standard_deviation": 4.547473508864641e-13
    },
    "hcBDSPOS": {
        "average": 24018300.0,
        "current size": 62,
        "first": 24018300.0,
        "maximum": 24018300.0,
        "minimum": 24018300.0,
        "most_common": 24018300.0,
        "num_of_zeros": 0,
        "standard_deviation": 0.0
    }
}
