{
    "RunNumber": "23972",
    "ecDI_B_Set_NMR": {
        "average": 0.41913999999999985,
        "current size": 49,
        "first": 0.41914,
        "maximum": 0.41914,
        "minimum": 0.41914,
        "most_common": 0.41914,
        "num_of_zeros": 0,
        "standard_deviation": 1.6653345369377348e-16
    },
    "ecDI_B_True_NMR": {
        "average": 1.055615714285714,
        "current size": 49,
        "first": 1.05564,
        "maximum": 1.05571,
        "minimum": 1.05554,
        "most_common": 1.05563,
        "num_of_zeros": 0,
        "standard_deviation": 3.827931716278341e-05
    },
    "ecDI_I_coarse": {
        "average": 464.6449591836737,
        "current size": 49,
        "first": 464.644,
        "maximum": 464.691,
        "minimum": 464.644,
        "most_common": 464.644,
        "num_of_zeros": 0,
        "standard_deviation": 0.006645419424953701
    },
    "ecDI_Set_Current": {
        "average": 467.5370000000002,
        "current size": 49,
        "first": 467.537,
        "maximum": 467.537,
        "minimum": 467.537,
        "most_common": 467.537,
        "num_of_zeros": 0,
        "standard_deviation": 2.2737367544323206e-13
    },
    "ecQ1_I_coarse": {
        "average": 199.27202040816346,
        "current size": 49,
        "first": 199.279,
        "maximum": 199.279,
        "minimum": 199.26,
        "most_common": 199.26,
        "num_of_zeros": 0,
        "standard_deviation": 0.009159560179975556
    },
    "ecQ1_Set_Current": {
        "average": 199.37999999999994,
        "current size": 49,
        "first": 199.38,
        "maximum": 199.38,
        "minimum": 199.38,
        "most_common": 199.38,
        "num_of_zeros": 0,
        "standard_deviation": 5.684341886080802e-14
    },
    "ecQ2_I_coarse": {
        "average": 158.31855102040814,
        "current size": 49,
        "first": 158.321,
        "maximum": 158.321,
        "minimum": 158.301,
        "most_common": 158.301,
        "num_of_zeros": 0,
        "standard_deviation": 0.006556072818047845
    },
    "ecQ2_Set_Current": {
        "average": 158.4359999999999,
        "current size": 49,
        "first": 158.436,
        "maximum": 158.436,
        "minimum": 158.436,
        "most_common": 158.436,
        "num_of_zeros": 0,
        "standard_deviation": 1.1368683772161603e-13
    },
    "ecQ3_I_coarse": {
        "average": 76.51450000000001,
        "current size": 49,
        "first": 76.5189,
        "maximum": 76.5189,
        "minimum": 76.4993,
        "most_common": 76.4993,
        "num_of_zeros": 0,
        "standard_deviation": 0.008178019320103078
    },
    "ecQ3_Set_Current": {
        "average": 76.96360000000003,
        "current size": 49,
        "first": 76.9636,
        "maximum": 76.9636,
        "minimum": 76.9636,
        "most_common": 76.9636,
        "num_of_zeros": 0,
        "standard_deviation": 2.842170943040401e-14
    },
    "ecSDI_I_coarse": {
        "average": 2086.227959183674,
        "current size": 49,
        "first": 2086.22,
        "maximum": 2086.35,
        "minimum": 2086.22,
        "most_common": 2086.22,
        "num_of_zeros": 0,
        "standard_deviation": 0.031166412575152576
    },
    "ecSDI_Set_Current": {
        "average": 2086.0200000000004,
        "current size": 49,
        "first": 2086.02,
        "maximum": 2086.02,
        "minimum": 2086.02,
        "most_common": 2086.02,
        "num_of_zeros": 0,
        "standard_deviation": 4.547473508864641e-13
    },
    "ecSHB_I_coarse": {
        "average": 2203.6199999999985,
        "current size": 49,
        "first": 2203.62,
        "maximum": 2203.62,
        "minimum": 2203.62,
        "most_common": 2203.62,
        "num_of_zeros": 0,
        "standard_deviation": 1.3642420526593924e-12
    },
    "ecSHB_Set_Current": {
        "average": 2206.6999999999985,
        "current size": 49,
        "first": 2206.7,
        "maximum": 2206.7,
        "minimum": 2206.7,
        "most_common": 2206.7,
        "num_of_zeros": 0,
        "standard_deviation": 1.3642420526593924e-12
    },
    "ecSQ1_I_coarse": {
        "average": 1377.0502040816339,
        "current size": 49,
        "first": 1377.05,
        "maximum": 1377.12,
        "minimum": 1376.99,
        "most_common": 1377.05,
        "num_of_zeros": 0,
        "standard_deviation": 0.01316919657541797
    },
    "ecSQ1_Set_Current": {
        "average": 1376.580000000001,
        "current size": 49,
        "first": 1376.58,
        "maximum": 1376.58,
        "minimum": 1376.58,
        "most_common": 1376.58,
        "num_of_zeros": 0,
        "standard_deviation": 1.1368683772161603e-12
    },
    "ecSQ2_I_coarse": {
        "average": 2304.270204081632,
        "current size": 49,
        "first": 2304.28,
        "maximum": 2304.28,
        "minimum": 2304.22,
        "most_common": 2304.22,
        "num_of_zeros": 0,
        "standard_deviation": 0.0221764533996681
    },
    "ecSQ2_Set_Current": {
        "average": 2305.8300000000013,
        "current size": 49,
        "first": 2305.83,
        "maximum": 2305.83,
        "minimum": 2305.83,
        "most_common": 2305.83,
        "num_of_zeros": 0,
        "standard_deviation": 1.3642420526593924e-12
    },
    "ecSQ3_I_coarse": {
        "average": 1518.6204081632652,
        "current size": 49,
        "first": 1518.58,
        "maximum": 1518.64,
        "minimum": 1518.58,
        "most_common": 1518.58,
        "num_of_zeros": 0,
        "standard_deviation": 0.02813663337087955
    },
    "ecSQ3_Set_Current": {
        "average": 1517.220000000001,
        "current size": 49,
        "first": 1517.22,
        "maximum": 1517.22,
        "minimum": 1517.22,
        "most_common": 1517.22,
        "num_of_zeros": 0,
        "standard_deviation": 9.094947017729282e-13
    },
    "hcBDSPOS": {
        "average": 4030050.0,
        "current size": 49,
        "first": 4030050.0,
        "maximum": 4030050.0,
        "minimum": 4030050.0,
        "most_common": 4030050.0,
        "num_of_zeros": 0,
        "standard_deviation": 0.0
    }
}
