{
    "RunNumber": "24972",
    "ecDI_B_Set_NMR": {
        "average": 0.9970569999999995,
        "current size": 60,
        "first": 0.997057,
        "maximum": 0.997057,
        "minimum": 0.997057,
        "most_common": 0.997057,
        "num_of_zeros": 0,
        "standard_deviation": 4.440892098500626e-16
    },
    "ecDI_B_True_NMR": {
        "average": 0.9970547333333335,
        "current size": 60,
        "first": 0.997055,
        "maximum": 0.997057,
        "minimum": 0.997052,
        "most_common": 0.997055,
        "num_of_zeros": 0,
        "standard_deviation": 9.80929264651977e-07
    },
    "ecDI_I_coarse": {
        "average": 1113.025,
        "current size": 60,
        "first": 1113.04,
        "maximum": 1113.04,
        "minimum": 1112.99,
        "most_common": 1112.99,
        "num_of_zeros": 0,
        "standard_deviation": 0.022912878474758352
    },
    "ecDI_Set_Current": {
        "average": 1117.07,
        "current size": 60,
        "first": 1117.07,
        "maximum": 1117.07,
        "minimum": 1117.07,
        "most_common": 1117.07,
        "num_of_zeros": 0,
        "standard_deviation": 0.0
    },
    "ecQ1_I_coarse": {
        "average": 474.1803333333336,
        "current size": 60,
        "first": 474.181,
        "maximum": 474.181,
        "minimum": 474.161,
        "most_common": 474.161,
        "num_of_zeros": 0,
        "standard_deviation": 0.003590109871419738
    },
    "ecQ1_Set_Current": {
        "average": 474.4799999999996,
        "current size": 60,
        "first": 474.48,
        "maximum": 474.48,
        "minimum": 474.48,
        "most_common": 474.48,
        "num_of_zeros": 0,
        "standard_deviation": 3.979039320256561e-13
    },
    "ecQ2_I_coarse": {
        "average": 377.1926666666664,
        "current size": 60,
        "first": 377.19,
        "maximum": 377.21,
        "minimum": 377.19,
        "most_common": 377.19,
        "num_of_zeros": 0,
        "standard_deviation": 0.006798692684784197
    },
    "ecQ2_Set_Current": {
        "average": 377.268,
        "current size": 60,
        "first": 377.268,
        "maximum": 377.268,
        "minimum": 377.268,
        "most_common": 377.268,
        "num_of_zeros": 0,
        "standard_deviation": 0.0
    },
    "ecQ3_I_coarse": {
        "average": 182.97699999999998,
        "current size": 60,
        "first": 182.972,
        "maximum": 182.992,
        "minimum": 182.972,
        "most_common": 182.972,
        "num_of_zeros": 0,
        "standard_deviation": 0.008660254037836511
    },
    "ecQ3_Set_Current": {
        "average": 183.44599999999994,
        "current size": 60,
        "first": 183.446,
        "maximum": 183.446,
        "minimum": 183.446,
        "most_common": 183.446,
        "num_of_zeros": 0,
        "standard_deviation": 5.684341886080802e-14
    },
    "ecSDI_I_coarse": {
        "average": 1158.5400000000004,
        "current size": 60,
        "first": 1158.54,
        "maximum": 1158.54,
        "minimum": 1158.54,
        "most_common": 1158.54,
        "num_of_zeros": 0,
        "standard_deviation": 4.547473508864641e-13
    },
    "ecSDI_Set_Current": {
        "average": 1158.8300000000013,
        "current size": 60,
        "first": 1158.83,
        "maximum": 1158.83,
        "minimum": 1158.83,
        "most_common": 1158.83,
        "num_of_zeros": 0,
        "standard_deviation": 1.3642420526593924e-12
    },
    "ecSHB_I_coarse": {
        "average": 1203.4000000000005,
        "current size": 60,
        "first": 1203.4,
        "maximum": 1203.4,
        "minimum": 1203.4,
        "most_common": 1203.4,
        "num_of_zeros": 0,
        "standard_deviation": 4.547473508864641e-13
    },
    "ecSHB_Set_Current": {
        "average": 1205.4700000000007,
        "current size": 60,
        "first": 1205.47,
        "maximum": 1205.47,
        "minimum": 1205.47,
        "most_common": 1205.47,
        "num_of_zeros": 0,
        "standard_deviation": 6.821210263296962e-13
    },
    "ecSQ1_I_coarse": {
        "average": 762.8136500000012,
        "current size": 60,
        "first": 762.821,
        "maximum": 762.821,
        "minimum": 762.758,
        "most_common": 762.758,
        "num_of_zeros": 0,
        "standard_deviation": 0.020224428298467344
    },
    "ecSQ1_Set_Current": {
        "average": 762.6100000000005,
        "current size": 60,
        "first": 762.61,
        "maximum": 762.61,
        "minimum": 762.61,
        "most_common": 762.61,
        "num_of_zeros": 0,
        "standard_deviation": 4.547473508864641e-13
    },
    "ecSQ2_I_coarse": {
        "average": 1280.2100000000003,
        "current size": 60,
        "first": 1280.21,
        "maximum": 1280.21,
        "minimum": 1280.21,
        "most_common": 1280.21,
        "num_of_zeros": 0,
        "standard_deviation": 2.2737367544323206e-13
    },
    "ecSQ2_Set_Current": {
        "average": 1280.9400000000012,
        "current size": 60,
        "first": 1280.94,
        "maximum": 1280.94,
        "minimum": 1280.94,
        "most_common": 1280.94,
        "num_of_zeros": 0,
        "standard_deviation": 1.1368683772161603e-12
    },
    "ecSQ3_I_coarse": {
        "average": 843.5482000000005,
        "current size": 60,
        "first": 843.586,
        "maximum": 843.586,
        "minimum": 843.523,
        "most_common": 843.523,
        "num_of_zeros": 0,
        "standard_deviation": 0.03086357075906224
    },
    "ecSQ3_Set_Current": {
        "average": 842.8459999999995,
        "current size": 60,
        "first": 842.846,
        "maximum": 842.846,
        "minimum": 842.846,
        "most_common": 842.846,
        "num_of_zeros": 0,
        "standard_deviation": 4.547473508864641e-13
    },
    "hcBDSPOS": {
        "average": 24018300.0,
        "current size": 60,
        "first": 24018300.0,
        "maximum": 24018300.0,
        "minimum": 24018300.0,
        "most_common": 24018300.0,
        "num_of_zeros": 0,
        "standard_deviation": 0.0
    }
}
