{
    "RunNumber": "24893",
    "ecDI_B_Set_NMR": {
        "average": 0.9970569999999996,
        "current size": 56,
        "first": 0.997057,
        "maximum": 0.997057,
        "minimum": 0.997057,
        "most_common": 0.997057,
        "num_of_zeros": 0,
        "standard_deviation": 3.3306690738754696e-16
    },
    "ecDI_B_True_NMR": {
        "average": 0.9970509999999999,
        "current size": 56,
        "first": 0.997051,
        "maximum": 0.997053,
        "minimum": 0.997049,
        "most_common": 0.997051,
        "num_of_zeros": 0,
        "standard_deviation": 9.258200997820428e-07
    },
    "ecDI_I_coarse": {
        "average": 1112.9807142857137,
        "current size": 56,
        "first": 1112.99,
        "maximum": 1112.99,
        "minimum": 1112.95,
        "most_common": 1112.95,
        "num_of_zeros": 0,
        "standard_deviation": 0.01688798631075163
    },
    "ecDI_Set_Current": {
        "average": 1117.0,
        "current size": 56,
        "first": 1117.0,
        "maximum": 1117.0,
        "minimum": 1117.0,
        "most_common": 1117.0,
        "num_of_zeros": 0,
        "standard_deviation": 0.0
    },
    "ecQ1_I_coarse": {
        "average": 474.17707142857165,
        "current size": 56,
        "first": 474.181,
        "maximum": 474.181,
        "minimum": 474.161,
        "most_common": 474.161,
        "num_of_zeros": 0,
        "standard_deviation": 0.00794592695045241
    },
    "ecQ1_Set_Current": {
        "average": 474.4799999999996,
        "current size": 56,
        "first": 474.48,
        "maximum": 474.48,
        "minimum": 474.48,
        "most_common": 474.48,
        "num_of_zeros": 0,
        "standard_deviation": 3.979039320256561e-13
    },
    "ecQ2_I_coarse": {
        "average": 377.1917857142856,
        "current size": 56,
        "first": 377.19,
        "maximum": 377.21,
        "minimum": 377.19,
        "most_common": 377.19,
        "num_of_zeros": 0,
        "standard_deviation": 0.005703114079520282
    },
    "ecQ2_Set_Current": {
        "average": 377.268,
        "current size": 56,
        "first": 377.268,
        "maximum": 377.268,
        "minimum": 377.268,
        "most_common": 377.268,
        "num_of_zeros": 0,
        "standard_deviation": 0.0
    },
    "ecQ3_I_coarse": {
        "average": 182.97199999999992,
        "current size": 56,
        "first": 182.972,
        "maximum": 182.972,
        "minimum": 182.972,
        "most_common": 182.972,
        "num_of_zeros": 0,
        "standard_deviation": 8.526512829121202e-14
    },
    "ecQ3_Set_Current": {
        "average": 183.44599999999994,
        "current size": 56,
        "first": 183.446,
        "maximum": 183.446,
        "minimum": 183.446,
        "most_common": 183.446,
        "num_of_zeros": 0,
        "standard_deviation": 5.684341886080802e-14
    },
    "ecSDI_I_coarse": {
        "average": 2086.1792857142877,
        "current size": 56,
        "first": 2086.1,
        "maximum": 2086.22,
        "minimum": 2086.1,
        "most_common": 2086.1,
        "num_of_zeros": 0,
        "standard_deviation": 0.05681602964378913
    },
    "ecSDI_Set_Current": {
        "average": 2086.020000000001,
        "current size": 56,
        "first": 2086.02,
        "maximum": 2086.02,
        "minimum": 2086.02,
        "most_common": 2086.02,
        "num_of_zeros": 0,
        "standard_deviation": 9.094947017729282e-13
    },
    "ecSHB_I_coarse": {
        "average": 2203.534285714286,
        "current size": 56,
        "first": 2203.47,
        "maximum": 2203.62,
        "minimum": 2203.47,
        "most_common": 2203.47,
        "num_of_zeros": 0,
        "standard_deviation": 0.07423074889585404
    },
    "ecSHB_Set_Current": {
        "average": 2206.699999999998,
        "current size": 56,
        "first": 2206.7,
        "maximum": 2206.7,
        "minimum": 2206.7,
        "most_common": 2206.7,
        "num_of_zeros": 0,
        "standard_deviation": 1.8189894035458565e-12
    },
    "ecSQ1_I_coarse": {
        "average": 1376.9942857142858,
        "current size": 56,
        "first": 1376.99,
        "maximum": 1377.05,
        "minimum": 1376.99,
        "most_common": 1376.99,
        "num_of_zeros": 0,
        "standard_deviation": 0.015452362609117339
    },
    "ecSQ1_Set_Current": {
        "average": 1376.5800000000013,
        "current size": 56,
        "first": 1376.58,
        "maximum": 1376.58,
        "minimum": 1376.58,
        "most_common": 1376.58,
        "num_of_zeros": 0,
        "standard_deviation": 1.3642420526593924e-12
    },
    "ecSQ2_I_coarse": {
        "average": 2304.226428571429,
        "current size": 56,
        "first": 2304.22,
        "maximum": 2304.28,
        "minimum": 2304.22,
        "most_common": 2304.22,
        "num_of_zeros": 0,
        "standard_deviation": 0.018557687224076035
    },
    "ecSQ2_Set_Current": {
        "average": 2305.8300000000013,
        "current size": 56,
        "first": 2305.83,
        "maximum": 2305.83,
        "minimum": 2305.83,
        "most_common": 2305.83,
        "num_of_zeros": 0,
        "standard_deviation": 1.3642420526593924e-12
    },
    "ecSQ3_I_coarse": {
        "average": 1518.5187499999995,
        "current size": 56,
        "first": 1518.51,
        "maximum": 1518.58,
        "minimum": 1518.51,
        "most_common": 1518.51,
        "num_of_zeros": 0,
        "standard_deviation": 0.023150323971794104
    },
    "ecSQ3_Set_Current": {
        "average": 1517.220000000001,
        "current size": 56,
        "first": 1517.22,
        "maximum": 1517.22,
        "minimum": 1517.22,
        "most_common": 1517.22,
        "num_of_zeros": 0,
        "standard_deviation": 9.094947017729282e-13
    },
    "hcBDSPOS": {
        "average": 9538140.0,
        "current size": 56,
        "first": 9538140.0,
        "maximum": 9538140.0,
        "minimum": 9538140.0,
        "most_common": 9538140.0,
        "num_of_zeros": 0,
        "standard_deviation": 0.0
    }
}
