{
    "RunNumber": "23862",
    "ecDI_B_Set_NMR": {
        "average": 0.4191399999999997,
        "current size": 57,
        "first": 0.41914,
        "maximum": 0.41914,
        "minimum": 0.41914,
        "most_common": 0.41914,
        "num_of_zeros": 0,
        "standard_deviation": 3.3306690738754696e-16
    },
    "ecDI_B_True_NMR": {
        "average": 0.18076366666666674,
        "current size": 57,
        "first": 0.180763,
        "maximum": 0.180764,
        "minimum": 0.180763,
        "most_common": 0.180763,
        "num_of_zeros": 0,
        "standard_deviation": 4.714045207915032e-07
    },
    "ecDI_I_coarse": {
        "average": 467.029526315789,
        "current size": 57,
        "first": 467.032,
        "maximum": 467.032,
        "minimum": 466.985,
        "most_common": 466.985,
        "num_of_zeros": 0,
        "standard_deviation": 0.0104949532786565
    },
    "ecDI_Set_Current": {
        "average": 470.0,
        "current size": 57,
        "first": 470.0,
        "maximum": 470.0,
        "minimum": 470.0,
        "most_common": 470.0,
        "num_of_zeros": 0,
        "standard_deviation": 0.0
    },
    "ecQ1_I_coarse": {
        "average": 199.27033333333358,
        "current size": 57,
        "first": 199.26,
        "maximum": 199.279,
        "minimum": 199.26,
        "most_common": 199.26,
        "num_of_zeros": 0,
        "standard_deviation": 0.009463379711054978
    },
    "ecQ1_Set_Current": {
        "average": 199.37999999999982,
        "current size": 57,
        "first": 199.38,
        "maximum": 199.38,
        "minimum": 199.38,
        "most_common": 199.38,
        "num_of_zeros": 0,
        "standard_deviation": 1.7053025658242404e-13
    },
    "ecQ2_I_coarse": {
        "average": 158.3136315789474,
        "current size": 57,
        "first": 158.321,
        "maximum": 158.321,
        "minimum": 158.301,
        "most_common": 158.301,
        "num_of_zeros": 0,
        "standard_deviation": 0.00964752777885934
    },
    "ecQ2_Set_Current": {
        "average": 158.43599999999986,
        "current size": 57,
        "first": 158.436,
        "maximum": 158.436,
        "minimum": 158.436,
        "most_common": 158.436,
        "num_of_zeros": 0,
        "standard_deviation": 1.4210854715202004e-13
    },
    "ecQ3_I_coarse": {
        "average": 76.51786842105265,
        "current size": 57,
        "first": 76.5189,
        "maximum": 76.5189,
        "minimum": 76.4993,
        "most_common": 76.4993,
        "num_of_zeros": 0,
        "standard_deviation": 0.004376618814080269
    },
    "ecQ3_Set_Current": {
        "average": 76.96360000000003,
        "current size": 57,
        "first": 76.9636,
        "maximum": 76.9636,
        "minimum": 76.9636,
        "most_common": 76.9636,
        "num_of_zeros": 0,
        "standard_deviation": 2.842170943040401e-14
    },
    "ecSDI_I_coarse": {
        "average": 1158.644912280701,
        "current size": 57,
        "first": 1158.67,
        "maximum": 1158.67,
        "minimum": 1158.54,
        "most_common": 1158.54,
        "num_of_zeros": 0,
        "standard_deviation": 0.05130311734377147
    },
    "ecSDI_Set_Current": {
        "average": 1158.8300000000013,
        "current size": 57,
        "first": 1158.83,
        "maximum": 1158.83,
        "minimum": 1158.83,
        "most_common": 1158.83,
        "num_of_zeros": 0,
        "standard_deviation": 1.3642420526593924e-12
    },
    "ecSHB_I_coarse": {
        "average": 1203.550000000001,
        "current size": 57,
        "first": 1203.55,
        "maximum": 1203.55,
        "minimum": 1203.55,
        "most_common": 1203.55,
        "num_of_zeros": 0,
        "standard_deviation": 1.1368683772161603e-12
    },
    "ecSHB_Set_Current": {
        "average": 1205.4700000000007,
        "current size": 57,
        "first": 1205.47,
        "maximum": 1205.47,
        "minimum": 1205.47,
        "most_common": 1205.47,
        "num_of_zeros": 0,
        "standard_deviation": 6.821210263296962e-13
    },
    "ecSQ1_I_coarse": {
        "average": 762.865596491229,
        "current size": 57,
        "first": 762.883,
        "maximum": 762.883,
        "minimum": 762.821,
        "most_common": 762.821,
        "num_of_zeros": 0,
        "standard_deviation": 0.027859207208485073
    },
    "ecSQ1_Set_Current": {
        "average": 762.6100000000005,
        "current size": 57,
        "first": 762.61,
        "maximum": 762.61,
        "minimum": 762.61,
        "most_common": 762.61,
        "num_of_zeros": 0,
        "standard_deviation": 4.547473508864641e-13
    },
    "ecSQ2_I_coarse": {
        "average": 1280.2142105263156,
        "current size": 57,
        "first": 1280.21,
        "maximum": 1280.27,
        "minimum": 1280.21,
        "most_common": 1280.21,
        "num_of_zeros": 0,
        "standard_deviation": 0.015326547135313468
    },
    "ecSQ2_Set_Current": {
        "average": 1280.940000000001,
        "current size": 57,
        "first": 1280.94,
        "maximum": 1280.94,
        "minimum": 1280.94,
        "most_common": 1280.94,
        "num_of_zeros": 0,
        "standard_deviation": 9.094947017729282e-13
    },
    "ecSQ3_I_coarse": {
        "average": 843.6491052631585,
        "current size": 57,
        "first": 843.648,
        "maximum": 843.711,
        "minimum": 843.648,
        "most_common": 843.648,
        "num_of_zeros": 0,
        "standard_deviation": 0.00827103211813031
    },
    "ecSQ3_Set_Current": {
        "average": 842.8459999999997,
        "current size": 57,
        "first": 842.846,
        "maximum": 842.846,
        "minimum": 842.846,
        "most_common": 842.846,
        "num_of_zeros": 0,
        "standard_deviation": 3.410605131648481e-13
    },
    "hcBDSPOS": {
        "average": 31648900.0,
        "current size": 57,
        "first": 31648900.0,
        "maximum": 31648900.0,
        "minimum": 31648900.0,
        "most_common": 31648900.0,
        "num_of_zeros": 0,
        "standard_deviation": 0.0
    }
}
