{
    "RunNumber": "25207",
    "ecDI_B_Set_NMR": {
        "average": 0.9970569999999992,
        "current size": 79,
        "first": 0.997057,
        "maximum": 0.997057,
        "minimum": 0.997057,
        "most_common": 0.997057,
        "num_of_zeros": 0,
        "standard_deviation": 7.771561172376096e-16
    },
    "ecDI_B_True_NMR": {
        "average": 0.9969694556962031,
        "current size": 79,
        "first": 0.99697,
        "maximum": 0.996971,
        "minimum": 0.996967,
        "most_common": 0.99697,
        "num_of_zeros": 0,
        "standard_deviation": 8.388881785405606e-07
    },
    "ecDI_I_coarse": {
        "average": 1112.9636708860753,
        "current size": 79,
        "first": 1112.95,
        "maximum": 1112.99,
        "minimum": 1112.95,
        "most_common": 1112.95,
        "num_of_zeros": 0,
        "standard_deviation": 0.01897214581790193
    },
    "ecDI_Set_Current": {
        "average": 1117.0,
        "current size": 79,
        "first": 1117.0,
        "maximum": 1117.0,
        "minimum": 1117.0,
        "most_common": 1117.0,
        "num_of_zeros": 0,
        "standard_deviation": 0.0
    },
    "ecQ1_I_coarse": {
        "average": 474.18484810126574,
        "current size": 79,
        "first": 474.181,
        "maximum": 474.2,
        "minimum": 474.181,
        "most_common": 474.181,
        "num_of_zeros": 0,
        "standard_deviation": 0.007635839226872149
    },
    "ecQ1_Set_Current": {
        "average": 474.4800000000001,
        "current size": 79,
        "first": 474.48,
        "maximum": 474.48,
        "minimum": 474.48,
        "most_common": 474.48,
        "num_of_zeros": 0,
        "standard_deviation": 5.684341886080802e-14
    },
    "ecQ2_I_coarse": {
        "average": 377.1948101265816,
        "current size": 79,
        "first": 377.21,
        "maximum": 377.21,
        "minimum": 377.19,
        "most_common": 377.19,
        "num_of_zeros": 0,
        "standard_deviation": 0.008547819248667737
    },
    "ecQ2_Set_Current": {
        "average": 377.268,
        "current size": 79,
        "first": 377.268,
        "maximum": 377.268,
        "minimum": 377.268,
        "most_common": 377.268,
        "num_of_zeros": 0,
        "standard_deviation": 0.0
    },
    "ecQ3_I_coarse": {
        "average": 182.97605063291132,
        "current size": 79,
        "first": 182.972,
        "maximum": 182.992,
        "minimum": 182.972,
        "most_common": 182.972,
        "num_of_zeros": 0,
        "standard_deviation": 0.00803772550196107
    },
    "ecQ3_Set_Current": {
        "average": 183.44599999999994,
        "current size": 79,
        "first": 183.446,
        "maximum": 183.446,
        "minimum": 183.446,
        "most_common": 183.446,
        "num_of_zeros": 0,
        "standard_deviation": 5.684341886080802e-14
    },
    "ecSDI_I_coarse": {
        "average": 833.964,
        "current size": 79,
        "first": 833.964,
        "maximum": 833.964,
        "minimum": 833.964,
        "most_common": 833.964,
        "num_of_zeros": 0,
        "standard_deviation": 0.0
    },
    "ecSDI_Set_Current": {
        "average": 834.3430000000006,
        "current size": 79,
        "first": 834.343,
        "maximum": 834.343,
        "minimum": 834.343,
        "most_common": 834.343,
        "num_of_zeros": 0,
        "standard_deviation": 6.821210263296962e-13
    },
    "ecSHB_I_coarse": {
        "average": 863.8399746835453,
        "current size": 79,
        "first": 863.836,
        "maximum": 863.993,
        "minimum": 863.836,
        "most_common": 863.836,
        "num_of_zeros": 0,
        "standard_deviation": 0.024662262815456328
    },
    "ecSHB_Set_Current": {
        "average": 865.4680000000003,
        "current size": 79,
        "first": 865.468,
        "maximum": 865.468,
        "minimum": 865.468,
        "most_common": 865.468,
        "num_of_zeros": 0,
        "standard_deviation": 3.410605131648481e-13
    },
    "ecSQ1_I_coarse": {
        "average": 549.2297468354442,
        "current size": 79,
        "first": 549.196,
        "maximum": 549.258,
        "minimum": 549.196,
        "most_common": 549.196,
        "num_of_zeros": 0,
        "standard_deviation": 0.030878064949883658
    },
    "ecSQ1_Set_Current": {
        "average": 549.0710000000009,
        "current size": 79,
        "first": 549.071,
        "maximum": 549.071,
        "minimum": 549.071,
        "most_common": 549.071,
        "num_of_zeros": 0,
        "standard_deviation": 9.094947017729282e-13
    },
    "ecSQ2_I_coarse": {
        "average": 921.9130000000002,
        "current size": 79,
        "first": 921.913,
        "maximum": 921.913,
        "minimum": 921.913,
        "most_common": 921.913,
        "num_of_zeros": 0,
        "standard_deviation": 2.2737367544323206e-13
    },
    "ecSQ2_Set_Current": {
        "average": 922.2620000000012,
        "current size": 79,
        "first": 922.262,
        "maximum": 922.262,
        "minimum": 922.262,
        "most_common": 922.262,
        "num_of_zeros": 0,
        "standard_deviation": 1.2505552149377763e-12
    },
    "ecSQ3_I_coarse": {
        "average": 607.3927088607604,
        "current size": 79,
        "first": 607.427,
        "maximum": 607.427,
        "minimum": 607.364,
        "most_common": 607.364,
        "num_of_zeros": 0,
        "standard_deviation": 0.031376098255515066
    },
    "ecSQ3_Set_Current": {
        "average": 606.8399999999989,
        "current size": 79,
        "first": 606.84,
        "maximum": 606.84,
        "minimum": 606.84,
        "most_common": 606.84,
        "num_of_zeros": 0,
        "standard_deviation": 1.1368683772161603e-12
    },
    "hcBDSPOS": {
        "average": 24018300.0,
        "current size": 79,
        "first": 24018300.0,
        "maximum": 24018300.0,
        "minimum": 24018300.0,
        "most_common": 24018300.0,
        "num_of_zeros": 0,
        "standard_deviation": 0.0
    }
}
