{
    "RunNumber": "25522",
    "ecDI_B_Set_NMR": {
        "average": 1.7625000000000015,
        "current size": 52,
        "first": 1.7625,
        "maximum": 1.7625,
        "minimum": 1.7625,
        "most_common": 1.7625,
        "num_of_zeros": 0,
        "standard_deviation": 1.5543122344752192e-15
    },
    "ecDI_B_True_NMR": {
        "average": 1.7625238461538446,
        "current size": 52,
        "first": 1.76252,
        "maximum": 1.76253,
        "minimum": 1.76252,
        "most_common": 1.76252,
        "num_of_zeros": 0,
        "standard_deviation": 4.865042554029044e-06
    },
    "ecDI_I_coarse": {
        "average": 2150.531538461538,
        "current size": 52,
        "first": 2150.53,
        "maximum": 2150.57,
        "minimum": 2150.53,
        "most_common": 2150.53,
        "num_of_zeros": 0,
        "standard_deviation": 0.007692307692300698
    },
    "ecDI_Set_Current": {
        "average": 2156.0,
        "current size": 52,
        "first": 2156.0,
        "maximum": 2156.0,
        "minimum": 2156.0,
        "most_common": 2156.0,
        "num_of_zeros": 0,
        "standard_deviation": 0.0
    },
    "ecQ1_I_coarse": {
        "average": 831.266461538462,
        "current size": 52,
        "first": 831.273,
        "maximum": 831.273,
        "minimum": 831.253,
        "most_common": 831.253,
        "num_of_zeros": 0,
        "standard_deviation": 0.009381777628953362
    },
    "ecQ1_Set_Current": {
        "average": 831.7989999999993,
        "current size": 52,
        "first": 831.799,
        "maximum": 831.799,
        "minimum": 831.799,
        "most_common": 831.799,
        "num_of_zeros": 0,
        "standard_deviation": 6.821210263296962e-13
    },
    "ecQ2_I_coarse": {
        "average": 676.7651538461536,
        "current size": 52,
        "first": 676.764,
        "maximum": 676.784,
        "minimum": 676.764,
        "most_common": 676.764,
        "num_of_zeros": 0,
        "standard_deviation": 0.004663213712681198
    },
    "ecQ2_Set_Current": {
        "average": 676.7619999999996,
        "current size": 52,
        "first": 676.762,
        "maximum": 676.762,
        "minimum": 676.762,
        "most_common": 676.762,
        "num_of_zeros": 0,
        "standard_deviation": 3.410605131648481e-13
    },
    "ecQ3_I_coarse": {
        "average": 319.9663846153848,
        "current size": 52,
        "first": 319.966,
        "maximum": 319.986,
        "minimum": 319.966,
        "most_common": 319.966,
        "num_of_zeros": 0,
        "standard_deviation": 0.0027467032417447506
    },
    "ecQ3_Set_Current": {
        "average": 320.4449999999998,
        "current size": 52,
        "first": 320.445,
        "maximum": 320.445,
        "minimum": 320.445,
        "most_common": 320.445,
        "num_of_zeros": 0,
        "standard_deviation": 1.7053025658242404e-13
    },
    "ecSDI_I_coarse": {
        "average": 2028.6976923076909,
        "current size": 52,
        "first": 2028.79,
        "maximum": 2028.79,
        "minimum": 2028.67,
        "most_common": 2028.67,
        "num_of_zeros": 0,
        "standard_deviation": 0.05055900530812318
    },
    "ecSDI_Set_Current": {
        "average": 2028.5899999999976,
        "current size": 52,
        "first": 2028.59,
        "maximum": 2028.59,
        "minimum": 2028.59,
        "most_common": 2028.59,
        "num_of_zeros": 0,
        "standard_deviation": 2.2737367544323206e-12
    },
    "ecSHB_I_coarse": {
        "average": 2139.9600000000023,
        "current size": 52,
        "first": 2139.96,
        "maximum": 2139.96,
        "minimum": 2139.96,
        "most_common": 2139.96,
        "num_of_zeros": 0,
        "standard_deviation": 2.2737367544323206e-12
    },
    "ecSHB_Set_Current": {
        "average": 2142.9199999999987,
        "current size": 52,
        "first": 2142.92,
        "maximum": 2142.92,
        "minimum": 2142.92,
        "most_common": 2142.92,
        "num_of_zeros": 0,
        "standard_deviation": 1.3642420526593924e-12
    },
    "ecSQ1_I_coarse": {
        "average": 1338.1761538461556,
        "current size": 52,
        "first": 1338.22,
        "maximum": 1338.22,
        "minimum": 1338.16,
        "most_common": 1338.16,
        "num_of_zeros": 0,
        "standard_deviation": 0.026613605987677626
    },
    "ecSQ1_Set_Current": {
        "average": 1337.8899999999996,
        "current size": 52,
        "first": 1337.89,
        "maximum": 1337.89,
        "minimum": 1337.89,
        "most_common": 1337.89,
        "num_of_zeros": 0,
        "standard_deviation": 4.547473508864641e-13
    },
    "ecSQ2_I_coarse": {
        "average": 2240.839230769232,
        "current size": 52,
        "first": 2240.85,
        "maximum": 2240.85,
        "minimum": 2240.78,
        "most_common": 2240.78,
        "num_of_zeros": 0,
        "standard_deviation": 0.02525608486048268
    },
    "ecSQ2_Set_Current": {
        "average": 2242.3500000000017,
        "current size": 52,
        "first": 2242.35,
        "maximum": 2242.35,
        "minimum": 2242.35,
        "most_common": 2242.35,
        "num_of_zeros": 0,
        "standard_deviation": 1.8189894035458565e-12
    },
    "ecSQ3_I_coarse": {
        "average": 1476.6907692307682,
        "current size": 52,
        "first": 1476.7,
        "maximum": 1476.7,
        "minimum": 1476.64,
        "most_common": 1476.64,
        "num_of_zeros": 0,
        "standard_deviation": 0.021648072737626915
    },
    "ecSQ3_Set_Current": {
        "average": 1475.4499999999987,
        "current size": 52,
        "first": 1475.45,
        "maximum": 1475.45,
        "minimum": 1475.45,
        "most_common": 1475.45,
        "num_of_zeros": 0,
        "standard_deviation": 1.3642420526593924e-12
    },
    "hcBDSPOS": {
        "average": 8237620.0,
        "current size": 52,
        "first": 8237620.0,
        "maximum": 8237620.0,
        "minimum": 8237620.0,
        "most_common": 8237620.0,
        "num_of_zeros": 0,
        "standard_deviation": 0.0
    }
}
