{
    "RunNumber": "25461",
    "ecDI_B_Set_NMR": {
        "average": 0.9970570000000002,
        "current size": 19,
        "first": 0.997057,
        "maximum": 0.997057,
        "minimum": 0.997057,
        "most_common": 0.997057,
        "num_of_zeros": 0,
        "standard_deviation": 2.220446049250313e-16
    },
    "ecDI_B_True_NMR": {
        "average": 0.9970556315789474,
        "current size": 19,
        "first": 0.997056,
        "maximum": 0.997059,
        "minimum": 0.997055,
        "most_common": 0.997055,
        "num_of_zeros": 0,
        "standard_deviation": 9.846466807301883e-07
    },
    "ecDI_I_coarse": {
        "average": 1113.1026315789477,
        "current size": 19,
        "first": 1113.13,
        "maximum": 1113.13,
        "minimum": 1113.09,
        "most_common": 1113.09,
        "num_of_zeros": 0,
        "standard_deviation": 0.018593180771305298
    },
    "ecDI_Set_Current": {
        "average": 1117.1399999999999,
        "current size": 19,
        "first": 1117.14,
        "maximum": 1117.14,
        "minimum": 1117.14,
        "most_common": 1117.14,
        "num_of_zeros": 0,
        "standard_deviation": 2.2737367544323206e-13
    },
    "ecQ1_I_coarse": {
        "average": 474.1799473684209,
        "current size": 19,
        "first": 474.181,
        "maximum": 474.181,
        "minimum": 474.161,
        "most_common": 474.161,
        "num_of_zeros": 0,
        "standard_deviation": 0.004465937565384661
    },
    "ecQ1_Set_Current": {
        "average": 474.47999999999973,
        "current size": 19,
        "first": 474.48,
        "maximum": 474.48,
        "minimum": 474.48,
        "most_common": 474.48,
        "num_of_zeros": 0,
        "standard_deviation": 2.8421709430404007e-13
    },
    "ecQ2_I_coarse": {
        "average": 377.21,
        "current size": 19,
        "first": 377.21,
        "maximum": 377.21,
        "minimum": 377.21,
        "most_common": 377.21,
        "num_of_zeros": 0,
        "standard_deviation": 0.0
    },
    "ecQ2_Set_Current": {
        "average": 377.268,
        "current size": 19,
        "first": 377.268,
        "maximum": 377.268,
        "minimum": 377.268,
        "most_common": 377.268,
        "num_of_zeros": 0,
        "standard_deviation": 0.0
    },
    "ecQ3_I_coarse": {
        "average": 182.98778947368427,
        "current size": 19,
        "first": 182.992,
        "maximum": 182.992,
        "minimum": 182.972,
        "most_common": 182.972,
        "num_of_zeros": 0,
        "standard_deviation": 0.008153649149902934
    },
    "ecQ3_Set_Current": {
        "average": 183.44599999999994,
        "current size": 19,
        "first": 183.446,
        "maximum": 183.446,
        "minimum": 183.446,
        "most_common": 183.446,
        "num_of_zeros": 0,
        "standard_deviation": 5.684341886080802e-14
    },
    "ecSDI_I_coarse": {
        "average": 1158.5400000000004,
        "current size": 19,
        "first": 1158.54,
        "maximum": 1158.54,
        "minimum": 1158.54,
        "most_common": 1158.54,
        "num_of_zeros": 0,
        "standard_deviation": 4.547473508864641e-13
    },
    "ecSDI_Set_Current": {
        "average": 1158.8300000000002,
        "current size": 19,
        "first": 1158.83,
        "maximum": 1158.83,
        "minimum": 1158.83,
        "most_common": 1158.83,
        "num_of_zeros": 0,
        "standard_deviation": 2.2737367544323206e-13
    },
    "ecSHB_I_coarse": {
        "average": 1203.4157894736843,
        "current size": 19,
        "first": 1203.4,
        "maximum": 1203.55,
        "minimum": 1203.4,
        "most_common": 1203.4,
        "num_of_zeros": 0,
        "standard_deviation": 0.04603383074873683
    },
    "ecSHB_Set_Current": {
        "average": 1205.4700000000003,
        "current size": 19,
        "first": 1205.47,
        "maximum": 1205.47,
        "minimum": 1205.47,
        "most_common": 1205.47,
        "num_of_zeros": 0,
        "standard_deviation": 2.2737367544323206e-13
    },
    "ecSQ1_I_coarse": {
        "average": 762.7286315789473,
        "current size": 19,
        "first": 762.696,
        "maximum": 762.758,
        "minimum": 762.696,
        "most_common": 762.696,
        "num_of_zeros": 0,
        "standard_deviation": 0.030957033936391085
    },
    "ecSQ1_Set_Current": {
        "average": 762.6100000000002,
        "current size": 19,
        "first": 762.61,
        "maximum": 762.61,
        "minimum": 762.61,
        "most_common": 762.61,
        "num_of_zeros": 0,
        "standard_deviation": 2.2737367544323206e-13
    },
    "ecSQ2_I_coarse": {
        "average": 1280.2131578947365,
        "current size": 19,
        "first": 1280.21,
        "maximum": 1280.27,
        "minimum": 1280.21,
        "most_common": 1280.21,
        "num_of_zeros": 0,
        "standard_deviation": 0.013397812696153973
    },
    "ecSQ2_Set_Current": {
        "average": 1280.9399999999998,
        "current size": 19,
        "first": 1280.94,
        "maximum": 1280.94,
        "minimum": 1280.94,
        "most_common": 1280.94,
        "num_of_zeros": 0,
        "standard_deviation": 2.2737367544323206e-13
    },
    "ecSQ3_I_coarse": {
        "average": 843.5229999999996,
        "current size": 19,
        "first": 843.523,
        "maximum": 843.523,
        "minimum": 843.523,
        "most_common": 843.523,
        "num_of_zeros": 0,
        "standard_deviation": 4.547473508864641e-13
    },
    "ecSQ3_Set_Current": {
        "average": 842.8459999999997,
        "current size": 19,
        "first": 842.846,
        "maximum": 842.846,
        "minimum": 842.846,
        "most_common": 842.846,
        "num_of_zeros": 0,
        "standard_deviation": 3.410605131648481e-13
    },
    "hcBDSPOS": {
        "average": 4030050.0,
        "current size": 19,
        "first": 4030050.0,
        "maximum": 4030050.0,
        "minimum": 4030050.0,
        "most_common": 4030050.0,
        "num_of_zeros": 0,
        "standard_deviation": 0.0
    }
}
