{
    "RunNumber": "23896",
    "ecDI_B_Set_NMR": {
        "average": 0.4191399999999995,
        "current size": 67,
        "first": 0.41914,
        "maximum": 0.41914,
        "minimum": 0.41914,
        "most_common": 0.41914,
        "num_of_zeros": 0,
        "standard_deviation": 4.996003610813204e-16
    },
    "ecDI_B_True_NMR": {
        "average": 1.055660298507463,
        "current size": 67,
        "first": 1.05567,
        "maximum": 1.05575,
        "minimum": 1.05557,
        "most_common": 1.05566,
        "num_of_zeros": 0,
        "standard_deviation": 4.164419829344326e-05
    },
    "ecDI_I_coarse": {
        "average": 464.6341791044779,
        "current size": 67,
        "first": 464.597,
        "maximum": 464.644,
        "minimum": 464.597,
        "most_common": 464.597,
        "num_of_zeros": 0,
        "standard_deviation": 0.01910843009488151
    },
    "ecDI_Set_Current": {
        "average": 467.5370000000002,
        "current size": 67,
        "first": 467.537,
        "maximum": 467.537,
        "minimum": 467.537,
        "most_common": 467.537,
        "num_of_zeros": 0,
        "standard_deviation": 2.2737367544323206e-13
    },
    "ecQ1_I_coarse": {
        "average": 199.26935820895548,
        "current size": 67,
        "first": 199.26,
        "maximum": 199.279,
        "minimum": 199.26,
        "most_common": 199.26,
        "num_of_zeros": 0,
        "standard_deviation": 0.009498941798941242
    },
    "ecQ1_Set_Current": {
        "average": 199.37999999999974,
        "current size": 67,
        "first": 199.38,
        "maximum": 199.38,
        "minimum": 199.38,
        "most_common": 199.38,
        "num_of_zeros": 0,
        "standard_deviation": 2.5579538487363607e-13
    },
    "ecQ2_I_coarse": {
        "average": 158.3120447761194,
        "current size": 67,
        "first": 158.301,
        "maximum": 158.321,
        "minimum": 158.301,
        "most_common": 158.301,
        "num_of_zeros": 0,
        "standard_deviation": 0.009945272387442508
    },
    "ecQ2_Set_Current": {
        "average": 158.43599999999984,
        "current size": 67,
        "first": 158.436,
        "maximum": 158.436,
        "minimum": 158.436,
        "most_common": 158.436,
        "num_of_zeros": 0,
        "standard_deviation": 1.7053025658242404e-13
    },
    "ecQ3_I_coarse": {
        "average": 76.51831492537316,
        "current size": 67,
        "first": 76.5189,
        "maximum": 76.5189,
        "minimum": 76.4993,
        "most_common": 76.4993,
        "num_of_zeros": 0,
        "standard_deviation": 0.0033354385570059128
    },
    "ecQ3_Set_Current": {
        "average": 76.96360000000003,
        "current size": 67,
        "first": 76.9636,
        "maximum": 76.9636,
        "minimum": 76.9636,
        "most_common": 76.9636,
        "num_of_zeros": 0,
        "standard_deviation": 2.842170943040401e-14
    },
    "ecSDI_I_coarse": {
        "average": 833.982656716418,
        "current size": 67,
        "first": 834.089,
        "maximum": 834.089,
        "minimum": 833.964,
        "most_common": 833.964,
        "num_of_zeros": 0,
        "standard_deviation": 0.044542299948930275
    },
    "ecSDI_Set_Current": {
        "average": 834.3430000000006,
        "current size": 67,
        "first": 834.343,
        "maximum": 834.343,
        "minimum": 834.343,
        "most_common": 834.343,
        "num_of_zeros": 0,
        "standard_deviation": 6.821210263296962e-13
    },
    "ecSHB_I_coarse": {
        "average": 863.9320746268664,
        "current size": 67,
        "first": 863.836,
        "maximum": 863.993,
        "minimum": 863.836,
        "most_common": 863.836,
        "num_of_zeros": 0,
        "standard_deviation": 0.07650740154086612
    },
    "ecSHB_Set_Current": {
        "average": 865.4680000000006,
        "current size": 67,
        "first": 865.468,
        "maximum": 865.468,
        "minimum": 865.468,
        "most_common": 865.468,
        "num_of_zeros": 0,
        "standard_deviation": 6.821210263296962e-13
    },
    "ecSQ1_I_coarse": {
        "average": 549.2636417910456,
        "current size": 67,
        "first": 549.258,
        "maximum": 549.321,
        "minimum": 549.258,
        "most_common": 549.258,
        "num_of_zeros": 0,
        "standard_deviation": 0.01798896966554387
    },
    "ecSQ1_Set_Current": {
        "average": 549.0710000000004,
        "current size": 67,
        "first": 549.071,
        "maximum": 549.071,
        "minimum": 549.071,
        "most_common": 549.071,
        "num_of_zeros": 0,
        "standard_deviation": 3.410605131648481e-13
    },
    "ecSQ2_I_coarse": {
        "average": 921.9158208955228,
        "current size": 67,
        "first": 921.913,
        "maximum": 921.976,
        "minimum": 921.913,
        "most_common": 921.913,
        "num_of_zeros": 0,
        "standard_deviation": 0.013029158313650011
    },
    "ecSQ2_Set_Current": {
        "average": 922.262000000001,
        "current size": 67,
        "first": 922.262,
        "maximum": 922.262,
        "minimum": 922.262,
        "most_common": 922.262,
        "num_of_zeros": 0,
        "standard_deviation": 1.0231815394945443e-12
    },
    "ecSQ3_I_coarse": {
        "average": 607.4566119402991,
        "current size": 67,
        "first": 607.489,
        "maximum": 607.489,
        "minimum": 607.427,
        "most_common": 607.427,
        "num_of_zeros": 0,
        "standard_deviation": 0.030968908444849313
    },
    "ecSQ3_Set_Current": {
        "average": 606.8399999999993,
        "current size": 67,
        "first": 606.84,
        "maximum": 606.84,
        "minimum": 606.84,
        "most_common": 606.84,
        "num_of_zeros": 0,
        "standard_deviation": 6.821210263296962e-13
    },
    "hcBDSPOS": {
        "average": 24018300.0,
        "current size": 67,
        "first": 24018300.0,
        "maximum": 24018300.0,
        "minimum": 24018300.0,
        "most_common": 24018300.0,
        "num_of_zeros": 0,
        "standard_deviation": 0.0
    }
}
