{
    "RunNumber": "24400",
    "ecDI_B_Set_NMR": {
        "average": 0.41913999999999957,
        "current size": 62,
        "first": 0.41914,
        "maximum": 0.41914,
        "minimum": 0.41914,
        "most_common": 0.41914,
        "num_of_zeros": 0,
        "standard_deviation": 4.440892098500626e-16
    },
    "ecDI_B_True_NMR": {
        "average": 0.418297112903226,
        "current size": 62,
        "first": 0.418297,
        "maximum": 0.418299,
        "minimum": 0.418296,
        "most_common": 0.418297,
        "num_of_zeros": 0,
        "standard_deviation": 7.642166284188055e-07
    },
    "ecDI_I_coarse": {
        "average": 464.6023064516134,
        "current size": 62,
        "first": 464.644,
        "maximum": 464.644,
        "minimum": 464.597,
        "most_common": 464.597,
        "num_of_zeros": 0,
        "standard_deviation": 0.014874299885594883
    },
    "ecDI_Set_Current": {
        "average": 467.5370000000002,
        "current size": 62,
        "first": 467.537,
        "maximum": 467.537,
        "minimum": 467.537,
        "most_common": 467.537,
        "num_of_zeros": 0,
        "standard_deviation": 2.2737367544323206e-13
    },
    "ecQ1_I_coarse": {
        "average": 199.2630645161292,
        "current size": 62,
        "first": 199.26,
        "maximum": 199.279,
        "minimum": 199.26,
        "most_common": 199.26,
        "num_of_zeros": 0,
        "standard_deviation": 0.006988171960287042
    },
    "ecQ1_Set_Current": {
        "average": 199.3799999999998,
        "current size": 62,
        "first": 199.38,
        "maximum": 199.38,
        "minimum": 199.38,
        "most_common": 199.38,
        "num_of_zeros": 0,
        "standard_deviation": 1.9895196601282805e-13
    },
    "ecQ2_I_coarse": {
        "average": 158.31229032258062,
        "current size": 62,
        "first": 158.301,
        "maximum": 158.321,
        "minimum": 158.301,
        "most_common": 158.301,
        "num_of_zeros": 0,
        "standard_deviation": 0.009916403967062745
    },
    "ecQ2_Set_Current": {
        "average": 158.43599999999984,
        "current size": 62,
        "first": 158.436,
        "maximum": 158.436,
        "minimum": 158.436,
        "most_common": 158.436,
        "num_of_zeros": 0,
        "standard_deviation": 1.7053025658242404e-13
    },
    "ecQ3_I_coarse": {
        "average": 76.49930000000002,
        "current size": 62,
        "first": 76.4993,
        "maximum": 76.4993,
        "minimum": 76.4993,
        "most_common": 76.4993,
        "num_of_zeros": 0,
        "standard_deviation": 1.4210854715202004e-14
    },
    "ecQ3_Set_Current": {
        "average": 76.96360000000003,
        "current size": 62,
        "first": 76.9636,
        "maximum": 76.9636,
        "minimum": 76.9636,
        "most_common": 76.9636,
        "num_of_zeros": 0,
        "standard_deviation": 2.842170943040401e-14
    },
    "ecSDI_I_coarse": {
        "average": 1158.5400000000002,
        "current size": 62,
        "first": 1158.54,
        "maximum": 1158.54,
        "minimum": 1158.54,
        "most_common": 1158.54,
        "num_of_zeros": 0,
        "standard_deviation": 2.2737367544323206e-13
    },
    "ecSDI_Set_Current": {
        "average": 1158.8300000000013,
        "current size": 62,
        "first": 1158.83,
        "maximum": 1158.83,
        "minimum": 1158.83,
        "most_common": 1158.83,
        "num_of_zeros": 0,
        "standard_deviation": 1.3642420526593924e-12
    },
    "ecSHB_I_coarse": {
        "average": 1203.4241935483876,
        "current size": 62,
        "first": 1203.4,
        "maximum": 1203.55,
        "minimum": 1203.4,
        "most_common": 1203.4,
        "num_of_zeros": 0,
        "standard_deviation": 0.05516977863377907
    },
    "ecSHB_Set_Current": {
        "average": 1205.4700000000007,
        "current size": 62,
        "first": 1205.47,
        "maximum": 1205.47,
        "minimum": 1205.47,
        "most_common": 1205.47,
        "num_of_zeros": 0,
        "standard_deviation": 6.821210263296962e-13
    },
    "ecSQ1_I_coarse": {
        "average": 762.8209838709688,
        "current size": 62,
        "first": 762.821,
        "maximum": 762.883,
        "minimum": 762.758,
        "most_common": 762.821,
        "num_of_zeros": 0,
        "standard_deviation": 0.011225678994456239
    },
    "ecSQ1_Set_Current": {
        "average": 762.6100000000005,
        "current size": 62,
        "first": 762.61,
        "maximum": 762.61,
        "minimum": 762.61,
        "most_common": 762.61,
        "num_of_zeros": 0,
        "standard_deviation": 4.547473508864641e-13
    },
    "ecSQ2_I_coarse": {
        "average": 1280.2119354838715,
        "current size": 62,
        "first": 1280.27,
        "maximum": 1280.27,
        "minimum": 1280.21,
        "most_common": 1280.21,
        "num_of_zeros": 0,
        "standard_deviation": 0.010601081758154867
    },
    "ecSQ2_Set_Current": {
        "average": 1280.9400000000012,
        "current size": 62,
        "first": 1280.94,
        "maximum": 1280.94,
        "minimum": 1280.94,
        "most_common": 1280.94,
        "num_of_zeros": 0,
        "standard_deviation": 1.1368683772161603e-12
    },
    "ecSQ3_I_coarse": {
        "average": 843.5828870967748,
        "current size": 62,
        "first": 843.586,
        "maximum": 843.648,
        "minimum": 843.523,
        "most_common": 843.586,
        "num_of_zeros": 0,
        "standard_deviation": 0.026199670546258977
    },
    "ecSQ3_Set_Current": {
        "average": 842.8459999999994,
        "current size": 62,
        "first": 842.846,
        "maximum": 842.846,
        "minimum": 842.846,
        "most_common": 842.846,
        "num_of_zeros": 0,
        "standard_deviation": 5.684341886080801e-13
    },
    "hcBDSPOS": {
        "average": 9538140.0,
        "current size": 62,
        "first": 9538140.0,
        "maximum": 9538140.0,
        "minimum": 9538140.0,
        "most_common": 9538140.0,
        "num_of_zeros": 0,
        "standard_deviation": 0.0
    }
}
