{
    "RunNumber": "24200",
    "ecDI_B_Set_NMR": {
        "average": 0.4191399999999999,
        "current size": 23,
        "first": 0.41914,
        "maximum": 0.41914,
        "minimum": 0.41914,
        "most_common": 0.41914,
        "num_of_zeros": 0,
        "standard_deviation": 1.1102230246251565e-16
    },
    "ecDI_B_True_NMR": {
        "average": 0.418741304347826,
        "current size": 23,
        "first": 0.418921,
        "maximum": 0.418995,
        "minimum": 0.418536,
        "most_common": 0.418537,
        "num_of_zeros": 0,
        "standard_deviation": 0.00019681075323718634
    },
    "ecDI_I_coarse": {
        "average": 464.6399130434784,
        "current size": 23,
        "first": 464.644,
        "maximum": 464.644,
        "minimum": 464.597,
        "most_common": 464.597,
        "num_of_zeros": 0,
        "standard_deviation": 0.01324325273153628
    },
    "ecDI_Set_Current": {
        "average": 467.5370000000001,
        "current size": 23,
        "first": 467.537,
        "maximum": 467.537,
        "minimum": 467.537,
        "most_common": 467.537,
        "num_of_zeros": 0,
        "standard_deviation": 1.1368683772161603e-13
    },
    "ecQ1_I_coarse": {
        "average": 199.2649565217391,
        "current size": 23,
        "first": 199.26,
        "maximum": 199.279,
        "minimum": 199.26,
        "most_common": 199.26,
        "num_of_zeros": 0,
        "standard_deviation": 0.0083430692969102
    },
    "ecQ1_Set_Current": {
        "average": 199.38000000000008,
        "current size": 23,
        "first": 199.38,
        "maximum": 199.38,
        "minimum": 199.38,
        "most_common": 199.38,
        "num_of_zeros": 0,
        "standard_deviation": 8.526512829121202e-14
    },
    "ecQ2_I_coarse": {
        "average": 158.32013043478256,
        "current size": 23,
        "first": 158.321,
        "maximum": 158.321,
        "minimum": 158.301,
        "most_common": 158.301,
        "num_of_zeros": 0,
        "standard_deviation": 0.004078622399848548
    },
    "ecQ2_Set_Current": {
        "average": 158.43600000000006,
        "current size": 23,
        "first": 158.436,
        "maximum": 158.436,
        "minimum": 158.436,
        "most_common": 158.436,
        "num_of_zeros": 0,
        "standard_deviation": 5.684341886080802e-14
    },
    "ecQ3_I_coarse": {
        "average": 76.50611739130433,
        "current size": 23,
        "first": 76.4993,
        "maximum": 76.5189,
        "minimum": 76.4993,
        "most_common": 76.4993,
        "num_of_zeros": 0,
        "standard_deviation": 0.009335097501825729
    },
    "ecQ3_Set_Current": {
        "average": 76.96360000000003,
        "current size": 23,
        "first": 76.9636,
        "maximum": 76.9636,
        "minimum": 76.9636,
        "most_common": 76.9636,
        "num_of_zeros": 0,
        "standard_deviation": 2.842170943040401e-14
    },
    "ecSDI_I_coarse": {
        "average": 2086.2256521739137,
        "current size": 23,
        "first": 2086.22,
        "maximum": 2086.35,
        "minimum": 2086.22,
        "most_common": 2086.22,
        "num_of_zeros": 0,
        "standard_deviation": 0.02651104559902425
    },
    "ecSDI_Set_Current": {
        "average": 2086.019999999999,
        "current size": 23,
        "first": 2086.02,
        "maximum": 2086.02,
        "minimum": 2086.02,
        "most_common": 2086.02,
        "num_of_zeros": 0,
        "standard_deviation": 9.094947017729282e-13
    },
    "ecSHB_I_coarse": {
        "average": 2203.6200000000003,
        "current size": 23,
        "first": 2203.62,
        "maximum": 2203.62,
        "minimum": 2203.62,
        "most_common": 2203.62,
        "num_of_zeros": 0,
        "standard_deviation": 4.547473508864641e-13
    },
    "ecSHB_Set_Current": {
        "average": 2206.6999999999994,
        "current size": 23,
        "first": 2206.7,
        "maximum": 2206.7,
        "minimum": 2206.7,
        "most_common": 2206.7,
        "num_of_zeros": 0,
        "standard_deviation": 4.547473508864641e-13
    },
    "ecSQ1_I_coarse": {
        "average": 1377.0504347826081,
        "current size": 23,
        "first": 1377.05,
        "maximum": 1377.12,
        "minimum": 1376.99,
        "most_common": 1377.05,
        "num_of_zeros": 0,
        "standard_deviation": 0.019219161830678472
    },
    "ecSQ1_Set_Current": {
        "average": 1376.5800000000008,
        "current size": 23,
        "first": 1376.58,
        "maximum": 1376.58,
        "minimum": 1376.58,
        "most_common": 1376.58,
        "num_of_zeros": 0,
        "standard_deviation": 9.094947017729282e-13
    },
    "ecSQ2_I_coarse": {
        "average": 2304.251304347826,
        "current size": 23,
        "first": 2304.22,
        "maximum": 2304.28,
        "minimum": 2304.22,
        "most_common": 2304.22,
        "num_of_zeros": 0,
        "standard_deviation": 0.02997163119952875
    },
    "ecSQ2_Set_Current": {
        "average": 2305.8300000000013,
        "current size": 23,
        "first": 2305.83,
        "maximum": 2305.83,
        "minimum": 2305.83,
        "most_common": 2305.83,
        "num_of_zeros": 0,
        "standard_deviation": 1.3642420526593924e-12
    },
    "ecSQ3_I_coarse": {
        "average": 1518.6347826086953,
        "current size": 23,
        "first": 1518.58,
        "maximum": 1518.64,
        "minimum": 1518.58,
        "most_common": 1518.58,
        "num_of_zeros": 0,
        "standard_deviation": 0.016906280082851805
    },
    "ecSQ3_Set_Current": {
        "average": 1517.2200000000005,
        "current size": 23,
        "first": 1517.22,
        "maximum": 1517.22,
        "minimum": 1517.22,
        "most_common": 1517.22,
        "num_of_zeros": 0,
        "standard_deviation": 4.547473508864641e-13
    },
    "hcBDSPOS": {
        "average": 31648900.0,
        "current size": 23,
        "first": 31648900.0,
        "maximum": 31648900.0,
        "minimum": 31648900.0,
        "most_common": 31648900.0,
        "num_of_zeros": 0,
        "standard_deviation": 0.0
    }
}
