{
    "RunNumber": "25269",
    "ecDI_B_Set_NMR": {
        "average": 0.9970569999999995,
        "current size": 58,
        "first": 0.997057,
        "maximum": 0.997057,
        "minimum": 0.997057,
        "most_common": 0.997057,
        "num_of_zeros": 0,
        "standard_deviation": 4.440892098500626e-16
    },
    "ecDI_B_True_NMR": {
        "average": 0.9970562758620694,
        "current size": 58,
        "first": 0.997058,
        "maximum": 0.997058,
        "minimum": 0.997054,
        "most_common": 0.997056,
        "num_of_zeros": 0,
        "standard_deviation": 9.246267363806292e-07
    },
    "ecDI_I_coarse": {
        "average": 1113.0968965517225,
        "current size": 58,
        "first": 1113.13,
        "maximum": 1113.13,
        "minimum": 1113.09,
        "most_common": 1113.09,
        "num_of_zeros": 0,
        "standard_deviation": 0.015109587793318096
    },
    "ecDI_Set_Current": {
        "average": 1117.1100000000004,
        "current size": 58,
        "first": 1117.11,
        "maximum": 1117.11,
        "minimum": 1117.11,
        "most_common": 1117.11,
        "num_of_zeros": 0,
        "standard_deviation": 4.547473508864641e-13
    },
    "ecQ1_I_coarse": {
        "average": 474.195086206897,
        "current size": 58,
        "first": 474.2,
        "maximum": 474.2,
        "minimum": 474.181,
        "most_common": 474.181,
        "num_of_zeros": 0,
        "standard_deviation": 0.008319657823616374
    },
    "ecQ1_Set_Current": {
        "average": 474.4799999999996,
        "current size": 58,
        "first": 474.48,
        "maximum": 474.48,
        "minimum": 474.48,
        "most_common": 474.48,
        "num_of_zeros": 0,
        "standard_deviation": 3.979039320256561e-13
    },
    "ecQ2_I_coarse": {
        "average": 377.20931034482703,
        "current size": 58,
        "first": 377.21,
        "maximum": 377.21,
        "minimum": 377.19,
        "most_common": 377.19,
        "num_of_zeros": 0,
        "standard_deviation": 0.0036493121531892218
    },
    "ecQ2_Set_Current": {
        "average": 377.268,
        "current size": 58,
        "first": 377.268,
        "maximum": 377.268,
        "minimum": 377.268,
        "most_common": 377.268,
        "num_of_zeros": 0,
        "standard_deviation": 0.0
    },
    "ecQ3_I_coarse": {
        "average": 182.9882068965518,
        "current size": 58,
        "first": 182.992,
        "maximum": 182.992,
        "minimum": 182.972,
        "most_common": 182.972,
        "num_of_zeros": 0,
        "standard_deviation": 0.00784056344889085
    },
    "ecQ3_Set_Current": {
        "average": 183.44599999999994,
        "current size": 58,
        "first": 183.446,
        "maximum": 183.446,
        "minimum": 183.446,
        "most_common": 183.446,
        "num_of_zeros": 0,
        "standard_deviation": 5.684341886080802e-14
    },
    "ecSDI_I_coarse": {
        "average": 1553.0599999999986,
        "current size": 58,
        "first": 1553.06,
        "maximum": 1553.06,
        "minimum": 1553.06,
        "most_common": 1553.06,
        "num_of_zeros": 0,
        "standard_deviation": 1.3642420526593924e-12
    },
    "ecSDI_Set_Current": {
        "average": 1553.1900000000014,
        "current size": 58,
        "first": 1553.19,
        "maximum": 1553.19,
        "minimum": 1553.19,
        "most_common": 1553.19,
        "num_of_zeros": 0,
        "standard_deviation": 1.3642420526593924e-12
    },
    "ecSHB_I_coarse": {
        "average": 1621.846896551724,
        "current size": 58,
        "first": 1621.79,
        "maximum": 1621.94,
        "minimum": 1621.79,
        "most_common": 1621.79,
        "num_of_zeros": 0,
        "standard_deviation": 0.07278231351454562
    },
    "ecSHB_Set_Current": {
        "average": 1624.3699999999994,
        "current size": 58,
        "first": 1624.37,
        "maximum": 1624.37,
        "minimum": 1624.37,
        "most_common": 1624.37,
        "num_of_zeros": 0,
        "standard_deviation": 4.547473508864641e-13
    },
    "ecSQ1_I_coarse": {
        "average": 1022.4089655172428,
        "current size": 58,
        "first": 1022.41,
        "maximum": 1022.47,
        "minimum": 1022.35,
        "most_common": 1022.41,
        "num_of_zeros": 0,
        "standard_deviation": 0.013606496315133564
    },
    "ecSQ1_Set_Current": {
        "average": 1022.129999999999,
        "current size": 58,
        "first": 1022.13,
        "maximum": 1022.13,
        "minimum": 1022.13,
        "most_common": 1022.13,
        "num_of_zeros": 0,
        "standard_deviation": 1.0231815394945443e-12
    },
    "ecSQ2_I_coarse": {
        "average": 1715.7124137931019,
        "current size": 58,
        "first": 1715.7,
        "maximum": 1715.76,
        "minimum": 1715.7,
        "most_common": 1715.7,
        "num_of_zeros": 0,
        "standard_deviation": 0.024304841636813897
    },
    "ecSQ2_Set_Current": {
        "average": 1716.8500000000013,
        "current size": 58,
        "first": 1716.85,
        "maximum": 1716.85,
        "minimum": 1716.85,
        "most_common": 1716.85,
        "num_of_zeros": 0,
        "standard_deviation": 1.3642420526593924e-12
    },
    "ecSQ3_I_coarse": {
        "average": 1130.609310344827,
        "current size": 58,
        "first": 1130.63,
        "maximum": 1130.69,
        "minimum": 1130.57,
        "most_common": 1130.63,
        "num_of_zeros": 0,
        "standard_deviation": 0.03061789362824767
    },
    "ecSQ3_Set_Current": {
        "average": 1129.6699999999987,
        "current size": 58,
        "first": 1129.67,
        "maximum": 1129.67,
        "minimum": 1129.67,
        "most_common": 1129.67,
        "num_of_zeros": 0,
        "standard_deviation": 1.3642420526593924e-12
    },
    "hcBDSPOS": {
        "average": 9538140.0,
        "current size": 58,
        "first": 9538140.0,
        "maximum": 9538140.0,
        "minimum": 9538140.0,
        "most_common": 9538140.0,
        "num_of_zeros": 0,
        "standard_deviation": 0.0
    }
}
