{
    "RunNumber": "24299",
    "ecDI_B_Set_NMR": {
        "average": 0.41914,
        "current size": 29,
        "first": 0.41914,
        "maximum": 0.41914,
        "minimum": 0.41914,
        "most_common": 0.41914,
        "num_of_zeros": 0,
        "standard_deviation": 0.0
    },
    "ecDI_B_True_NMR": {
        "average": 0.4185168620689654,
        "current size": 29,
        "first": 0.418519,
        "maximum": 0.418519,
        "minimum": 0.418513,
        "most_common": 0.418517,
        "num_of_zeros": 0,
        "standard_deviation": 9.728783434177255e-07
    },
    "ecDI_I_coarse": {
        "average": 464.5905172413791,
        "current size": 29,
        "first": 464.597,
        "maximum": 464.597,
        "minimum": 464.55,
        "most_common": 464.55,
        "num_of_zeros": 0,
        "standard_deviation": 0.01620689655171332
    },
    "ecDI_Set_Current": {
        "average": 467.53700000000015,
        "current size": 29,
        "first": 467.537,
        "maximum": 467.537,
        "minimum": 467.537,
        "most_common": 467.537,
        "num_of_zeros": 0,
        "standard_deviation": 1.7053025658242404e-13
    },
    "ecQ1_I_coarse": {
        "average": 199.269827586207,
        "current size": 29,
        "first": 199.279,
        "maximum": 199.279,
        "minimum": 199.26,
        "most_common": 199.26,
        "num_of_zeros": 0,
        "standard_deviation": 0.00949435028198891
    },
    "ecQ1_Set_Current": {
        "average": 199.38000000000008,
        "current size": 29,
        "first": 199.38,
        "maximum": 199.38,
        "minimum": 199.38,
        "most_common": 199.38,
        "num_of_zeros": 0,
        "standard_deviation": 8.526512829121202e-14
    },
    "ecQ2_I_coarse": {
        "average": 158.32031034482753,
        "current size": 29,
        "first": 158.321,
        "maximum": 158.321,
        "minimum": 158.301,
        "most_common": 158.301,
        "num_of_zeros": 0,
        "standard_deviation": 0.003649312153194406
    },
    "ecQ2_Set_Current": {
        "average": 158.436,
        "current size": 29,
        "first": 158.436,
        "maximum": 158.436,
        "minimum": 158.436,
        "most_common": 158.436,
        "num_of_zeros": 0,
        "standard_deviation": 0.0
    },
    "ecQ3_I_coarse": {
        "average": 76.50403103448274,
        "current size": 29,
        "first": 76.4993,
        "maximum": 76.5189,
        "minimum": 76.4993,
        "most_common": 76.4993,
        "num_of_zeros": 0,
        "standard_deviation": 0.00838722770556493
    },
    "ecQ3_Set_Current": {
        "average": 76.96360000000003,
        "current size": 29,
        "first": 76.9636,
        "maximum": 76.9636,
        "minimum": 76.9636,
        "most_common": 76.9636,
        "num_of_zeros": 0,
        "standard_deviation": 2.842170943040401e-14
    },
    "ecSDI_I_coarse": {
        "average": 1553.0824137931031,
        "current size": 29,
        "first": 1553.06,
        "maximum": 1553.19,
        "minimum": 1553.06,
        "most_common": 1553.06,
        "num_of_zeros": 0,
        "standard_deviation": 0.04910616032809059
    },
    "ecSDI_Set_Current": {
        "average": 1158.8300000000008,
        "current size": 29,
        "first": 1158.83,
        "maximum": 1158.83,
        "minimum": 1158.83,
        "most_common": 1158.83,
        "num_of_zeros": 0,
        "standard_deviation": 9.094947017729282e-13
    },
    "ecSHB_I_coarse": {
        "average": 1203.5448275862066,
        "current size": 29,
        "first": 1203.55,
        "maximum": 1203.55,
        "minimum": 1203.4,
        "most_common": 1203.4,
        "num_of_zeros": 0,
        "standard_deviation": 0.02736984114891915
    },
    "ecSHB_Set_Current": {
        "average": 1205.4700000000005,
        "current size": 29,
        "first": 1205.47,
        "maximum": 1205.47,
        "minimum": 1205.47,
        "most_common": 1205.47,
        "num_of_zeros": 0,
        "standard_deviation": 4.547473508864641e-13
    },
    "ecSQ1_I_coarse": {
        "average": 762.8830000000004,
        "current size": 29,
        "first": 762.883,
        "maximum": 762.883,
        "minimum": 762.883,
        "most_common": 762.883,
        "num_of_zeros": 0,
        "standard_deviation": 3.410605131648481e-13
    },
    "ecSQ1_Set_Current": {
        "average": 762.6100000000004,
        "current size": 29,
        "first": 762.61,
        "maximum": 762.61,
        "minimum": 762.61,
        "most_common": 762.61,
        "num_of_zeros": 0,
        "standard_deviation": 3.410605131648481e-13
    },
    "ecSQ2_I_coarse": {
        "average": 1280.2203448275854,
        "current size": 29,
        "first": 1280.27,
        "maximum": 1280.27,
        "minimum": 1280.21,
        "most_common": 1280.21,
        "num_of_zeros": 0,
        "standard_deviation": 0.022664381689848332
    },
    "ecSQ2_Set_Current": {
        "average": 1280.9399999999998,
        "current size": 29,
        "first": 1280.94,
        "maximum": 1280.94,
        "minimum": 1280.94,
        "most_common": 1280.94,
        "num_of_zeros": 0,
        "standard_deviation": 2.2737367544323206e-13
    },
    "ecSQ3_I_coarse": {
        "average": 843.6458620689656,
        "current size": 29,
        "first": 843.648,
        "maximum": 843.648,
        "minimum": 843.586,
        "most_common": 843.586,
        "num_of_zeros": 0,
        "standard_deviation": 0.011312867674899028
    },
    "ecSQ3_Set_Current": {
        "average": 842.8460000000002,
        "current size": 29,
        "first": 842.846,
        "maximum": 842.846,
        "minimum": 842.846,
        "most_common": 842.846,
        "num_of_zeros": 0,
        "standard_deviation": 2.2737367544323206e-13
    },
    "hcBDSPOS": {
        "average": 24018300.0,
        "current size": 29,
        "first": 24018300.0,
        "maximum": 24018300.0,
        "minimum": 24018300.0,
        "most_common": 24018300.0,
        "num_of_zeros": 0,
        "standard_deviation": 0.0
    }
}
