{
    "RunNumber": "24101",
    "ecDI_B_Set_NMR": {
        "average": 0.4191399999999999,
        "current size": 45,
        "first": 0.41914,
        "maximum": 0.41914,
        "minimum": 0.41914,
        "most_common": 0.41914,
        "num_of_zeros": 0,
        "standard_deviation": 1.1102230246251565e-16
    },
    "ecDI_B_True_NMR": {
        "average": 1.055663333333333,
        "current size": 45,
        "first": 1.05565,
        "maximum": 1.05573,
        "minimum": 1.05561,
        "most_common": 1.05566,
        "num_of_zeros": 0,
        "standard_deviation": 3.204163957520826e-05
    },
    "ecDI_I_coarse": {
        "average": 464.6742888888889,
        "current size": 45,
        "first": 464.691,
        "maximum": 464.691,
        "minimum": 464.644,
        "most_common": 464.644,
        "num_of_zeros": 0,
        "standard_deviation": 0.02249802186090246
    },
    "ecDI_Set_Current": {
        "average": 467.5370000000002,
        "current size": 45,
        "first": 467.537,
        "maximum": 467.537,
        "minimum": 467.537,
        "most_common": 467.537,
        "num_of_zeros": 0,
        "standard_deviation": 2.2737367544323206e-13
    },
    "ecQ1_I_coarse": {
        "average": 199.26040000000015,
        "current size": 45,
        "first": 199.24,
        "maximum": 199.279,
        "minimum": 199.24,
        "most_common": 199.26,
        "num_of_zeros": 0,
        "standard_deviation": 0.004977281721313942
    },
    "ecQ1_Set_Current": {
        "average": 199.38,
        "current size": 45,
        "first": 199.38,
        "maximum": 199.38,
        "minimum": 199.38,
        "most_common": 199.38,
        "num_of_zeros": 0,
        "standard_deviation": 0.0
    },
    "ecQ2_I_coarse": {
        "average": 158.31477777777775,
        "current size": 45,
        "first": 158.301,
        "maximum": 158.321,
        "minimum": 158.301,
        "most_common": 158.301,
        "num_of_zeros": 0,
        "standard_deviation": 0.00925896295822681
    },
    "ecQ2_Set_Current": {
        "average": 158.4359999999999,
        "current size": 45,
        "first": 158.436,
        "maximum": 158.436,
        "minimum": 158.436,
        "most_common": 158.436,
        "num_of_zeros": 0,
        "standard_deviation": 1.1368683772161603e-13
    },
    "ecQ3_I_coarse": {
        "average": 76.50496222222219,
        "current size": 45,
        "first": 76.4993,
        "maximum": 76.5189,
        "minimum": 76.4993,
        "most_common": 76.4993,
        "num_of_zeros": 0,
        "standard_deviation": 0.008883625108124713
    },
    "ecQ3_Set_Current": {
        "average": 76.96360000000003,
        "current size": 45,
        "first": 76.9636,
        "maximum": 76.9636,
        "minimum": 76.9636,
        "most_common": 76.9636,
        "num_of_zeros": 0,
        "standard_deviation": 2.842170943040401e-14
    },
    "ecSDI_I_coarse": {
        "average": 1158.5428888888896,
        "current size": 45,
        "first": 1158.54,
        "maximum": 1158.67,
        "minimum": 1158.54,
        "most_common": 1158.54,
        "num_of_zeros": 0,
        "standard_deviation": 0.019162721010958384
    },
    "ecSDI_Set_Current": {
        "average": 1158.830000000001,
        "current size": 45,
        "first": 1158.83,
        "maximum": 1158.83,
        "minimum": 1158.83,
        "most_common": 1158.83,
        "num_of_zeros": 0,
        "standard_deviation": 1.1368683772161603e-12
    },
    "ecSHB_I_coarse": {
        "average": 1203.5100000000007,
        "current size": 45,
        "first": 1203.55,
        "maximum": 1203.55,
        "minimum": 1203.4,
        "most_common": 1203.4,
        "num_of_zeros": 0,
        "standard_deviation": 0.06633249580704768
    },
    "ecSHB_Set_Current": {
        "average": 1205.4700000000007,
        "current size": 45,
        "first": 1205.47,
        "maximum": 1205.47,
        "minimum": 1205.47,
        "most_common": 1205.47,
        "num_of_zeros": 0,
        "standard_deviation": 6.821210263296962e-13
    },
    "ecSQ1_I_coarse": {
        "average": 762.8568222222226,
        "current size": 45,
        "first": 762.821,
        "maximum": 762.883,
        "minimum": 762.821,
        "most_common": 762.821,
        "num_of_zeros": 0,
        "standard_deviation": 0.03062264150656935
    },
    "ecSQ1_Set_Current": {
        "average": 762.6100000000005,
        "current size": 45,
        "first": 762.61,
        "maximum": 762.61,
        "minimum": 762.61,
        "most_common": 762.61,
        "num_of_zeros": 0,
        "standard_deviation": 4.547473508864641e-13
    },
    "ecSQ2_I_coarse": {
        "average": 1280.2153333333326,
        "current size": 45,
        "first": 1280.21,
        "maximum": 1280.27,
        "minimum": 1280.21,
        "most_common": 1280.21,
        "num_of_zeros": 0,
        "standard_deviation": 0.017074997966472074
    },
    "ecSQ2_Set_Current": {
        "average": 1280.9400000000007,
        "current size": 45,
        "first": 1280.94,
        "maximum": 1280.94,
        "minimum": 1280.94,
        "most_common": 1280.94,
        "num_of_zeros": 0,
        "standard_deviation": 6.821210263296962e-13
    },
    "ecSQ3_I_coarse": {
        "average": 843.6232000000002,
        "current size": 45,
        "first": 843.648,
        "maximum": 843.648,
        "minimum": 843.586,
        "most_common": 843.586,
        "num_of_zeros": 0,
        "standard_deviation": 0.030373672810517203
    },
    "ecSQ3_Set_Current": {
        "average": 842.8460000000001,
        "current size": 45,
        "first": 842.846,
        "maximum": 842.846,
        "minimum": 842.846,
        "most_common": 842.846,
        "num_of_zeros": 0,
        "standard_deviation": 1.1368683772161603e-13
    },
    "hcBDSPOS": {
        "average": 31648900.0,
        "current size": 45,
        "first": 31648900.0,
        "maximum": 31648900.0,
        "minimum": 31648900.0,
        "most_common": 31648900.0,
        "num_of_zeros": 0,
        "standard_deviation": 0.0
    }
}
