{
    "RunNumber": "25344",
    "ecDI_B_Set_NMR": {
        "average": 0.9970569999999996,
        "current size": 53,
        "first": 0.997057,
        "maximum": 0.997057,
        "minimum": 0.997057,
        "most_common": 0.997057,
        "num_of_zeros": 0,
        "standard_deviation": 3.3306690738754696e-16
    },
    "ecDI_B_True_NMR": {
        "average": 0.9970197358490562,
        "current size": 53,
        "first": 0.997018,
        "maximum": 0.997022,
        "minimum": 0.997018,
        "most_common": 0.99702,
        "num_of_zeros": 0,
        "standard_deviation": 9.933921948228994e-07
    },
    "ecDI_I_coarse": {
        "average": 1112.8509433962256,
        "current size": 53,
        "first": 1112.85,
        "maximum": 1112.9,
        "minimum": 1112.85,
        "most_common": 1112.85,
        "num_of_zeros": 0,
        "standard_deviation": 0.006802926934862469
    },
    "ecDI_Set_Current": {
        "average": 1116.849999999999,
        "current size": 53,
        "first": 1116.85,
        "maximum": 1116.85,
        "minimum": 1116.85,
        "most_common": 1116.85,
        "num_of_zeros": 0,
        "standard_deviation": 9.094947017729282e-13
    },
    "ecQ1_I_coarse": {
        "average": 474.171566037736,
        "current size": 53,
        "first": 474.181,
        "maximum": 474.181,
        "minimum": 474.161,
        "most_common": 474.161,
        "num_of_zeros": 0,
        "standard_deviation": 0.009983967211555415
    },
    "ecQ1_Set_Current": {
        "average": 474.4799999999996,
        "current size": 53,
        "first": 474.48,
        "maximum": 474.48,
        "minimum": 474.48,
        "most_common": 474.48,
        "num_of_zeros": 0,
        "standard_deviation": 3.979039320256561e-13
    },
    "ecQ2_I_coarse": {
        "average": 377.19566037735825,
        "current size": 53,
        "first": 377.19,
        "maximum": 377.21,
        "minimum": 377.19,
        "most_common": 377.19,
        "num_of_zeros": 0,
        "standard_deviation": 0.009009310480228277
    },
    "ecQ2_Set_Current": {
        "average": 377.268,
        "current size": 53,
        "first": 377.268,
        "maximum": 377.268,
        "minimum": 377.268,
        "most_common": 377.268,
        "num_of_zeros": 0,
        "standard_deviation": 0.0
    },
    "ecQ3_I_coarse": {
        "average": 182.97803773584906,
        "current size": 53,
        "first": 182.972,
        "maximum": 182.992,
        "minimum": 182.972,
        "most_common": 182.972,
        "num_of_zeros": 0,
        "standard_deviation": 0.009181528347611604
    },
    "ecQ3_Set_Current": {
        "average": 183.44599999999994,
        "current size": 53,
        "first": 183.446,
        "maximum": 183.446,
        "minimum": 183.446,
        "most_common": 183.446,
        "num_of_zeros": 0,
        "standard_deviation": 5.684341886080802e-14
    },
    "ecSDI_I_coarse": {
        "average": 833.964,
        "current size": 53,
        "first": 833.964,
        "maximum": 833.964,
        "minimum": 833.964,
        "most_common": 833.964,
        "num_of_zeros": 0,
        "standard_deviation": 0.0
    },
    "ecSDI_Set_Current": {
        "average": 834.3430000000006,
        "current size": 53,
        "first": 834.343,
        "maximum": 834.343,
        "minimum": 834.343,
        "most_common": 834.343,
        "num_of_zeros": 0,
        "standard_deviation": 6.821210263296962e-13
    },
    "ecSHB_I_coarse": {
        "average": 863.8360000000005,
        "current size": 53,
        "first": 863.836,
        "maximum": 863.836,
        "minimum": 863.836,
        "most_common": 863.836,
        "num_of_zeros": 0,
        "standard_deviation": 4.547473508864641e-13
    },
    "ecSHB_Set_Current": {
        "average": 865.4680000000006,
        "current size": 53,
        "first": 865.468,
        "maximum": 865.468,
        "minimum": 865.468,
        "most_common": 865.468,
        "num_of_zeros": 0,
        "standard_deviation": 6.821210263296962e-13
    },
    "ecSQ1_I_coarse": {
        "average": 549.1995094339622,
        "current size": 53,
        "first": 549.196,
        "maximum": 549.258,
        "minimum": 549.196,
        "most_common": 549.196,
        "num_of_zeros": 0,
        "standard_deviation": 0.014327204155904346
    },
    "ecSQ1_Set_Current": {
        "average": 549.071,
        "current size": 53,
        "first": 549.071,
        "maximum": 549.071,
        "minimum": 549.071,
        "most_common": 549.071,
        "num_of_zeros": 0,
        "standard_deviation": 0.0
    },
    "ecSQ2_I_coarse": {
        "average": 921.9177547169816,
        "current size": 53,
        "first": 921.913,
        "maximum": 921.976,
        "minimum": 921.913,
        "most_common": 921.913,
        "num_of_zeros": 0,
        "standard_deviation": 0.016641509433959135
    },
    "ecSQ2_Set_Current": {
        "average": 922.2620000000005,
        "current size": 53,
        "first": 922.262,
        "maximum": 922.262,
        "minimum": 922.262,
        "most_common": 922.262,
        "num_of_zeros": 0,
        "standard_deviation": 5.684341886080801e-13
    },
    "ecSQ3_I_coarse": {
        "average": 607.3628301886798,
        "current size": 53,
        "first": 607.302,
        "maximum": 607.364,
        "minimum": 607.302,
        "most_common": 607.302,
        "num_of_zeros": 0,
        "standard_deviation": 0.008435629399200366
    },
    "ecSQ3_Set_Current": {
        "average": 606.84,
        "current size": 53,
        "first": 606.84,
        "maximum": 606.84,
        "minimum": 606.84,
        "most_common": 606.84,
        "num_of_zeros": 0,
        "standard_deviation": 0.0
    },
    "hcBDSPOS": {
        "average": 31648900.0,
        "current size": 53,
        "first": 31648900.0,
        "maximum": 31648900.0,
        "minimum": 31648900.0,
        "most_common": 31648900.0,
        "num_of_zeros": 0,
        "standard_deviation": 0.0
    }
}
