name,BDSpos,mass
LD2,31648860,2.014101778
LH2,24018268,1.007825032
Loop 3 20cm,15334338,4.002602
Dummy,9538099,26.981539
Optics1,8237619,12.0107
Optics2,7522355,12.0107
BeO,6175795,2
C,5460531,12.0107
HOLE,4745267,12.0107
Cu,4030003,63.546
Al,3314739,26.981539
Out of Beam,0.0,0.0
HOME,0.0,0.0